Tabela,Caminho,Campo,Tipo,Tamanho,Precisao,Obrigatoriedade,IndiceParadoxDetectado,PossivelChavePrimaria,PossivelChaveEstrangeira,NomeVisualCorrespondente,ModuloRelacionado,TelaRelacionada,EntidadeDominio,ClassificacaoCampo,Evidencia,NivelConfianca,Status
CadMatComp,ESC\FILIAL\CadMatComp.DB,MedAprov,System.Double,8,0,nao confirmado,.PX;.XG0;.YG0,nao confirmado,nao confirmado,MedAprov,Configuracao/Admin,nao confirmado,Configuracao/Admin,status,"confirmado por schema: coluna existente no dicionario Paradox | confirmado por schema: arquivos de indice .PX,.XG0,.YG0",alta,confirmado por schema
CadRes,ESC\FILIAL\CadRes.DB,SitRes2,System.String,2,0,nao confirmado,.PX,nao confirmado,nao confirmado,SitRes2,Configuracao/Admin,nao confirmado,Configuracao/Admin,status,confirmado por schema: coluna existente no dicionario Paradox | confirmado por schema: arquivos de indice .PX,alta,confirmado por schema
CadRes,ESC\FILIAL\CadRes.DB,SitRes,System.String,2,0,nao confirmado,.PX,nao confirmado,nao confirmado,SitRes,Configuracao/Admin,nao confirmado,Configuracao/Admin,status,confirmado por schema: coluna existente no dicionario Paradox | confirmado por schema: arquivos de indice .PX,alta,confirmado por schema
Legislacao,EST\DADOS\Legislacao.DB,SitTribA,System.String,2,0,nao confirmado,.PX;.XG0;.YG0,nao confirmado,nao confirmado,SitTribA,Nao classificado,nao confirmado,Nao classificado,status,"confirmado por schema: coluna existente no dicionario Paradox | confirmado por schema: arquivos de indice .PX,.XG0,.YG0",alta,confirmado por schema
Legislacao,EST\DADOS\Legislacao.DB,SitTribB,System.String,2,0,nao confirmado,.PX;.XG0;.YG0,nao confirmado,nao confirmado,SitTribB,Nao classificado,nao confirmado,Nao classificado,status,"confirmado por schema: coluna existente no dicionario Paradox | confirmado por schema: arquivos de indice .PX,.XG0,.YG0",alta,confirmado por schema
CliContEst,EST\FILIAL\CliContEst.DB,Status,System.String,2,0,nao confirmado,.PX;.XG0;.YG0,nao confirmado,nao confirmado,Status,Clientes,nao confirmado,Clientes,status,"confirmado por schema: coluna existente no dicionario Paradox | confirmado por schema: arquivos de indice .PX,.XG0,.YG0",alta,confirmado por schema
PedComItem,EST\FILIAL\PedComItem.DB,ObsItem,System.String,500,0,nao confirmado,.PX;.XG0;.XG1;.XG2;.YG0;.YG1;.YG2,nao confirmado,nao confirmado,ObsItem,Configuracao/Admin,nao confirmado,Configuracao/Admin,status,"confirmado por schema: coluna existente no dicionario Paradox | confirmado por schema: arquivos de indice .PX,.XG0,.XG1,.XG2,.YG0,.YG1",alta,confirmado por schema
PedComItem,EST\FILIAL\PedComItem.DB,SitTrib,System.String,10,0,nao confirmado,.PX;.XG0;.XG1;.XG2;.YG0;.YG1;.YG2,nao confirmado,nao confirmado,SitTrib,Configuracao/Admin,nao confirmado,Configuracao/Admin,status,"confirmado por schema: coluna existente no dicionario Paradox | confirmado por schema: arquivos de indice .PX,.XG0,.XG1,.XG2,.YG0,.YG1",alta,confirmado por schema
PedConfItem,EST\FILIAL\PedConfItem.DB,ObsItem,System.String,100,0,nao confirmado,.PX;.XG0;.YG0,nao confirmado,nao confirmado,ObsItem,Configuracao/Admin,nao confirmado,Configuracao/Admin,status,"confirmado por schema: coluna existente no dicionario Paradox | confirmado por schema: arquivos de indice .PX,.XG0,.YG0",alta,confirmado por schema
PedConfItem,EST\FILIAL\PedConfItem.DB,SitTrib,System.String,10,0,nao confirmado,.PX;.XG0;.YG0,nao confirmado,nao confirmado,SitTrib,Configuracao/Admin,nao confirmado,Configuracao/Admin,status,"confirmado por schema: coluna existente no dicionario Paradox | confirmado por schema: arquivos de indice .PX,.XG0,.YG0",alta,confirmado por schema
PedVenConfItem,EST\FILIAL\PedVenConfItem.DB,ObsItem,System.String,100,0,nao confirmado,.PX;.XG0;.YG0,nao confirmado,nao confirmado,ObsItem,Configuracao/Admin,nao confirmado,Configuracao/Admin,status,"confirmado por schema: coluna existente no dicionario Paradox | confirmado por schema: arquivos de indice .PX,.XG0,.YG0",alta,confirmado por schema
PedVenConfItem,EST\FILIAL\PedVenConfItem.DB,SitTrib,System.String,10,0,nao confirmado,.PX;.XG0;.YG0,nao confirmado,nao confirmado,SitTrib,Configuracao/Admin,nao confirmado,Configuracao/Admin,status,"confirmado por schema: coluna existente no dicionario Paradox | confirmado por schema: arquivos de indice .PX,.XG0,.YG0",alta,confirmado por schema
PedVenItem,EST\FILIAL\PedVenItem.DB,ObsItem,System.String,100,0,nao confirmado,.PX;.XG0;.XG1;.XG2;.YG0;.YG1;.YG2,nao confirmado,nao confirmado,ObsItem,Configuracao/Admin,nao confirmado,Configuracao/Admin,status,"confirmado por schema: coluna existente no dicionario Paradox | confirmado por schema: arquivos de indice .PX,.XG0,.XG1,.XG2,.YG0,.YG1",alta,confirmado por schema
PedVenItem,EST\FILIAL\PedVenItem.DB,SitTrib,System.String,10,0,nao confirmado,.PX;.XG0;.XG1;.XG2;.YG0;.YG1;.YG2,nao confirmado,nao confirmado,SitTrib,Configuracao/Admin,nao confirmado,Configuracao/Admin,status,"confirmado por schema: coluna existente no dicionario Paradox | confirmado por schema: arquivos de indice .PX,.XG0,.XG1,.XG2,.YG0,.YG1",alta,confirmado por schema
Clientes,Ger\Dados\Backup\Clientes.DB,Status,System.String,2,0,nao confirmado,.PX;.XG0;.XG1;.XG2;.XG3;.XG4;.XG5;.XG6;.XG7;.XG8;.XG9;.XGA;.YG0;.YG1;.YG2;.YG3;.YG4;.YG5;.YG6;.YG7;.YG8;.YG9;.YGA,nao confirmado,nao confirmado,Status,Clientes,nao confirmado,Clientes,status,"confirmado por schema: coluna existente no dicionario Paradox | confirmado por schema: arquivos de indice .PX,.XG0,.XG1,.XG2,.XG3,.XG4",alta,confirmado por schema
CadPacot,Ger\Dados\CadPacot.DB,Ativo,System.String,2,0,nao confirmado,.PX;.XG0;.YG0,nao confirmado,nao confirmado,Ativo,Nao classificado,nao confirmado,Nao classificado,status,"confirmado por schema: coluna existente no dicionario Paradox | confirmado por schema: arquivos de indice .PX,.XG0,.YG0",alta,confirmado por schema
CadProces,Ger\Dados\CadProces.DB,Status,System.String,2,0,nao confirmado,.PX;.XG0;.YG0,nao confirmado,nao confirmado,Status,Produtos/Servicos,nao confirmado,Produtos/Servicos,status,"confirmado por schema: coluna existente no dicionario Paradox | confirmado por schema: arquivos de indice .PX,.XG0,.YG0",alta,confirmado por schema
CadSit,Ger\Dados\CadSit.DB,GruSit,System.String,10,0,nao confirmado,.PX;.XG0;.YG0,nao confirmado,nao confirmado,GruSit,Nao classificado,nao confirmado,Nao classificado,status,"confirmado por schema: coluna existente no dicionario Paradox | confirmado por schema: arquivos de indice .PX,.XG0,.YG0",alta,confirmado por schema
CliComissao,Ger\Dados\CliComissao.DB,Status,System.String,2,0,nao confirmado,.PX;.XG0;.XG1;.XG2;.YG0;.YG1;.YG2,nao confirmado,nao confirmado,Status,Nao classificado,nao confirmado,Nao classificado,status,"confirmado por schema: coluna existente no dicionario Paradox | confirmado por schema: arquivos de indice .PX,.XG0,.XG1,.XG2,.YG0,.YG1",alta,confirmado por schema
Clientes,Ger\Dados\Clientes.DB,Status,System.String,2,0,nao confirmado,.PX;.XG0;.XG1;.XG2;.XG3;.XG4;.XG5;.XG6;.XG7;.XG8;.XG9;.XGA;.YG0;.YG1;.YG2;.YG3;.YG4;.YG5;.YG6;.YG7;.YG8;.YG9;.YGA,nao confirmado,nao confirmado,Status,Clientes,nao confirmado,Clientes,status,"confirmado por schema: coluna existente no dicionario Paradox | confirmado por schema: arquivos de indice .PX,.XG0,.XG1,.XG2,.XG3,.XG4",alta,confirmado por schema
Clientes-,Ger\Dados\Clientes-.DB,Status,System.String,2,0,nao confirmado,,nao confirmado,nao confirmado,Status,Clientes,nao confirmado,Clientes,status,confirmado por schema: coluna existente no dicionario Paradox,media,confirmado por schema
CompAutoPecas,Ger\Dados\CompAutoPecas.DB,Situacao,System.String,2,0,nao confirmado,.PX;.XG0;.YG0,possivel,nao confirmado,Situacao,Nao classificado,nao confirmado,Nao classificado,status,"confirmado por schema: coluna existente no dicionario Paradox | confirmado por schema: arquivos de indice .PX,.XG0,.YG0",alta,confirmado por schema
EncProg,Ger\Dados\EncProg.DB,Situacao,System.String,2,0,nao confirmado,.PX;.XG0;.XG1;.YG0;.YG1,nao confirmado,nao confirmado,Situacao,Nao classificado,nao confirmado,Nao classificado,status,"confirmado por schema: coluna existente no dicionario Paradox | confirmado por schema: arquivos de indice .PX,.XG0,.XG1,.YG0,.YG1",alta,confirmado por schema
Equipe,Ger\Dados\Equipe.DB,Posicao,System.String,10,0,nao confirmado,.PX,nao confirmado,nao confirmado,Posicao,Nao classificado,nao confirmado,Nao classificado,status,confirmado por schema: coluna existente no dicionario Paradox | confirmado por schema: arquivos de indice .PX,alta,confirmado por schema
Forneced,Ger\Dados\Forneced.DB,Site,System.String,200,0,nao confirmado,.PX;.XG0;.XG1;.XG2;.YG0;.YG1;.YG2,nao confirmado,nao confirmado,Site,Nao classificado,nao confirmado,Nao classificado,status,"confirmado por schema: coluna existente no dicionario Paradox | confirmado por schema: arquivos de indice .PX,.XG0,.XG1,.XG2,.YG0,.YG1",alta,confirmado por schema
FunCli,Ger\Dados\FunCli.DB,SitFun,System.String,2,0,nao confirmado,.PX;.XG0;.XG1;.XG2;.XG3;.XG4;.XG5;.YG0;.YG1;.YG2;.YG3;.YG4;.YG5,nao confirmado,nao confirmado,SitFun,Clientes,nao confirmado,Clientes,status,"confirmado por schema: coluna existente no dicionario Paradox | confirmado por schema: arquivos de indice .PX,.XG0,.XG1,.XG2,.XG3,.XG4",alta,confirmado por schema
FunCliRou,Ger\Dados\FunCliRou.DB,SitRoupa,System.String,2,0,nao confirmado,.PX;.XG0;.XG1;.XG2;.XG3;.YG0;.YG1;.YG2;.YG3,nao confirmado,nao confirmado,SitRoupa,Clientes,nao confirmado,Clientes,status,"confirmado por schema: coluna existente no dicionario Paradox | confirmado por schema: arquivos de indice .PX,.XG0,.XG1,.XG2,.XG3,.YG0",alta,confirmado por schema
FunCliRouM,Ger\Dados\FunCliRouM.DB,SitMan,System.String,2,0,nao confirmado,.PX;.XG0;.XG1;.XG2;.YG0;.YG1;.YG2,nao confirmado,nao confirmado,SitMan,Clientes,nao confirmado,Clientes,status,"confirmado por schema: coluna existente no dicionario Paradox | confirmado por schema: arquivos de indice .PX,.XG0,.XG1,.XG2,.YG0,.YG1",alta,confirmado por schema
Interessad,Ger\Dados\Interessad.DB,SiteInt,System.String,100,0,nao confirmado,.PX;.XG0;.XG1;.YG0;.YG1,nao confirmado,nao confirmado,SiteInt,Nao classificado,nao confirmado,Nao classificado,status,"confirmado por schema: coluna existente no dicionario Paradox | confirmado por schema: arquivos de indice .PX,.XG0,.XG1,.YG0,.YG1",alta,confirmado por schema
LigTel,Ger\Dados\LigTel.DB,Status,System.String,2,0,nao confirmado,.PX,nao confirmado,nao confirmado,Status,Nao classificado,nao confirmado,Nao classificado,status,confirmado por schema: coluna existente no dicionario Paradox | confirmado por schema: arquivos de indice .PX,alta,confirmado por schema
UsuaFil,Ger\Dados\UsuaFil.DB,Status,System.String,2,0,nao confirmado,.PX;.XG0;.XG1;.YG0;.YG1,nao confirmado,nao confirmado,Status,Usuarios/Permissoes,nao confirmado,Usuarios/Permissoes,status,"confirmado por schema: coluna existente no dicionario Paradox | confirmado por schema: arquivos de indice .PX,.XG0,.XG1,.YG0,.YG1",alta,confirmado por schema
UsuaGruInt,Ger\Dados\UsuaGruInt.DB,Sit,System.String,2,0,nao confirmado,.PX;.XG0;.XG1;.YG0;.YG1,nao confirmado,nao confirmado,Sit,Usuarios/Permissoes,nao confirmado,Usuarios/Permissoes,status,"confirmado por schema: coluna existente no dicionario Paradox | confirmado por schema: arquivos de indice .PX,.XG0,.XG1,.YG0,.YG1",alta,confirmado por schema
UsuaSis,Ger\Dados\UsuaSis.DB,Status,System.String,2,0,nao confirmado,.PX;.XG0;.XG1;.YG0;.YG1,nao confirmado,nao confirmado,Status,Usuarios/Permissoes,nao confirmado,Usuarios/Permissoes,status,"confirmado por schema: coluna existente no dicionario Paradox | confirmado por schema: arquivos de indice .PX,.XG0,.XG1,.YG0,.YG1",alta,confirmado por schema
EnvEmails,Ger\Filial\EnvEmails.DB,Status,System.String,2,0,nao confirmado,.PX;.XG0;.XG1;.YG0;.YG1,nao confirmado,nao confirmado,Status,Configuracao/Admin,nao confirmado,Configuracao/Admin,status,"confirmado por schema: coluna existente no dicionario Paradox | confirmado por schema: arquivos de indice .PX,.XG0,.XG1,.YG0,.YG1",alta,confirmado por schema
MensagensSMS,Ger\Filial\MensagensSMS.DB,Status,System.String,60,0,nao confirmado,.PX,nao confirmado,nao confirmado,Status,Configuracao/Admin,nao confirmado,Configuracao/Admin,status,confirmado por schema: coluna existente no dicionario Paradox | confirmado por schema: arquivos de indice .PX,alta,confirmado por schema
MovControle,Ger\Filial\MovControle.DB,Situacao,System.String,2,0,nao confirmado,.PX;.XG0;.XG1;.XG2;.YG0;.YG1;.YG2,nao confirmado,nao confirmado,Situacao,Movimentos/OS/ROL,nao confirmado,Movimentos/OS/ROL,status,"confirmado por schema: coluna existente no dicionario Paradox | confirmado por schema: arquivos de indice .PX,.XG0,.XG1,.XG2,.YG0,.YG1",alta,confirmado por schema
MovControle,Ger\Filial\MovControle.DB,HorAprov,System.DateTime,8,0,nao confirmado,.PX;.XG0;.XG1;.XG2;.YG0;.YG1;.YG2,nao confirmado,nao confirmado,HorAprov,Movimentos/OS/ROL,nao confirmado,Movimentos/OS/ROL,status,"confirmado por schema: coluna existente no dicionario Paradox | confirmado por schema: arquivos de indice .PX,.XG0,.XG1,.XG2,.YG0,.YG1",alta,confirmado por schema
MovControle,Ger\Filial\MovControle.DB,ObsAprov,System.String,400,0,nao confirmado,.PX;.XG0;.XG1;.XG2;.YG0;.YG1;.YG2,nao confirmado,nao confirmado,ObsAprov,Movimentos/OS/ROL,nao confirmado,Movimentos/OS/ROL,status,"confirmado por schema: coluna existente no dicionario Paradox | confirmado por schema: arquivos de indice .PX,.XG0,.XG1,.XG2,.YG0,.YG1",alta,confirmado por schema
MovControle,Ger\Filial\MovControle.DB,UsuAprov,System.String,20,0,nao confirmado,.PX;.XG0;.XG1;.XG2;.YG0;.YG1;.YG2,nao confirmado,nao confirmado,UsuAprov,Movimentos/OS/ROL,nao confirmado,Movimentos/OS/ROL,status,"confirmado por schema: coluna existente no dicionario Paradox | confirmado por schema: arquivos de indice .PX,.XG0,.XG1,.XG2,.YG0,.YG1",alta,confirmado por schema
MovControle,Ger\Filial\MovControle.DB,Status,System.String,60,0,nao confirmado,.PX;.XG0;.XG1;.XG2;.YG0;.YG1;.YG2,nao confirmado,nao confirmado,Status,Movimentos/OS/ROL,nao confirmado,Movimentos/OS/ROL,status,"confirmado por schema: coluna existente no dicionario Paradox | confirmado por schema: arquivos de indice .PX,.XG0,.XG1,.XG2,.YG0,.YG1",alta,confirmado por schema
MovControle,Ger\Filial\MovControle.DB,StatusInf,System.String,100,0,nao confirmado,.PX;.XG0;.XG1;.XG2;.YG0;.YG1;.YG2,nao confirmado,nao confirmado,StatusInf,Movimentos/OS/ROL,nao confirmado,Movimentos/OS/ROL,status,"confirmado por schema: coluna existente no dicionario Paradox | confirmado por schema: arquivos de indice .PX,.XG0,.XG1,.XG2,.YG0,.YG1",alta,confirmado por schema
MovControle,Ger\Filial\MovControle.DB,StatusAprovCom,System.String,60,0,nao confirmado,.PX;.XG0;.XG1;.XG2;.YG0;.YG1;.YG2,nao confirmado,nao confirmado,StatusAprovCom,Movimentos/OS/ROL,nao confirmado,Movimentos/OS/ROL,status,"confirmado por schema: coluna existente no dicionario Paradox | confirmado por schema: arquivos de indice .PX,.XG0,.XG1,.XG2,.YG0,.YG1",alta,confirmado por schema
MovControle,Ger\Filial\MovControle.DB,UsuAprovCom,System.String,20,0,nao confirmado,.PX;.XG0;.XG1;.XG2;.YG0;.YG1;.YG2,nao confirmado,nao confirmado,UsuAprovCom,Movimentos/OS/ROL,nao confirmado,Movimentos/OS/ROL,status,"confirmado por schema: coluna existente no dicionario Paradox | confirmado por schema: arquivos de indice .PX,.XG0,.XG1,.XG2,.YG0,.YG1",alta,confirmado por schema
MovControle,Ger\Filial\MovControle.DB,HorAprovCom,System.DateTime,8,0,nao confirmado,.PX;.XG0;.XG1;.XG2;.YG0;.YG1;.YG2,nao confirmado,nao confirmado,HorAprovCom,Movimentos/OS/ROL,nao confirmado,Movimentos/OS/ROL,status,"confirmado por schema: coluna existente no dicionario Paradox | confirmado por schema: arquivos de indice .PX,.XG0,.XG1,.XG2,.YG0,.YG1",alta,confirmado por schema
MovProc,Ger\Filial\MovProc.DB,Situacao,System.String,2,0,nao confirmado,.PX;.XG0;.XG1;.XG2;.YG0;.YG1;.YG2,nao confirmado,nao confirmado,Situacao,Movimentos/OS/ROL,nao confirmado,Movimentos/OS/ROL,status,"confirmado por schema: coluna existente no dicionario Paradox | confirmado por schema: arquivos de indice .PX,.XG0,.XG1,.XG2,.YG0,.YG1",alta,confirmado por schema
MovProcItem,Ger\Filial\MovProcItem.DB,Situacao,System.String,2,0,nao confirmado,.PX;.XG0;.XG1;.YG0;.YG1,nao confirmado,nao confirmado,Situacao,Movimentos/OS/ROL,nao confirmado,Movimentos/OS/ROL,status,"confirmado por schema: coluna existente no dicionario Paradox | confirmado por schema: arquivos de indice .PX,.XG0,.XG1,.YG0,.YG1",alta,confirmado por schema
CadRes,Importa\ESC\FILIAL\CadRes.DB,SitRes2,System.String,2,0,nao confirmado,.PX,nao confirmado,nao confirmado,SitRes2,Configuracao/Admin,nao confirmado,Configuracao/Admin,status,confirmado por schema: coluna existente no dicionario Paradox | confirmado por schema: arquivos de indice .PX,alta,confirmado por schema
CadRes,Importa\ESC\FILIAL\CadRes.DB,SitRes,System.String,2,0,nao confirmado,.PX,nao confirmado,nao confirmado,SitRes,Configuracao/Admin,nao confirmado,Configuracao/Admin,status,confirmado por schema: coluna existente no dicionario Paradox | confirmado por schema: arquivos de indice .PX,alta,confirmado por schema
CadQuinFat,Lav\Dados\CadQuinFat.DB,Status,System.String,2,0,nao confirmado,.PX,nao confirmado,nao confirmado,Status,Nao classificado,nao confirmado,Nao classificado,status,confirmado por schema: coluna existente no dicionario Paradox | confirmado por schema: arquivos de indice .PX,alta,confirmado por schema
CadLoc,Lav\FILIAL\CadLoc.DB,Bloqueia,System.String,2,0,nao confirmado,.PX;.XG0;.XG1;.XG2;.XG3;.XG4;.YG0;.YG1;.YG2;.YG3;.YG4,nao confirmado,nao confirmado,Bloqueia,Configuracao/Admin,nao confirmado,Configuracao/Admin,status,"confirmado por schema: coluna existente no dicionario Paradox | confirmado por schema: arquivos de indice .PX,.XG0,.XG1,.XG2,.XG3,.XG4",alta,confirmado por schema
CadLocPec,Lav\FILIAL\CadLocPec.DB,Situacao,System.String,2,0,nao confirmado,.PX;.XG0;.XG1;.XG2;.XG3;.XG4;.XG5;.XG6;.YG0;.YG1;.YG2;.YG3;.YG4;.YG5;.YG6,nao confirmado,nao confirmado,Situacao,Configuracao/Admin,nao confirmado,Configuracao/Admin,status,"confirmado por schema: coluna existente no dicionario Paradox | confirmado por schema: arquivos de indice .PX,.XG0,.XG1,.XG2,.XG3,.XG4",alta,confirmado por schema
CliCredito,Lav\FILIAL\CliCredito.DB,Sit,System.String,2,0,nao confirmado,.PX;.XG0;.XG1;.XG2;.XG3;.XG4;.XG5;.YG0;.YG1;.YG2;.YG3;.YG4;.YG5,nao confirmado,nao confirmado,Sit,Financeiro,nao confirmado,Financeiro,status,"confirmado por schema: coluna existente no dicionario Paradox | confirmado por schema: arquivos de indice .PX,.XG0,.XG1,.XG2,.XG3,.XG4",alta,confirmado por schema
Doacao,Lav\FILIAL\Doacao.DB,Status,System.String,2,0,nao confirmado,.PX;.XG0;.XG1;.XG2;.YG0;.YG1;.YG2,nao confirmado,nao confirmado,Status,Configuracao/Admin,nao confirmado,Configuracao/Admin,status,"confirmado por schema: coluna existente no dicionario Paradox | confirmado por schema: arquivos de indice .PX,.XG0,.XG1,.XG2,.YG0,.YG1",alta,confirmado por schema
MovCab,Lav\FILIAL\MovCab.DB,Posicao,System.String,2,0,nao confirmado,.PX;.XG0;.XG1;.XG2;.XG3;.XG4;.XG5;.XG6;.XG7;.XG8;.XG9;.XGA;.XGB;.XGC;.XGD;.YG0;.YG1;.YG2;.YG3;.YG4;.YG5;.YG6;.YG7;.YG8;.YG9;.YGA;.YGB;.YGC;.YGD,nao confirmado,nao confirmado,Posicao,Movimentos/OS/ROL,nao confirmado,Movimentos/OS/ROL,status,"confirmado por schema: coluna existente no dicionario Paradox | confirmado por schema: arquivos de indice .PX,.XG0,.XG1,.XG2,.XG3,.XG4",alta,confirmado por schema
MovCab,Lav\FILIAL\MovCab.DB,SitRol,System.String,2,0,nao confirmado,.PX;.XG0;.XG1;.XG2;.XG3;.XG4;.XG5;.XG6;.XG7;.XG8;.XG9;.XGA;.XGB;.XGC;.XGD;.YG0;.YG1;.YG2;.YG3;.YG4;.YG5;.YG6;.YG7;.YG8;.YG9;.YGA;.YGB;.YGC;.YGD,nao confirmado,possivel,ROL,Movimentos/OS/ROL,nao confirmado,Movimentos/OS/ROL,status,"confirmado por schema: coluna existente no dicionario Paradox | confirmado por schema: arquivos de indice .PX,.XG0,.XG1,.XG2,.XG3,.XG4",alta,confirmado por schema
MovCab,Lav\FILIAL\MovCab.DB,PosicaoAnt,System.String,2,0,nao confirmado,.PX;.XG0;.XG1;.XG2;.XG3;.XG4;.XG5;.XG6;.XG7;.XG8;.XG9;.XGA;.XGB;.XGC;.XGD;.YG0;.YG1;.YG2;.YG3;.YG4;.YG5;.YG6;.YG7;.YG8;.YG9;.YGA;.YGB;.YGC;.YGD,nao confirmado,nao confirmado,PosicaoAnt,Movimentos/OS/ROL,nao confirmado,Movimentos/OS/ROL,status,"confirmado por schema: coluna existente no dicionario Paradox | confirmado por schema: arquivos de indice .PX,.XG0,.XG1,.XG2,.XG3,.XG4",alta,confirmado por schema
MovDesc,Lav\FILIAL\MovDesc.DB,Status,System.String,2,0,nao confirmado,.PX;.XG0;.XG1;.YG0;.YG1,nao confirmado,nao confirmado,Status,Configuracao/Admin,nao confirmado,Configuracao/Admin,status,"confirmado por schema: coluna existente no dicionario Paradox | confirmado por schema: arquivos de indice .PX,.XG0,.XG1,.YG0,.YG1",alta,confirmado por schema
MovImportacao,Lav\FILIAL\MovImportacao.DB,Status,System.String,2,0,nao confirmado,.PX;.XG0;.XG1;.YG0;.YG1,nao confirmado,nao confirmado,Status,Configuracao/Admin,nao confirmado,Configuracao/Admin,status,"confirmado por schema: coluna existente no dicionario Paradox | confirmado por schema: arquivos de indice .PX,.XG0,.XG1,.YG0,.YG1",alta,confirmado por schema
MovItemPac,Lav\FILIAL\MovItemPac.DB,Status,System.String,2,0,nao confirmado,.PX;.XG0;.XG1;.YG0;.YG1,nao confirmado,nao confirmado,Status,Configuracao/Admin,nao confirmado,Configuracao/Admin,status,"confirmado por schema: coluna existente no dicionario Paradox | confirmado por schema: arquivos de indice .PX,.XG0,.XG1,.YG0,.YG1",alta,confirmado por schema
MovRetirada,Lav\FILIAL\MovRetirada.DB,Status,System.String,2,0,nao confirmado,.PX;.XG0;.XG1;.XG2;.XG3;.XG4;.XG5;.YG0;.YG1;.YG2;.YG3;.YG4;.YG5,nao confirmado,nao confirmado,Status,Configuracao/Admin,nao confirmado,Configuracao/Admin,status,"confirmado por schema: coluna existente no dicionario Paradox | confirmado por schema: arquivos de indice .PX,.XG0,.XG1,.XG2,.XG3,.XG4",alta,confirmado por schema
MovTerc,Lav\FILIAL\MovTerc.DB,Status,System.String,2,0,nao confirmado,.PX;.XG0;.XG1;.XG2;.XG3;.XG4;.YG0;.YG1;.YG2;.YG3;.YG4,nao confirmado,nao confirmado,Status,Configuracao/Admin,nao confirmado,Configuracao/Admin,status,"confirmado por schema: coluna existente no dicionario Paradox | confirmado por schema: arquivos de indice .PX,.XG0,.XG1,.XG2,.XG3,.XG4",alta,confirmado por schema
MovTercPec,Lav\FILIAL\MovTercPec.DB,Status,System.String,2,0,nao confirmado,.PX;.XG0;.YG0,nao confirmado,nao confirmado,Status,Configuracao/Admin,nao confirmado,Configuracao/Admin,status,"confirmado por schema: coluna existente no dicionario Paradox | confirmado por schema: arquivos de indice .PX,.XG0,.YG0",alta,confirmado por schema
NotFisE,Lav\FILIAL\NotFisE.DB,SitNota,System.String,2,0,nao confirmado,.PX;.XG0;.XG1;.YG0;.YG1,nao confirmado,nao confirmado,SitNota,Configuracao/Admin,nao confirmado,Configuracao/Admin,status,"confirmado por schema: coluna existente no dicionario Paradox | confirmado por schema: arquivos de indice .PX,.XG0,.XG1,.YG0,.YG1",alta,confirmado por schema
OrcCab,Lav\FILIAL\OrcCab.DB,Posicao,System.String,2,0,nao confirmado,.PX;.XG0;.XG1;.XG2;.XG3;.XG4;.XG5;.XG6;.XG7;.XG8;.XG9;.XGA;.YG0;.YG1;.YG2;.YG3;.YG4;.YG5;.YG6;.YG7;.YG8;.YG9;.YGA,nao confirmado,nao confirmado,Posicao,Movimentos/OS/ROL,nao confirmado,Movimentos/OS/ROL,status,"confirmado por schema: coluna existente no dicionario Paradox | confirmado por schema: arquivos de indice .PX,.XG0,.XG1,.XG2,.XG3,.XG4",alta,confirmado por schema
OrcCab,Lav\FILIAL\OrcCab.DB,SitRol,System.String,2,0,nao confirmado,.PX;.XG0;.XG1;.XG2;.XG3;.XG4;.XG5;.XG6;.XG7;.XG8;.XG9;.XGA;.YG0;.YG1;.YG2;.YG3;.YG4;.YG5;.YG6;.YG7;.YG8;.YG9;.YGA,nao confirmado,possivel,ROL,Movimentos/OS/ROL,nao confirmado,Movimentos/OS/ROL,status,"confirmado por schema: coluna existente no dicionario Paradox | confirmado por schema: arquivos de indice .PX,.XG0,.XG1,.XG2,.XG3,.XG4",alta,confirmado por schema
OrcCab,Lav\FILIAL\OrcCab.DB,PosicaoAnt,System.String,2,0,nao confirmado,.PX;.XG0;.XG1;.XG2;.XG3;.XG4;.XG5;.XG6;.XG7;.XG8;.XG9;.XGA;.YG0;.YG1;.YG2;.YG3;.YG4;.YG5;.YG6;.YG7;.YG8;.YG9;.YGA,nao confirmado,nao confirmado,PosicaoAnt,Movimentos/OS/ROL,nao confirmado,Movimentos/OS/ROL,status,"confirmado por schema: coluna existente no dicionario Paradox | confirmado por schema: arquivos de indice .PX,.XG0,.XG1,.XG2,.XG3,.XG4",alta,confirmado por schema
CompAutoPecas,MAN\DADOS\CompAutoPecas.DB,Situacao,System.String,2,0,nao confirmado,.PX;.XG0;.YG0,possivel,nao confirmado,Situacao,Nao classificado,nao confirmado,Nao classificado,status,"confirmado por schema: coluna existente no dicionario Paradox | confirmado por schema: arquivos de indice .PX,.XG0,.YG0",alta,confirmado por schema
MovEquip,MAN\DADOS\MovEquip.DB,Status,System.String,2,0,nao confirmado,.PX;.XG0;.XG1;.YG0;.YG1,nao confirmado,nao confirmado,Status,Nao classificado,nao confirmado,Nao classificado,status,"confirmado por schema: coluna existente no dicionario Paradox | confirmado por schema: arquivos de indice .PX,.XG0,.XG1,.YG0,.YG1",alta,confirmado por schema
PrevisaoPag,PAG\FILIAL\PrevisaoPag.DB,Status,System.String,2,0,nao confirmado,.PX;.XG0;.YG0,nao confirmado,nao confirmado,Status,Financeiro,nao confirmado,Financeiro,status,"confirmado por schema: coluna existente no dicionario Paradox | confirmado por schema: arquivos de indice .PX,.XG0,.YG0",alta,confirmado por schema
FunCli,PEC\DADOS\FunCli.DB,SitFun,System.String,2,0,nao confirmado,.PX;.XG0;.XG1;.XG2;.XG3;.XG4;.XG5;.YG0;.YG1;.YG2;.YG3;.YG4;.YG5,nao confirmado,nao confirmado,SitFun,Clientes,nao confirmado,Clientes,status,"confirmado por schema: coluna existente no dicionario Paradox | confirmado por schema: arquivos de indice .PX,.XG0,.XG1,.XG2,.XG3,.XG4",alta,confirmado por schema
FunCliRou,PEC\DADOS\FunCliRou.DB,SitRoupa,System.String,2,0,nao confirmado,.PX;.XG0;.XG1;.XG2;.XG3;.XG4;.YG0;.YG1;.YG2;.YG3;.YG4,nao confirmado,nao confirmado,SitRoupa,Clientes,nao confirmado,Clientes,status,"confirmado por schema: coluna existente no dicionario Paradox | confirmado por schema: arquivos de indice .PX,.XG0,.XG1,.XG2,.XG3,.XG4",alta,confirmado por schema
FunCliRouM,PEC\DADOS\FunCliRouM.DB,SitMan,System.String,2,0,nao confirmado,.PX;.XG0;.XG1;.XG2;.YG0;.YG1;.YG2,nao confirmado,nao confirmado,SitMan,Clientes,nao confirmado,Clientes,status,"confirmado por schema: coluna existente no dicionario Paradox | confirmado por schema: arquivos de indice .PX,.XG0,.XG1,.XG2,.YG0,.YG1",alta,confirmado por schema
AvisoRoupa,PEC\FILIAL\AvisoRoupa.DB,SitAviso,System.String,2,0,nao confirmado,.PX;.XG0;.XG1;.XG2;.YG0;.YG1;.YG2,nao confirmado,nao confirmado,SitAviso,Configuracao/Admin,nao confirmado,Configuracao/Admin,status,"confirmado por schema: coluna existente no dicionario Paradox | confirmado por schema: arquivos de indice .PX,.XG0,.XG1,.XG2,.YG0,.YG1",alta,confirmado por schema
MovRoupaLot,PEC\FILIAL\MovRoupaLot.DB,SitLot,System.String,2,0,nao confirmado,.PX;.XG0;.XG1;.XG2;.YG0;.YG1;.YG2,nao confirmado,nao confirmado,SitLot,Movimentos/OS/ROL,nao confirmado,Movimentos/OS/ROL,status,"confirmado por schema: coluna existente no dicionario Paradox | confirmado por schema: arquivos de indice .PX,.XG0,.XG1,.XG2,.YG0,.YG1",alta,confirmado por schema
DupBoleto,REC\FILIAL\DupBoleto.DB,Status,System.String,2,0,nao confirmado,.PX;.XG0;.XG1;.YG0;.YG1,nao confirmado,nao confirmado,Status,Financeiro,nao confirmado,Financeiro,status,"confirmado por schema: coluna existente no dicionario Paradox | confirmado por schema: arquivos de indice .PX,.XG0,.XG1,.YG0,.YG1",alta,confirmado por schema
DupIntTit,REC\FILIAL\DupIntTit.DB,Status,System.String,2,0,nao confirmado,.PX;.XG0;.XG1;.XG2;.YG0;.YG1;.YG2,nao confirmado,nao confirmado,Status,Configuracao/Admin,nao confirmado,Configuracao/Admin,status,"confirmado por schema: coluna existente no dicionario Paradox | confirmado por schema: arquivos de indice .PX,.XG0,.XG1,.XG2,.YG0,.YG1",alta,confirmado por schema
DupReaj,REC\FILIAL\DupReaj.DB,Status,System.String,2,0,nao confirmado,.PX;.XG0;.YG0,nao confirmado,nao confirmado,Status,Configuracao/Admin,nao confirmado,Configuracao/Admin,status,"confirmado por schema: coluna existente no dicionario Paradox | confirmado por schema: arquivos de indice .PX,.XG0,.YG0",alta,confirmado por schema
FatArq,REC\FILIAL\FatArq.DB,Status,System.String,2,0,nao confirmado,.PX;.XG0;.XG1;.YG0;.YG1,nao confirmado,nao confirmado,Status,Configuracao/Admin,nao confirmado,Configuracao/Admin,status,"confirmado por schema: coluna existente no dicionario Paradox | confirmado por schema: arquivos de indice .PX,.XG0,.XG1,.YG0,.YG1",alta,confirmado por schema
CadSatSit,SAT\DADOS\CadSatSit.DB,ObsSatSit,System.String,100,0,nao confirmado,.PX;.XG0;.YG0,nao confirmado,nao confirmado,ObsSatSit,Notas/Fiscal,nao confirmado,Notas/Fiscal,status,"confirmado por schema: coluna existente no dicionario Paradox | confirmado por schema: arquivos de indice .PX,.XG0,.YG0",alta,confirmado por schema
CadSatSit,SAT\DADOS\CadSatSit.DB,CorSatSit,System.Int32,4,0,nao confirmado,.PX;.XG0;.YG0,nao confirmado,nao confirmado,CorSatSit,Notas/Fiscal,nao confirmado,Notas/Fiscal,status,"confirmado por schema: coluna existente no dicionario Paradox | confirmado por schema: arquivos de indice .PX,.XG0,.YG0",alta,confirmado por schema
CadSatSit,SAT\DADOS\CadSatSit.DB,CorSatSitF,System.Int32,4,0,nao confirmado,.PX;.XG0;.YG0,nao confirmado,nao confirmado,CorSatSitF,Notas/Fiscal,nao confirmado,Notas/Fiscal,status,"confirmado por schema: coluna existente no dicionario Paradox | confirmado por schema: arquivos de indice .PX,.XG0,.YG0",alta,confirmado por schema
Alteracoes,SAT\FILIAL\Alteracoes.DB,Situacao,System.String,2,0,nao confirmado,.PX;.XG0;.YG0,nao confirmado,nao confirmado,Situacao,Notas/Fiscal,nao confirmado,Notas/Fiscal,status,"confirmado por schema: coluna existente no dicionario Paradox | confirmado por schema: arquivos de indice .PX,.XG0,.YG0",alta,confirmado por schema
Anotacoes,SAT\FILIAL\Anotacoes.DB,SitAnota,System.String,2,0,nao confirmado,.PX;.XG0;.XG1;.YG0;.YG1,nao confirmado,nao confirmado,SitAnota,Notas/Fiscal,nao confirmado,Notas/Fiscal,status,"confirmado por schema: coluna existente no dicionario Paradox | confirmado por schema: arquivos de indice .PX,.XG0,.XG1,.YG0,.YG1",alta,confirmado por schema
CadProjSat,SAT\FILIAL\CadProjSat.DB,SitProj,System.String,2,0,nao confirmado,.PX;.XG0;.YG0,nao confirmado,nao confirmado,SitProj,Produtos/Servicos,nao confirmado,Produtos/Servicos,status,"confirmado por schema: coluna existente no dicionario Paradox | confirmado por schema: arquivos de indice .PX,.XG0,.YG0",alta,confirmado por schema
MovProces,SAT\FILIAL\MovProces.DB,Situacao,System.String,2,0,nao confirmado,.PX;.XG0;.XG1;.XG2;.YG0;.YG1;.YG2,nao confirmado,nao confirmado,Situacao,Movimentos/OS/ROL,nao confirmado,Movimentos/OS/ROL,status,"confirmado por schema: coluna existente no dicionario Paradox | confirmado por schema: arquivos de indice .PX,.XG0,.XG1,.XG2,.YG0,.YG1",alta,confirmado por schema
MovProcesIt,SAT\FILIAL\MovProcesIt.DB,Situacao,System.String,2,0,nao confirmado,.PX;.XG0;.YG0,nao confirmado,nao confirmado,Situacao,Movimentos/OS/ROL,nao confirmado,Movimentos/OS/ROL,status,"confirmado por schema: coluna existente no dicionario Paradox | confirmado por schema: arquivos de indice .PX,.XG0,.YG0",alta,confirmado por schema
MovSatAle,SAT\FILIAL\MovSatAle.DB,SitAlerta,System.String,2,0,nao confirmado,.PX;.XG0;.XG1;.XG2;.YG0;.YG1;.YG2,nao confirmado,nao confirmado,SitAlerta,Notas/Fiscal,nao confirmado,Notas/Fiscal,status,"confirmado por schema: coluna existente no dicionario Paradox | confirmado por schema: arquivos de indice .PX,.XG0,.XG1,.XG2,.YG0,.YG1",alta,confirmado por schema
MovSatCliOcor,SAT\FILIAL\MovSatCliOcor.DB,SitOcor,System.String,2,0,nao confirmado,.PX;.XG0;.XG1;.YG0;.YG1,nao confirmado,nao confirmado,SitOcor,Notas/Fiscal,nao confirmado,Notas/Fiscal,status,"confirmado por schema: coluna existente no dicionario Paradox | confirmado por schema: arquivos de indice .PX,.XG0,.XG1,.YG0,.YG1",alta,confirmado por schema
MovSatCliOcor,SAT\FILIAL\MovSatCliOcor.DB,BloqVisual,System.String,2,0,nao confirmado,.PX;.XG0;.XG1;.YG0;.YG1,nao confirmado,nao confirmado,BloqVisual,Notas/Fiscal,nao confirmado,Notas/Fiscal,status,"confirmado por schema: coluna existente no dicionario Paradox | confirmado por schema: arquivos de indice .PX,.XG0,.XG1,.YG0,.YG1",alta,confirmado por schema
MovSatEmail,SAT\FILIAL\MovSatEmail.DB,Status,System.String,6,0,nao confirmado,.PX;.XG0;.XG1;.YG0;.YG1,nao confirmado,nao confirmado,Status,Notas/Fiscal,nao confirmado,Notas/Fiscal,status,"confirmado por schema: coluna existente no dicionario Paradox | confirmado por schema: arquivos de indice .PX,.XG0,.XG1,.YG0,.YG1",alta,confirmado por schema
MovSatForOcor,SAT\FILIAL\MovSatForOcor.DB,SitOcor,System.String,2,0,nao confirmado,.PX;.XG0;.XG1;.YG0;.YG1,nao confirmado,nao confirmado,SitOcor,Notas/Fiscal,nao confirmado,Notas/Fiscal,status,"confirmado por schema: coluna existente no dicionario Paradox | confirmado por schema: arquivos de indice .PX,.XG0,.XG1,.YG0,.YG1",alta,confirmado por schema
MovSatForOcor,SAT\FILIAL\MovSatForOcor.DB,BloqVisual,System.String,2,0,nao confirmado,.PX;.XG0;.XG1;.YG0;.YG1,nao confirmado,nao confirmado,BloqVisual,Notas/Fiscal,nao confirmado,Notas/Fiscal,status,"confirmado por schema: coluna existente no dicionario Paradox | confirmado por schema: arquivos de indice .PX,.XG0,.XG1,.YG0,.YG1",alta,confirmado por schema
MovSatIntOcor,SAT\FILIAL\MovSatIntOcor.DB,SitOcor,System.String,2,0,nao confirmado,.PX;.XG0;.XG1;.YG0;.YG1,nao confirmado,nao confirmado,SitOcor,Notas/Fiscal,nao confirmado,Notas/Fiscal,status,"confirmado por schema: coluna existente no dicionario Paradox | confirmado por schema: arquivos de indice .PX,.XG0,.XG1,.YG0,.YG1",alta,confirmado por schema
MovSatIntOcor,SAT\FILIAL\MovSatIntOcor.DB,BloqVisual,System.String,2,0,nao confirmado,.PX;.XG0;.XG1;.YG0;.YG1,nao confirmado,nao confirmado,BloqVisual,Notas/Fiscal,nao confirmado,Notas/Fiscal,status,"confirmado por schema: coluna existente no dicionario Paradox | confirmado por schema: arquivos de indice .PX,.XG0,.XG1,.YG0,.YG1",alta,confirmado por schema
SolAltSistTest,SAT\FILIAL\SolAltSistTest.DB,SitTeste,System.String,2,0,nao confirmado,.PX,nao confirmado,nao confirmado,SitTeste,Notas/Fiscal,nao confirmado,Notas/Fiscal,status,confirmado por schema: coluna existente no dicionario Paradox | confirmado por schema: arquivos de indice .PX,alta,confirmado por schema
MovTriCab,TRI\FILIAL\MovTriCab.DB,SitLot,System.String,2,0,nao confirmado,.PX;.XG0;.YG0,nao confirmado,nao confirmado,SitLot,Movimentos/OS/ROL,nao confirmado,Movimentos/OS/ROL,status,"confirmado por schema: coluna existente no dicionario Paradox | confirmado por schema: arquivos de indice .PX,.XG0,.YG0",alta,confirmado por schema
MovTriRolLot,TRI\FILIAL\MovTriRolLot.DB,SitLot,System.String,2,0,nao confirmado,.PX,nao confirmado,nao confirmado,SitLot,Movimentos/OS/ROL,nao confirmado,Movimentos/OS/ROL,status,confirmado por schema: coluna existente no dicionario Paradox | confirmado por schema: arquivos de indice .PX,alta,confirmado por schema
