"File","FileName","Extension","Machine","ImportedDll"
"D:\AtelieProd\Equipexe\Estruturas\LavFacilLan.exe","LavFacilLan.exe",".exe","0x014C","kernel32.dll"
"D:\AtelieProd\Equipexe\Estruturas\LavFacilLan.exe","LavFacilLan.exe",".exe","0x014C","user32.dll"
"D:\AtelieProd\Equipexe\Estruturas\LavFacilLan.exe","LavFacilLan.exe",".exe","0x014C","advapi32.dll"
"D:\AtelieProd\Equipexe\Estruturas\LavFacilLan.exe","LavFacilLan.exe",".exe","0x014C","oleaut32.dll"
"D:\AtelieProd\Equipexe\Estruturas\LavFacilLan.exe","LavFacilLan.exe",".exe","0x014C","kernel32.dll"
"D:\AtelieProd\Equipexe\Estruturas\LavFacilLan.exe","LavFacilLan.exe",".exe","0x014C","advapi32.dll"
"D:\AtelieProd\Equipexe\Estruturas\LavFacilLan.exe","LavFacilLan.exe",".exe","0x014C","kernel32.dll"
"D:\AtelieProd\Equipexe\Estruturas\LavFacilLan.exe","LavFacilLan.exe",".exe","0x014C","mpr.dll"
"D:\AtelieProd\Equipexe\Estruturas\LavFacilLan.exe","LavFacilLan.exe",".exe","0x014C","version.dll"
"D:\AtelieProd\Equipexe\Estruturas\LavFacilLan.exe","LavFacilLan.exe",".exe","0x014C","gdi32.dll"
"D:\AtelieProd\Equipexe\Estruturas\LavFacilLan.exe","LavFacilLan.exe",".exe","0x014C","user32.dll"
"D:\AtelieProd\Equipexe\Estruturas\LavFacilLan.exe","LavFacilLan.exe",".exe","0x014C","ole32.dll"
"D:\AtelieProd\Equipexe\Estruturas\LavFacilLan.exe","LavFacilLan.exe",".exe","0x014C","kernel32.dll"
"D:\AtelieProd\Equipexe\Estruturas\LavFacilLan.exe","LavFacilLan.exe",".exe","0x014C","oleaut32.dll"
"D:\AtelieProd\Equipexe\Estruturas\LavFacilLan.exe","LavFacilLan.exe",".exe","0x014C","ole32.dll"
"D:\AtelieProd\Equipexe\Estruturas\LavFacilLan.exe","LavFacilLan.exe",".exe","0x014C","oleaut32.dll"
"D:\AtelieProd\Equipexe\Estruturas\LavFacilLan.exe","LavFacilLan.exe",".exe","0x014C","comctl32.dll"
"D:\AtelieProd\Equipexe\Estruturas\LavFacilLan.exe","LavFacilLan.exe",".exe","0x014C","winspool.drv"
"D:\AtelieProd\Equipexe\Estruturas\LavFacilLan.exe","LavFacilLan.exe",".exe","0x014C","shell32.dll"
"D:\AtelieProd\Equipexe\Estruturas\LavFacilLan.exe","LavFacilLan.exe",".exe","0x014C","wininet.dll"
"D:\AtelieProd\Equipexe\Estruturas\LavFacilLan.exe","LavFacilLan.exe",".exe","0x014C","comdlg32.dll"
"D:\AtelieProd\Equipexe\Estruturas\LavFacilLan.exe","LavFacilLan.exe",".exe","0x014C","kernel32.dll"
"D:\AtelieProd\Equipexe\Estruturas\LavFacilLan.exe","LavFacilLan.exe",".exe","0x014C","winspool.drv"
"D:\AtelieProd\Equipexe\Estruturas\LavFacilLan.exe","LavFacilLan.exe",".exe","0x014C","winmm.dll"
"D:\AtelieProd\Equipexe\Estruturas\LavFacilLan.exe","LavFacilLan.exe",".exe","0x014C","user32.dll"
"D:\AtelieProd\Equipexe\Estruturas\LavFacilLan.exe","LavFacilLan.exe",".exe","0x014C","BEMAFI32.DLL"
"D:\AtelieProd\Equipexe\Estruturas\LavFacilLan.exe","LavFacilLan.exe",".exe","0x014C","Mp20fi32.dll"
"D:\AtelieProd\Equipexe\Estruturas\LavFacilLan.exe","LavFacilLan.exe",".exe","0x014C","general32.dll"
"D:\AtelieProd\Equipexe\Estruturas\LavFacilLan.exe","LavFacilLan.exe",".exe","0x014C","qtintf70.dll"
"D:\AtelieProd\Equipexe\Estruturas\LavFacilLan.exe","LavFacilLan.exe",".exe","0x014C","qtintf70.dll"
"D:\AtelieProd\Equipexe\Exe\Alerta.exe","Alerta.exe",".exe","0x014C","kernel32.dll"
"D:\AtelieProd\Equipexe\Exe\Alerta.exe","Alerta.exe",".exe","0x014C","user32.dll"
"D:\AtelieProd\Equipexe\Exe\Alerta.exe","Alerta.exe",".exe","0x014C","advapi32.dll"
"D:\AtelieProd\Equipexe\Exe\Alerta.exe","Alerta.exe",".exe","0x014C","oleaut32.dll"
"D:\AtelieProd\Equipexe\Exe\Alerta.exe","Alerta.exe",".exe","0x014C","kernel32.dll"
"D:\AtelieProd\Equipexe\Exe\Alerta.exe","Alerta.exe",".exe","0x014C","advapi32.dll"
"D:\AtelieProd\Equipexe\Exe\Alerta.exe","Alerta.exe",".exe","0x014C","kernel32.dll"
"D:\AtelieProd\Equipexe\Exe\Alerta.exe","Alerta.exe",".exe","0x014C","mpr.dll"
"D:\AtelieProd\Equipexe\Exe\Alerta.exe","Alerta.exe",".exe","0x014C","version.dll"
"D:\AtelieProd\Equipexe\Exe\Alerta.exe","Alerta.exe",".exe","0x014C","gdi32.dll"
"D:\AtelieProd\Equipexe\Exe\Alerta.exe","Alerta.exe",".exe","0x014C","user32.dll"
"D:\AtelieProd\Equipexe\Exe\Alerta.exe","Alerta.exe",".exe","0x014C","ole32.dll"
"D:\AtelieProd\Equipexe\Exe\Alerta.exe","Alerta.exe",".exe","0x014C","kernel32.dll"
"D:\AtelieProd\Equipexe\Exe\Alerta.exe","Alerta.exe",".exe","0x014C","oleaut32.dll"
"D:\AtelieProd\Equipexe\Exe\Alerta.exe","Alerta.exe",".exe","0x014C","ole32.dll"
"D:\AtelieProd\Equipexe\Exe\Alerta.exe","Alerta.exe",".exe","0x014C","oleaut32.dll"
"D:\AtelieProd\Equipexe\Exe\Alerta.exe","Alerta.exe",".exe","0x014C","comctl32.dll"
"D:\AtelieProd\Equipexe\Exe\Alerta.exe","Alerta.exe",".exe","0x014C","winspool.drv"
"D:\AtelieProd\Equipexe\Exe\Alerta.exe","Alerta.exe",".exe","0x014C","shell32.dll"
"D:\AtelieProd\Equipexe\Exe\Alerta.exe","Alerta.exe",".exe","0x014C","comdlg32.dll"
"D:\AtelieProd\Equipexe\Exe\Alerta.exe","Alerta.exe",".exe","0x014C","kernel32.dll"
"D:\AtelieProd\Equipexe\Exe\Alerta.exe","Alerta.exe",".exe","0x014C","winmm.dll"
"D:\AtelieProd\Equipexe\Exe\Anotacoes.exe","Anotacoes.exe",".exe","0x014C","kernel32.dll"
"D:\AtelieProd\Equipexe\Exe\Anotacoes.exe","Anotacoes.exe",".exe","0x014C","user32.dll"
"D:\AtelieProd\Equipexe\Exe\Anotacoes.exe","Anotacoes.exe",".exe","0x014C","advapi32.dll"
"D:\AtelieProd\Equipexe\Exe\Anotacoes.exe","Anotacoes.exe",".exe","0x014C","oleaut32.dll"
"D:\AtelieProd\Equipexe\Exe\Anotacoes.exe","Anotacoes.exe",".exe","0x014C","kernel32.dll"
"D:\AtelieProd\Equipexe\Exe\Anotacoes.exe","Anotacoes.exe",".exe","0x014C","advapi32.dll"
"D:\AtelieProd\Equipexe\Exe\Anotacoes.exe","Anotacoes.exe",".exe","0x014C","kernel32.dll"
"D:\AtelieProd\Equipexe\Exe\Anotacoes.exe","Anotacoes.exe",".exe","0x014C","version.dll"
"D:\AtelieProd\Equipexe\Exe\Anotacoes.exe","Anotacoes.exe",".exe","0x014C","gdi32.dll"
"D:\AtelieProd\Equipexe\Exe\Anotacoes.exe","Anotacoes.exe",".exe","0x014C","user32.dll"
"D:\AtelieProd\Equipexe\Exe\Anotacoes.exe","Anotacoes.exe",".exe","0x014C","kernel32.dll"
"D:\AtelieProd\Equipexe\Exe\Anotacoes.exe","Anotacoes.exe",".exe","0x014C","oleaut32.dll"
"D:\AtelieProd\Equipexe\Exe\Anotacoes.exe","Anotacoes.exe",".exe","0x014C","ole32.dll"
"D:\AtelieProd\Equipexe\Exe\Anotacoes.exe","Anotacoes.exe",".exe","0x014C","oleaut32.dll"
"D:\AtelieProd\Equipexe\Exe\Anotacoes.exe","Anotacoes.exe",".exe","0x014C","comctl32.dll"
"D:\AtelieProd\Equipexe\Exe\Anotacoes.exe","Anotacoes.exe",".exe","0x014C","winspool.drv"
"D:\AtelieProd\Equipexe\Exe\Anotacoes.exe","Anotacoes.exe",".exe","0x014C","comdlg32.dll"
"D:\AtelieProd\Equipexe\Exe\Anotacoes.exe","Anotacoes.exe",".exe","0x014C","kernel32.dll"
"D:\AtelieProd\Equipexe\Exe\Anotacoes.exe","Anotacoes.exe",".exe","0x014C","winmm.dll"
"D:\AtelieProd\Equipexe\Exe\AX6R32.DLL","AX6R32.DLL",".DLL","0x014C","KERNEL32.dll"
"D:\AtelieProd\Equipexe\Exe\AX6R32.DLL","AX6R32.DLL",".DLL","0x014C","USER32.dll"
"D:\AtelieProd\Equipexe\Exe\AX6R32.DLL","AX6R32.DLL",".DLL","0x014C","GDI32.dll"
"D:\AtelieProd\Equipexe\Exe\Backup.exe","Backup.exe",".exe","0x014C","kernel32.dll"
"D:\AtelieProd\Equipexe\Exe\Backup.exe","Backup.exe",".exe","0x014C","user32.dll"
"D:\AtelieProd\Equipexe\Exe\Backup.exe","Backup.exe",".exe","0x014C","advapi32.dll"
"D:\AtelieProd\Equipexe\Exe\Backup.exe","Backup.exe",".exe","0x014C","oleaut32.dll"
"D:\AtelieProd\Equipexe\Exe\Backup.exe","Backup.exe",".exe","0x014C","kernel32.dll"
"D:\AtelieProd\Equipexe\Exe\Backup.exe","Backup.exe",".exe","0x014C","advapi32.dll"
"D:\AtelieProd\Equipexe\Exe\Backup.exe","Backup.exe",".exe","0x014C","kernel32.dll"
"D:\AtelieProd\Equipexe\Exe\Backup.exe","Backup.exe",".exe","0x014C","version.dll"
"D:\AtelieProd\Equipexe\Exe\Backup.exe","Backup.exe",".exe","0x014C","gdi32.dll"
"D:\AtelieProd\Equipexe\Exe\Backup.exe","Backup.exe",".exe","0x014C","user32.dll"
"D:\AtelieProd\Equipexe\Exe\Backup.exe","Backup.exe",".exe","0x014C","kernel32.dll"
"D:\AtelieProd\Equipexe\Exe\Backup.exe","Backup.exe",".exe","0x014C","oleaut32.dll"
"D:\AtelieProd\Equipexe\Exe\Backup.exe","Backup.exe",".exe","0x014C","ole32.dll"
"D:\AtelieProd\Equipexe\Exe\Backup.exe","Backup.exe",".exe","0x014C","oleaut32.dll"
"D:\AtelieProd\Equipexe\Exe\Backup.exe","Backup.exe",".exe","0x014C","comctl32.dll"
"D:\AtelieProd\Equipexe\Exe\Backup.exe","Backup.exe",".exe","0x014C","shell32.dll"
"D:\AtelieProd\Equipexe\Exe\Backup.exe","Backup.exe",".exe","0x014C","shell32.dll"
"D:\AtelieProd\Equipexe\Exe\Backup.exe","Backup.exe",".exe","0x014C","comdlg32.dll"
"D:\AtelieProd\Equipexe\Exe\Backup.exe","Backup.exe",".exe","0x014C","kernel32.dll"
"D:\AtelieProd\Equipexe\Exe\BEMADP32.dll","BEMADP32.dll",".dll","0x014C","KERNEL32.dll"
"D:\AtelieProd\Equipexe\Exe\BemaFI32.dll","BemaFI32.dll",".dll","0x014C","KERNEL32.dll"
"D:\AtelieProd\Equipexe\Exe\BemaFI32.dll","BemaFI32.dll",".dll","0x014C","USER32.dll"
"D:\AtelieProd\Equipexe\Exe\BemaFI32.dll","BemaFI32.dll",".dll","0x014C","GDI32.dll"
"D:\AtelieProd\Equipexe\Exe\BemaFI32.dll","BemaFI32.dll",".dll","0x014C","VERSION.dll"
"D:\AtelieProd\Equipexe\Exe\BemaMFD.dll","BemaMFD.dll",".dll","0x014C","Ax6r32.dll"
"D:\AtelieProd\Equipexe\Exe\BemaMFD.dll","BemaMFD.dll",".dll","0x014C","KERNEL32.dll"
"D:\AtelieProd\Equipexe\Exe\BemaMFD.dll","BemaMFD.dll",".dll","0x014C","USER32.dll"
"D:\AtelieProd\Equipexe\Exe\BemaMFD.dll","BemaMFD.dll",".dll","0x014C","GDI32.dll"
"D:\AtelieProd\Equipexe\Exe\BemaMFD.dll","BemaMFD.dll",".dll","0x014C","comdlg32.dll"
"D:\AtelieProd\Equipexe\Exe\BemaMFD.dll","BemaMFD.dll",".dll","0x014C","WINSPOOL.DRV"
"D:\AtelieProd\Equipexe\Exe\BemaMFD.dll","BemaMFD.dll",".dll","0x014C","ADVAPI32.dll"
"D:\AtelieProd\Equipexe\Exe\BemaMFD.dll","BemaMFD.dll",".dll","0x014C","COMCTL32.dll"
"D:\AtelieProd\Equipexe\Exe\BemaMFD.dll","BemaMFD.dll",".dll","0x014C","ole32.dll"
"D:\AtelieProd\Equipexe\Exe\BemaMFD.dll","BemaMFD.dll",".dll","0x014C","OLEAUT32.dll"
"D:\AtelieProd\Equipexe\Exe\BemaMFD.dll","BemaMFD.dll",".dll","0x014C","VERSION.dll"
"D:\AtelieProd\Equipexe\Exe\BemaSAT32.dll","BemaSAT32.dll",".dll","0x014C","KERNEL32.dll"
"D:\AtelieProd\Equipexe\Exe\BemaSAT32.dll","BemaSAT32.dll",".dll","0x014C","ADVAPI32.dll"
"D:\AtelieProd\Equipexe\Exe\BemaSAT32.dll","BemaSAT32.dll",".dll","0x014C","VERSION.dll"
"D:\AtelieProd\Equipexe\Exe\BemaSAT64.dll","BemaSAT64.dll",".dll","0x8664","KERNEL32.dll"
"D:\AtelieProd\Equipexe\Exe\BemaSAT64.dll","BemaSAT64.dll",".dll","0x8664","ADVAPI32.dll"
"D:\AtelieProd\Equipexe\Exe\BemaSAT64.dll","BemaSAT64.dll",".dll","0x8664","VERSION.dll"
"D:\AtelieProd\Equipexe\Exe\borlndmm.dll","borlndmm.dll",".dll","0x014C","advapi32.dll"
"D:\AtelieProd\Equipexe\Exe\borlndmm.dll","borlndmm.dll",".dll","0x014C","user32.dll"
"D:\AtelieProd\Equipexe\Exe\borlndmm.dll","borlndmm.dll",".dll","0x014C","kernel32.dll"
"D:\AtelieProd\Equipexe\Exe\borlndmm.dll","borlndmm.dll",".dll","0x014C","kernel32.dll"
"D:\AtelieProd\Equipexe\Exe\borlndmm.dll","borlndmm.dll",".dll","0x014C","user32.dll"
"D:\AtelieProd\Equipexe\Exe\borlndmm.dll","borlndmm.dll",".dll","0x014C","kernel32.dll"
"D:\AtelieProd\Equipexe\Exe\borlndmm.dll","borlndmm.dll",".dll","0x014C","user32.dll"
"D:\AtelieProd\Equipexe\Exe\borlndmm.dll","borlndmm.dll",".dll","0x014C","kernel32.dll"
"D:\AtelieProd\Equipexe\Exe\CEP.exe","CEP.exe",".exe","0x014C","kernel32.dll"
"D:\AtelieProd\Equipexe\Exe\CEP.exe","CEP.exe",".exe","0x014C","user32.dll"
"D:\AtelieProd\Equipexe\Exe\CEP.exe","CEP.exe",".exe","0x014C","advapi32.dll"
"D:\AtelieProd\Equipexe\Exe\CEP.exe","CEP.exe",".exe","0x014C","oleaut32.dll"
"D:\AtelieProd\Equipexe\Exe\CEP.exe","CEP.exe",".exe","0x014C","kernel32.dll"
"D:\AtelieProd\Equipexe\Exe\CEP.exe","CEP.exe",".exe","0x014C","advapi32.dll"
"D:\AtelieProd\Equipexe\Exe\CEP.exe","CEP.exe",".exe","0x014C","kernel32.dll"
"D:\AtelieProd\Equipexe\Exe\CEP.exe","CEP.exe",".exe","0x014C","version.dll"
"D:\AtelieProd\Equipexe\Exe\CEP.exe","CEP.exe",".exe","0x014C","gdi32.dll"
"D:\AtelieProd\Equipexe\Exe\CEP.exe","CEP.exe",".exe","0x014C","user32.dll"
"D:\AtelieProd\Equipexe\Exe\CEP.exe","CEP.exe",".exe","0x014C","kernel32.dll"
"D:\AtelieProd\Equipexe\Exe\CEP.exe","CEP.exe",".exe","0x014C","oleaut32.dll"
"D:\AtelieProd\Equipexe\Exe\CEP.exe","CEP.exe",".exe","0x014C","ole32.dll"
"D:\AtelieProd\Equipexe\Exe\CEP.exe","CEP.exe",".exe","0x014C","oleaut32.dll"
"D:\AtelieProd\Equipexe\Exe\CEP.exe","CEP.exe",".exe","0x014C","comctl32.dll"
"D:\AtelieProd\Equipexe\Exe\CEP.exe","CEP.exe",".exe","0x014C","winspool.drv"
"D:\AtelieProd\Equipexe\Exe\CEP.exe","CEP.exe",".exe","0x014C","comdlg32.dll"
"D:\AtelieProd\Equipexe\Exe\CEP.exe","CEP.exe",".exe","0x014C","kernel32.dll"
"D:\AtelieProd\Equipexe\Exe\ChamaExcell.exe","ChamaExcell.exe",".exe","0x014C","kernel32.dll"
"D:\AtelieProd\Equipexe\Exe\ChamaExcell.exe","ChamaExcell.exe",".exe","0x014C","user32.dll"
"D:\AtelieProd\Equipexe\Exe\ChamaExcell.exe","ChamaExcell.exe",".exe","0x014C","advapi32.dll"
"D:\AtelieProd\Equipexe\Exe\ChamaExcell.exe","ChamaExcell.exe",".exe","0x014C","oleaut32.dll"
"D:\AtelieProd\Equipexe\Exe\ChamaExcell.exe","ChamaExcell.exe",".exe","0x014C","kernel32.dll"
"D:\AtelieProd\Equipexe\Exe\ChamaExcell.exe","ChamaExcell.exe",".exe","0x014C","advapi32.dll"
"D:\AtelieProd\Equipexe\Exe\ChamaExcell.exe","ChamaExcell.exe",".exe","0x014C","kernel32.dll"
"D:\AtelieProd\Equipexe\Exe\ChamaExcell.exe","ChamaExcell.exe",".exe","0x014C","version.dll"
"D:\AtelieProd\Equipexe\Exe\ChamaExcell.exe","ChamaExcell.exe",".exe","0x014C","gdi32.dll"
"D:\AtelieProd\Equipexe\Exe\ChamaExcell.exe","ChamaExcell.exe",".exe","0x014C","user32.dll"
"D:\AtelieProd\Equipexe\Exe\ChamaExcell.exe","ChamaExcell.exe",".exe","0x014C","kernel32.dll"
"D:\AtelieProd\Equipexe\Exe\ChamaExcell.exe","ChamaExcell.exe",".exe","0x014C","oleaut32.dll"
"D:\AtelieProd\Equipexe\Exe\ChamaExcell.exe","ChamaExcell.exe",".exe","0x014C","ole32.dll"
"D:\AtelieProd\Equipexe\Exe\ChamaExcell.exe","ChamaExcell.exe",".exe","0x014C","oleaut32.dll"
"D:\AtelieProd\Equipexe\Exe\ChamaExcell.exe","ChamaExcell.exe",".exe","0x014C","comctl32.dll"
"D:\AtelieProd\Equipexe\Exe\CobreBemX.dll","CobreBemX.dll",".dll","0x014C","kernel32.dll"
"D:\AtelieProd\Equipexe\Exe\CobreBemX.dll","CobreBemX.dll",".dll","0x014C","user32.dll"
"D:\AtelieProd\Equipexe\Exe\CobreBemX.dll","CobreBemX.dll",".dll","0x014C","advapi32.dll"
"D:\AtelieProd\Equipexe\Exe\CobreBemX.dll","CobreBemX.dll",".dll","0x014C","oleaut32.dll"
"D:\AtelieProd\Equipexe\Exe\CobreBemX.dll","CobreBemX.dll",".dll","0x014C","kernel32.dll"
"D:\AtelieProd\Equipexe\Exe\CobreBemX.dll","CobreBemX.dll",".dll","0x014C","advapi32.dll"
"D:\AtelieProd\Equipexe\Exe\CobreBemX.dll","CobreBemX.dll",".dll","0x014C","kernel32.dll"
"D:\AtelieProd\Equipexe\Exe\CobreBemX.dll","CobreBemX.dll",".dll","0x014C","version.dll"
"D:\AtelieProd\Equipexe\Exe\CobreBemX.dll","CobreBemX.dll",".dll","0x014C","gdi32.dll"
"D:\AtelieProd\Equipexe\Exe\CobreBemX.dll","CobreBemX.dll",".dll","0x014C","user32.dll"
"D:\AtelieProd\Equipexe\Exe\CobreBemX.dll","CobreBemX.dll",".dll","0x014C","ole32.dll"
"D:\AtelieProd\Equipexe\Exe\CobreBemX.dll","CobreBemX.dll",".dll","0x014C","oleaut32.dll"
"D:\AtelieProd\Equipexe\Exe\CobreBemX.dll","CobreBemX.dll",".dll","0x014C","ole32.dll"
"D:\AtelieProd\Equipexe\Exe\CobreBemX.dll","CobreBemX.dll",".dll","0x014C","kernel32.dll"
"D:\AtelieProd\Equipexe\Exe\CobreBemX.dll","CobreBemX.dll",".dll","0x014C","oleaut32.dll"
"D:\AtelieProd\Equipexe\Exe\CobreBemX.dll","CobreBemX.dll",".dll","0x014C","comctl32.dll"
"D:\AtelieProd\Equipexe\Exe\CobreBemX.dll","CobreBemX.dll",".dll","0x014C","winspool.drv"
"D:\AtelieProd\Equipexe\Exe\CobreBemX.dll","CobreBemX.dll",".dll","0x014C","comdlg32.dll"
"D:\AtelieProd\Equipexe\Exe\CobreBemX.dll","CobreBemX.dll",".dll","0x014C","winmm.dll"
"D:\AtelieProd\Equipexe\Exe\Conexao.exe","Conexao.exe",".exe","0x014C","kernel32.dll"
"D:\AtelieProd\Equipexe\Exe\Conexao.exe","Conexao.exe",".exe","0x014C","user32.dll"
"D:\AtelieProd\Equipexe\Exe\Conexao.exe","Conexao.exe",".exe","0x014C","advapi32.dll"
"D:\AtelieProd\Equipexe\Exe\Conexao.exe","Conexao.exe",".exe","0x014C","oleaut32.dll"
"D:\AtelieProd\Equipexe\Exe\Conexao.exe","Conexao.exe",".exe","0x014C","kernel32.dll"
"D:\AtelieProd\Equipexe\Exe\Conexao.exe","Conexao.exe",".exe","0x014C","advapi32.dll"
"D:\AtelieProd\Equipexe\Exe\Conexao.exe","Conexao.exe",".exe","0x014C","kernel32.dll"
"D:\AtelieProd\Equipexe\Exe\Conexao.exe","Conexao.exe",".exe","0x014C","version.dll"
"D:\AtelieProd\Equipexe\Exe\Conexao.exe","Conexao.exe",".exe","0x014C","gdi32.dll"
"D:\AtelieProd\Equipexe\Exe\Conexao.exe","Conexao.exe",".exe","0x014C","user32.dll"
"D:\AtelieProd\Equipexe\Exe\Conexao.exe","Conexao.exe",".exe","0x014C","kernel32.dll"
"D:\AtelieProd\Equipexe\Exe\Conexao.exe","Conexao.exe",".exe","0x014C","oleaut32.dll"
"D:\AtelieProd\Equipexe\Exe\Conexao.exe","Conexao.exe",".exe","0x014C","ole32.dll"
"D:\AtelieProd\Equipexe\Exe\Conexao.exe","Conexao.exe",".exe","0x014C","oleaut32.dll"
"D:\AtelieProd\Equipexe\Exe\Conexao.exe","Conexao.exe",".exe","0x014C","comctl32.dll"
"D:\AtelieProd\Equipexe\Exe\Conexoes.exe","Conexoes.exe",".exe","0x014C","kernel32.dll"
"D:\AtelieProd\Equipexe\Exe\Conexoes.exe","Conexoes.exe",".exe","0x014C","user32.dll"
"D:\AtelieProd\Equipexe\Exe\Conexoes.exe","Conexoes.exe",".exe","0x014C","advapi32.dll"
"D:\AtelieProd\Equipexe\Exe\Conexoes.exe","Conexoes.exe",".exe","0x014C","oleaut32.dll"
"D:\AtelieProd\Equipexe\Exe\Conexoes.exe","Conexoes.exe",".exe","0x014C","kernel32.dll"
"D:\AtelieProd\Equipexe\Exe\Conexoes.exe","Conexoes.exe",".exe","0x014C","advapi32.dll"
"D:\AtelieProd\Equipexe\Exe\Conexoes.exe","Conexoes.exe",".exe","0x014C","kernel32.dll"
"D:\AtelieProd\Equipexe\Exe\Conexoes.exe","Conexoes.exe",".exe","0x014C","mpr.dll"
"D:\AtelieProd\Equipexe\Exe\Conexoes.exe","Conexoes.exe",".exe","0x014C","version.dll"
"D:\AtelieProd\Equipexe\Exe\Conexoes.exe","Conexoes.exe",".exe","0x014C","gdi32.dll"
"D:\AtelieProd\Equipexe\Exe\Conexoes.exe","Conexoes.exe",".exe","0x014C","user32.dll"
"D:\AtelieProd\Equipexe\Exe\Conexoes.exe","Conexoes.exe",".exe","0x014C","kernel32.dll"
"D:\AtelieProd\Equipexe\Exe\Conexoes.exe","Conexoes.exe",".exe","0x014C","oleaut32.dll"
"D:\AtelieProd\Equipexe\Exe\Conexoes.exe","Conexoes.exe",".exe","0x014C","ole32.dll"
"D:\AtelieProd\Equipexe\Exe\Conexoes.exe","Conexoes.exe",".exe","0x014C","oleaut32.dll"
"D:\AtelieProd\Equipexe\Exe\Conexoes.exe","Conexoes.exe",".exe","0x014C","comctl32.dll"
"D:\AtelieProd\Equipexe\Exe\Conexoes.exe","Conexoes.exe",".exe","0x014C","comdlg32.dll"
"D:\AtelieProd\Equipexe\Exe\Conexoes.exe","Conexoes.exe",".exe","0x014C","wsock32.dll"
"D:\AtelieProd\Equipexe\Exe\ConfigXP2000.exe","ConfigXP2000.exe",".exe","0x014C","kernel32.dll"
"D:\AtelieProd\Equipexe\Exe\ConfigXP2000.exe","ConfigXP2000.exe",".exe","0x014C","user32.dll"
"D:\AtelieProd\Equipexe\Exe\ConfigXP2000.exe","ConfigXP2000.exe",".exe","0x014C","advapi32.dll"
"D:\AtelieProd\Equipexe\Exe\ConfigXP2000.exe","ConfigXP2000.exe",".exe","0x014C","oleaut32.dll"
"D:\AtelieProd\Equipexe\Exe\ConfigXP2000.exe","ConfigXP2000.exe",".exe","0x014C","kernel32.dll"
"D:\AtelieProd\Equipexe\Exe\ConfigXP2000.exe","ConfigXP2000.exe",".exe","0x014C","advapi32.dll"
"D:\AtelieProd\Equipexe\Exe\ConfigXP2000.exe","ConfigXP2000.exe",".exe","0x014C","kernel32.dll"
"D:\AtelieProd\Equipexe\Exe\ConfigXP2000.exe","ConfigXP2000.exe",".exe","0x014C","version.dll"
"D:\AtelieProd\Equipexe\Exe\ConfigXP2000.exe","ConfigXP2000.exe",".exe","0x014C","gdi32.dll"
"D:\AtelieProd\Equipexe\Exe\ConfigXP2000.exe","ConfigXP2000.exe",".exe","0x014C","user32.dll"
"D:\AtelieProd\Equipexe\Exe\ConfigXP2000.exe","ConfigXP2000.exe",".exe","0x014C","kernel32.dll"
"D:\AtelieProd\Equipexe\Exe\ConfigXP2000.exe","ConfigXP2000.exe",".exe","0x014C","oleaut32.dll"
"D:\AtelieProd\Equipexe\Exe\ConfigXP2000.exe","ConfigXP2000.exe",".exe","0x014C","ole32.dll"
"D:\AtelieProd\Equipexe\Exe\ConfigXP2000.exe","ConfigXP2000.exe",".exe","0x014C","oleaut32.dll"
"D:\AtelieProd\Equipexe\Exe\ConfigXP2000.exe","ConfigXP2000.exe",".exe","0x014C","comctl32.dll"
"D:\AtelieProd\Equipexe\Exe\ConfigXP2000.exe","ConfigXP2000.exe",".exe","0x014C","shell32.dll"
"D:\AtelieProd\Equipexe\Exe\ConnectionODBC.exe","ConnectionODBC.exe",".exe","0x014C","kernel32.dll"
"D:\AtelieProd\Equipexe\Exe\ConnectionODBC.exe","ConnectionODBC.exe",".exe","0x014C","user32.dll"
"D:\AtelieProd\Equipexe\Exe\ConnectionODBC.exe","ConnectionODBC.exe",".exe","0x014C","advapi32.dll"
"D:\AtelieProd\Equipexe\Exe\ConnectionODBC.exe","ConnectionODBC.exe",".exe","0x014C","oleaut32.dll"
"D:\AtelieProd\Equipexe\Exe\ConnectionODBC.exe","ConnectionODBC.exe",".exe","0x014C","kernel32.dll"
"D:\AtelieProd\Equipexe\Exe\ConnectionODBC.exe","ConnectionODBC.exe",".exe","0x014C","advapi32.dll"
"D:\AtelieProd\Equipexe\Exe\ConnectionODBC.exe","ConnectionODBC.exe",".exe","0x014C","kernel32.dll"
"D:\AtelieProd\Equipexe\Exe\ConnectionODBC.exe","ConnectionODBC.exe",".exe","0x014C","version.dll"
"D:\AtelieProd\Equipexe\Exe\ConnectionODBC.exe","ConnectionODBC.exe",".exe","0x014C","gdi32.dll"
"D:\AtelieProd\Equipexe\Exe\ConnectionODBC.exe","ConnectionODBC.exe",".exe","0x014C","user32.dll"
"D:\AtelieProd\Equipexe\Exe\ConnectionODBC.exe","ConnectionODBC.exe",".exe","0x014C","kernel32.dll"
"D:\AtelieProd\Equipexe\Exe\ConnectionODBC.exe","ConnectionODBC.exe",".exe","0x014C","oleaut32.dll"
"D:\AtelieProd\Equipexe\Exe\ConnectionODBC.exe","ConnectionODBC.exe",".exe","0x014C","ole32.dll"
"D:\AtelieProd\Equipexe\Exe\ConnectionODBC.exe","ConnectionODBC.exe",".exe","0x014C","oleaut32.dll"
"D:\AtelieProd\Equipexe\Exe\ConnectionODBC.exe","ConnectionODBC.exe",".exe","0x014C","comctl32.dll"
"D:\AtelieProd\Equipexe\Exe\ConnectionODBC.exe","ConnectionODBC.exe",".exe","0x014C","kernel32.dll"
"D:\AtelieProd\Equipexe\Exe\ConvBDEquipe.exe","ConvBDEquipe.exe",".exe","0x014C","kernel32.dll"
"D:\AtelieProd\Equipexe\Exe\ConvBDEquipe.exe","ConvBDEquipe.exe",".exe","0x014C","user32.dll"
"D:\AtelieProd\Equipexe\Exe\ConvBDEquipe.exe","ConvBDEquipe.exe",".exe","0x014C","advapi32.dll"
"D:\AtelieProd\Equipexe\Exe\ConvBDEquipe.exe","ConvBDEquipe.exe",".exe","0x014C","oleaut32.dll"
"D:\AtelieProd\Equipexe\Exe\ConvBDEquipe.exe","ConvBDEquipe.exe",".exe","0x014C","kernel32.dll"
"D:\AtelieProd\Equipexe\Exe\ConvBDEquipe.exe","ConvBDEquipe.exe",".exe","0x014C","advapi32.dll"
"D:\AtelieProd\Equipexe\Exe\ConvBDEquipe.exe","ConvBDEquipe.exe",".exe","0x014C","kernel32.dll"
"D:\AtelieProd\Equipexe\Exe\ConvBDEquipe.exe","ConvBDEquipe.exe",".exe","0x014C","version.dll"
"D:\AtelieProd\Equipexe\Exe\ConvBDEquipe.exe","ConvBDEquipe.exe",".exe","0x014C","gdi32.dll"
"D:\AtelieProd\Equipexe\Exe\ConvBDEquipe.exe","ConvBDEquipe.exe",".exe","0x014C","user32.dll"
"D:\AtelieProd\Equipexe\Exe\ConvBDEquipe.exe","ConvBDEquipe.exe",".exe","0x014C","ole32.dll"
"D:\AtelieProd\Equipexe\Exe\ConvBDEquipe.exe","ConvBDEquipe.exe",".exe","0x014C","kernel32.dll"
"D:\AtelieProd\Equipexe\Exe\ConvBDEquipe.exe","ConvBDEquipe.exe",".exe","0x014C","oleaut32.dll"
"D:\AtelieProd\Equipexe\Exe\ConvBDEquipe.exe","ConvBDEquipe.exe",".exe","0x014C","ole32.dll"
"D:\AtelieProd\Equipexe\Exe\ConvBDEquipe.exe","ConvBDEquipe.exe",".exe","0x014C","oleaut32.dll"
"D:\AtelieProd\Equipexe\Exe\ConvBDEquipe.exe","ConvBDEquipe.exe",".exe","0x014C","comctl32.dll"
"D:\AtelieProd\Equipexe\Exe\ConvBDEquipe.exe","ConvBDEquipe.exe",".exe","0x014C","kernel32.dll"
"D:\AtelieProd\Equipexe\Exe\Cw3220.dll","Cw3220.dll",".dll","0x014C","KERNEL32.dll"
"D:\AtelieProd\Equipexe\Exe\Cw3220.dll","Cw3220.dll",".dll","0x014C","USER32.dll"
"D:\AtelieProd\Equipexe\Exe\DAO350.DLL","DAO350.DLL",".DLL","0x014C","MSVCRT40.dll"
"D:\AtelieProd\Equipexe\Exe\DAO350.DLL","DAO350.DLL",".DLL","0x014C","KERNEL32.dll"
"D:\AtelieProd\Equipexe\Exe\DAO350.DLL","DAO350.DLL",".DLL","0x014C","USER32.dll"
"D:\AtelieProd\Equipexe\Exe\DAO350.DLL","DAO350.DLL",".DLL","0x014C","ADVAPI32.dll"
"D:\AtelieProd\Equipexe\Exe\DAO350.DLL","DAO350.DLL",".DLL","0x014C","OLEAUT32.dll"
"D:\AtelieProd\Equipexe\Exe\DAO350.DLL","DAO350.DLL",".DLL","0x014C","ole32.dll"
"D:\AtelieProd\Equipexe\Exe\Daruma32_Ant.dll","Daruma32_Ant.dll",".dll","0x014C","KERNEL32.dll"
"D:\AtelieProd\Equipexe\Exe\Daruma32_Ant.dll","Daruma32_Ant.dll",".dll","0x014C","USER32.dll"
"D:\AtelieProd\Equipexe\Exe\Daruma32_Ant.dll","Daruma32_Ant.dll",".dll","0x014C","ADVAPI32.dll"
"D:\AtelieProd\Equipexe\Exe\Daruma32_Ant.dll","Daruma32_Ant.dll",".dll","0x014C","ole32.dll"
"D:\AtelieProd\Equipexe\Exe\Daruma32_Ant.dll","Daruma32_Ant.dll",".dll","0x014C","OLEAUT32.dll"
"D:\AtelieProd\Equipexe\Exe\Daruma32_Ant.dll","Daruma32_Ant.dll",".dll","0x014C","urlmon.dll"
"D:\AtelieProd\Equipexe\Exe\Daruma32.dll","Daruma32.dll",".dll","0x014C","urlmon.dll"
"D:\AtelieProd\Equipexe\Exe\Daruma32.dll","Daruma32.dll",".dll","0x014C","VERSION.dll"
"D:\AtelieProd\Equipexe\Exe\Daruma32.dll","Daruma32.dll",".dll","0x014C","KERNEL32.dll"
"D:\AtelieProd\Equipexe\Exe\Daruma32.dll","Daruma32.dll",".dll","0x014C","USER32.dll"
"D:\AtelieProd\Equipexe\Exe\Daruma32.dll","Daruma32.dll",".dll","0x014C","ADVAPI32.dll"
"D:\AtelieProd\Equipexe\Exe\Daruma32.dll","Daruma32.dll",".dll","0x014C","ole32.dll"
"D:\AtelieProd\Equipexe\Exe\Daruma32.dll","Daruma32.dll",".dll","0x014C","OLEAUT32.dll"
"D:\AtelieProd\Equipexe\Exe\dbcoed32.dll","dbcoed32.dll",".dll","0x014C","KERNEL32.DLL"
"D:\AtelieProd\Equipexe\Exe\dbcoed32.dll","dbcoed32.dll",".dll","0x014C","ADVAPI32.DLL"
"D:\AtelieProd\Equipexe\Exe\dbcoed32.dll","dbcoed32.dll",".dll","0x014C","USER32.DLL"
"D:\AtelieProd\Equipexe\Exe\dbd32.exe","dbd32.exe",".exe","0x014C","KERNEL32.dll"
"D:\AtelieProd\Equipexe\Exe\dbd32.exe","dbd32.exe",".exe","0x014C","USER32.dll"
"D:\AtelieProd\Equipexe\Exe\dbd32.exe","dbd32.exe",".exe","0x014C","ADVAPI32.dll"
"D:\AtelieProd\Equipexe\Exe\dbd32.exe","dbd32.exe",".exe","0x014C","DBSRV32.dll"
"D:\AtelieProd\Equipexe\Exe\dbd32.exe","dbd32.exe",".exe","0x014C","SHELL32.DLL"
"D:\AtelieProd\Equipexe\Exe\dbd32.exe","dbd32.exe",".exe","0x014C","GDI32.dll"
"D:\AtelieProd\Equipexe\Exe\dbd32.exe","dbd32.exe",".exe","0x014C","COMCTL32.DLL"
"D:\AtelieProd\Equipexe\Exe\dbd32.exe","dbd32.exe",".exe","0x014C","COMDLG32.dll"
"D:\AtelieProd\Equipexe\Exe\dbd32.exe","dbd32.exe",".exe","0x014C","OLEAUT32.dll"
"D:\AtelieProd\Equipexe\Exe\dbd32.exe","dbd32.exe",".exe","0x014C","OLE32.dll"
"D:\AtelieProd\Equipexe\Exe\dbdcrt32.dll","dbdcrt32.dll",".dll","0x014C","KERNEL32.dll"
"D:\AtelieProd\Equipexe\Exe\dbdcrt32.dll","dbdcrt32.dll",".dll","0x014C","USER32.dll"
"D:\AtelieProd\Equipexe\Exe\dbdcrt32.dll","dbdcrt32.dll",".dll","0x014C","DBSRV32.dll"
"D:\AtelieProd\Equipexe\Exe\dbdcrt32.dll","dbdcrt32.dll",".dll","0x014C","GDI32.dll"
"D:\AtelieProd\Equipexe\Exe\dbdcrt32.dll","dbdcrt32.dll",".dll","0x014C","DBDVW32.dll"
"D:\AtelieProd\Equipexe\Exe\dbdcrt32.dll","dbdcrt32.dll",".dll","0x014C","ADVAPI32.dll"
"D:\AtelieProd\Equipexe\Exe\dbdide32.dll","dbdide32.dll",".dll","0x014C","KERNEL32.dll"
"D:\AtelieProd\Equipexe\Exe\dbdide32.dll","dbdide32.dll",".dll","0x014C","USER32.dll"
"D:\AtelieProd\Equipexe\Exe\dbdide32.dll","dbdide32.dll",".dll","0x014C","DBSRV32.dll"
"D:\AtelieProd\Equipexe\Exe\dbdide32.dll","dbdide32.dll",".dll","0x014C","GDI32.dll"
"D:\AtelieProd\Equipexe\Exe\dbdide32.dll","dbdide32.dll",".dll","0x014C","COMDLG32.dll"
"D:\AtelieProd\Equipexe\Exe\dbdide32.dll","dbdide32.dll",".dll","0x014C","COMCTL32.DLL"
"D:\AtelieProd\Equipexe\Exe\dbdide32.dll","dbdide32.dll",".dll","0x014C","DBDSQL32.dll"
"D:\AtelieProd\Equipexe\Exe\dbdide32.dll","dbdide32.dll",".dll","0x014C","DBDQBE32.dll"
"D:\AtelieProd\Equipexe\Exe\dbdide32.dll","dbdide32.dll",".dll","0x014C","ADVAPI32.dll"
"D:\AtelieProd\Equipexe\Exe\dbdqbe32.dll","dbdqbe32.dll",".dll","0x014C","KERNEL32.dll"
"D:\AtelieProd\Equipexe\Exe\dbdqbe32.dll","dbdqbe32.dll",".dll","0x014C","USER32.dll"
"D:\AtelieProd\Equipexe\Exe\dbdqbe32.dll","dbdqbe32.dll",".dll","0x014C","DBSRV32.dll"
"D:\AtelieProd\Equipexe\Exe\dbdqbe32.dll","dbdqbe32.dll",".dll","0x014C","DBDVW32.dll"
"D:\AtelieProd\Equipexe\Exe\dbdqbe32.dll","dbdqbe32.dll",".dll","0x014C","GDI32.dll"
"D:\AtelieProd\Equipexe\Exe\dbdqbe32.dll","dbdqbe32.dll",".dll","0x014C","DBDIDE32.dll"
"D:\AtelieProd\Equipexe\Exe\dbdqbe32.dll","dbdqbe32.dll",".dll","0x014C","ADVAPI32.dll"
"D:\AtelieProd\Equipexe\Exe\dbdsql32.dll","dbdsql32.dll",".dll","0x014C","KERNEL32.dll"
"D:\AtelieProd\Equipexe\Exe\dbdsql32.dll","dbdsql32.dll",".dll","0x014C","USER32.dll"
"D:\AtelieProd\Equipexe\Exe\dbdsql32.dll","dbdsql32.dll",".dll","0x014C","DBSRV32.dll"
"D:\AtelieProd\Equipexe\Exe\dbdsql32.dll","dbdsql32.dll",".dll","0x014C","DBDIDE32.dll"
"D:\AtelieProd\Equipexe\Exe\dbdsql32.dll","dbdsql32.dll",".dll","0x014C","DBDVW32.dll"
"D:\AtelieProd\Equipexe\Exe\dbdsql32.dll","dbdsql32.dll",".dll","0x014C","DBDQBE32.dll"
"D:\AtelieProd\Equipexe\Exe\dbdsql32.dll","dbdsql32.dll",".dll","0x014C","ADVAPI32.dll"
"D:\AtelieProd\Equipexe\Exe\dbdutl32.dll","dbdutl32.dll",".dll","0x014C","KERNEL32.dll"
"D:\AtelieProd\Equipexe\Exe\dbdutl32.dll","dbdutl32.dll",".dll","0x014C","USER32.dll"
"D:\AtelieProd\Equipexe\Exe\dbdutl32.dll","dbdutl32.dll",".dll","0x014C","DBSRV32.dll"
"D:\AtelieProd\Equipexe\Exe\dbdutl32.dll","dbdutl32.dll",".dll","0x014C","DBDCRT32.dll"
"D:\AtelieProd\Equipexe\Exe\dbdutl32.dll","dbdutl32.dll",".dll","0x014C","GDI32.dll"
"D:\AtelieProd\Equipexe\Exe\dbdutl32.dll","dbdutl32.dll",".dll","0x014C","ADVAPI32.dll"
"D:\AtelieProd\Equipexe\Exe\dbdvw32.dll","dbdvw32.dll",".dll","0x014C","KERNEL32.dll"
"D:\AtelieProd\Equipexe\Exe\dbdvw32.dll","dbdvw32.dll",".dll","0x014C","GDI32.dll"
"D:\AtelieProd\Equipexe\Exe\dbdvw32.dll","dbdvw32.dll",".dll","0x014C","DBSRV32.dll"
"D:\AtelieProd\Equipexe\Exe\dbdvw32.dll","dbdvw32.dll",".dll","0x014C","USER32.dll"
"D:\AtelieProd\Equipexe\Exe\dbdvw32.dll","dbdvw32.dll",".dll","0x014C","DBCOED32.dll"
"D:\AtelieProd\Equipexe\Exe\dbdvw32.dll","dbdvw32.dll",".dll","0x014C","DBDCRT32.dll"
"D:\AtelieProd\Equipexe\Exe\dbdvw32.dll","dbdvw32.dll",".dll","0x014C","ADVAPI32.dll"
"D:\AtelieProd\Equipexe\Exe\dbedit32.dll","dbedit32.dll",".dll","0x014C","KERNEL32.dll"
"D:\AtelieProd\Equipexe\Exe\dbedit32.dll","dbedit32.dll",".dll","0x014C","USER32.dll"
"D:\AtelieProd\Equipexe\Exe\dbexpint.dll","dbexpint.dll",".dll","0x014C","KERNEL32.DLL"
"D:\AtelieProd\Equipexe\Exe\dbexpint.dll","dbexpint.dll",".dll","0x014C","USER32.DLL"
"D:\AtelieProd\Equipexe\Exe\dbexpmss.dll","dbexpmss.dll",".dll","0x014C","KERNEL32.DLL"
"D:\AtelieProd\Equipexe\Exe\dbexpmss.dll","dbexpmss.dll",".dll","0x014C","USER32.DLL"
"D:\AtelieProd\Equipexe\Exe\dbexpmss.dll","dbexpmss.dll",".dll","0x014C","OLE32.DLL"
"D:\AtelieProd\Equipexe\Exe\dbexpmss.dll","dbexpmss.dll",".dll","0x014C","OLEAUT32.DLL"
"D:\AtelieProd\Equipexe\Exe\dbkbd32.dll","dbkbd32.dll",".dll","0x014C","KERNEL32.dll"
"D:\AtelieProd\Equipexe\Exe\dbkbd32.dll","dbkbd32.dll",".dll","0x014C","USER32.dll"
"D:\AtelieProd\Equipexe\Exe\dbres09.dll","dbres09.dll",".dll","0x014C","KERNEL32.dll"
"D:\AtelieProd\Equipexe\Exe\dbres09.dll","dbres09.dll",".dll","0x014C","USER32.dll"
"D:\AtelieProd\Equipexe\Exe\dbsrv32.dll","dbsrv32.dll",".dll","0x014C","KERNEL32.dll"
"D:\AtelieProd\Equipexe\Exe\dbsrv32.dll","dbsrv32.dll",".dll","0x014C","GDI32.dll"
"D:\AtelieProd\Equipexe\Exe\dbsrv32.dll","dbsrv32.dll",".dll","0x014C","USER32.dll"
"D:\AtelieProd\Equipexe\Exe\dbsrv32.dll","dbsrv32.dll",".dll","0x014C","ADVAPI32.dll"
"D:\AtelieProd\Equipexe\Exe\dbsrv32.dll","dbsrv32.dll",".dll","0x014C","DBCOED32.dll"
"D:\AtelieProd\Equipexe\Exe\dbsrv32.dll","dbsrv32.dll",".dll","0x014C","COMCTL32.DLL"
"D:\AtelieProd\Equipexe\Exe\dbsrv32.dll","dbsrv32.dll",".dll","0x014C","WINSPOOL.DRV"
"D:\AtelieProd\Equipexe\Exe\dbsrv32.dll","dbsrv32.dll",".dll","0x014C","MPR.dll"
"D:\AtelieProd\Equipexe\Exe\dbsrv32.dll","dbsrv32.dll",".dll","0x014C","COMDLG32.dll"
"D:\AtelieProd\Equipexe\Exe\dbsrv32.dll","dbsrv32.dll",".dll","0x014C","OLE32.dll"
"D:\AtelieProd\Equipexe\Exe\dbsrv32.dll","dbsrv32.dll",".dll","0x014C","OLEAUT32.dll"
"D:\AtelieProd\Equipexe\Exe\dbsrv32.dll","dbsrv32.dll",".dll","0x014C","SHELL32.DLL"
"D:\AtelieProd\Equipexe\Exe\EnvEmailEquipe.exe","EnvEmailEquipe.exe",".exe","0x014C","kernel32.dll"
"D:\AtelieProd\Equipexe\Exe\EnvEmailEquipe.exe","EnvEmailEquipe.exe",".exe","0x014C","user32.dll"
"D:\AtelieProd\Equipexe\Exe\EnvEmailEquipe.exe","EnvEmailEquipe.exe",".exe","0x014C","advapi32.dll"
"D:\AtelieProd\Equipexe\Exe\EnvEmailEquipe.exe","EnvEmailEquipe.exe",".exe","0x014C","oleaut32.dll"
"D:\AtelieProd\Equipexe\Exe\EnvEmailEquipe.exe","EnvEmailEquipe.exe",".exe","0x014C","kernel32.dll"
"D:\AtelieProd\Equipexe\Exe\EnvEmailEquipe.exe","EnvEmailEquipe.exe",".exe","0x014C","advapi32.dll"
"D:\AtelieProd\Equipexe\Exe\EnvEmailEquipe.exe","EnvEmailEquipe.exe",".exe","0x014C","kernel32.dll"
"D:\AtelieProd\Equipexe\Exe\EnvEmailEquipe.exe","EnvEmailEquipe.exe",".exe","0x014C","version.dll"
"D:\AtelieProd\Equipexe\Exe\EnvEmailEquipe.exe","EnvEmailEquipe.exe",".exe","0x014C","gdi32.dll"
"D:\AtelieProd\Equipexe\Exe\EnvEmailEquipe.exe","EnvEmailEquipe.exe",".exe","0x014C","user32.dll"
"D:\AtelieProd\Equipexe\Exe\EnvEmailEquipe.exe","EnvEmailEquipe.exe",".exe","0x014C","ole32.dll"
"D:\AtelieProd\Equipexe\Exe\EnvEmailEquipe.exe","EnvEmailEquipe.exe",".exe","0x014C","kernel32.dll"
"D:\AtelieProd\Equipexe\Exe\EnvEmailEquipe.exe","EnvEmailEquipe.exe",".exe","0x014C","oleaut32.dll"
"D:\AtelieProd\Equipexe\Exe\EnvEmailEquipe.exe","EnvEmailEquipe.exe",".exe","0x014C","ole32.dll"
"D:\AtelieProd\Equipexe\Exe\EnvEmailEquipe.exe","EnvEmailEquipe.exe",".exe","0x014C","oleaut32.dll"
"D:\AtelieProd\Equipexe\Exe\EnvEmailEquipe.exe","EnvEmailEquipe.exe",".exe","0x014C","comctl32.dll"
"D:\AtelieProd\Equipexe\Exe\EnvEmailEquipe.exe","EnvEmailEquipe.exe",".exe","0x014C","winspool.drv"
"D:\AtelieProd\Equipexe\Exe\EnvEmailEquipe.exe","EnvEmailEquipe.exe",".exe","0x014C","comdlg32.dll"
"D:\AtelieProd\Equipexe\Exe\EnvEmailEquipe.exe","EnvEmailEquipe.exe",".exe","0x014C","kernel32.dll"
"D:\AtelieProd\Equipexe\Exe\EqEmail.exe","EqEmail.exe",".exe","0x014C","kernel32.dll"
"D:\AtelieProd\Equipexe\Exe\EqEmail.exe","EqEmail.exe",".exe","0x014C","user32.dll"
"D:\AtelieProd\Equipexe\Exe\EqEmail.exe","EqEmail.exe",".exe","0x014C","advapi32.dll"
"D:\AtelieProd\Equipexe\Exe\EqEmail.exe","EqEmail.exe",".exe","0x014C","oleaut32.dll"
"D:\AtelieProd\Equipexe\Exe\EqEmail.exe","EqEmail.exe",".exe","0x014C","kernel32.dll"
"D:\AtelieProd\Equipexe\Exe\EqEmail.exe","EqEmail.exe",".exe","0x014C","advapi32.dll"
"D:\AtelieProd\Equipexe\Exe\EqEmail.exe","EqEmail.exe",".exe","0x014C","kernel32.dll"
"D:\AtelieProd\Equipexe\Exe\EqEmail.exe","EqEmail.exe",".exe","0x014C","mpr.dll"
"D:\AtelieProd\Equipexe\Exe\EqEmail.exe","EqEmail.exe",".exe","0x014C","gdi32.dll"
"D:\AtelieProd\Equipexe\Exe\EqEmail.exe","EqEmail.exe",".exe","0x014C","user32.dll"
"D:\AtelieProd\Equipexe\Exe\EqEmail.exe","EqEmail.exe",".exe","0x014C","comctl32.dll"
"D:\AtelieProd\Equipexe\Exe\EqEmail.exe","EqEmail.exe",".exe","0x014C","comdlg32.dll"
"D:\AtelieProd\Equipexe\Exe\EqEmail.exe","EqEmail.exe",".exe","0x014C","wsock32.dll"
"D:\AtelieProd\Equipexe\Exe\EquConfig.exe","EquConfig.exe",".exe","0x014C","kernel32.dll"
"D:\AtelieProd\Equipexe\Exe\EquConfig.exe","EquConfig.exe",".exe","0x014C","user32.dll"
"D:\AtelieProd\Equipexe\Exe\EquConfig.exe","EquConfig.exe",".exe","0x014C","advapi32.dll"
"D:\AtelieProd\Equipexe\Exe\EquConfig.exe","EquConfig.exe",".exe","0x014C","oleaut32.dll"
"D:\AtelieProd\Equipexe\Exe\EquConfig.exe","EquConfig.exe",".exe","0x014C","kernel32.dll"
"D:\AtelieProd\Equipexe\Exe\EquConfig.exe","EquConfig.exe",".exe","0x014C","advapi32.dll"
"D:\AtelieProd\Equipexe\Exe\EquConfig.exe","EquConfig.exe",".exe","0x014C","kernel32.dll"
"D:\AtelieProd\Equipexe\Exe\EquConfig.exe","EquConfig.exe",".exe","0x014C","version.dll"
"D:\AtelieProd\Equipexe\Exe\EquConfig.exe","EquConfig.exe",".exe","0x014C","gdi32.dll"
"D:\AtelieProd\Equipexe\Exe\EquConfig.exe","EquConfig.exe",".exe","0x014C","user32.dll"
"D:\AtelieProd\Equipexe\Exe\EquConfig.exe","EquConfig.exe",".exe","0x014C","kernel32.dll"
"D:\AtelieProd\Equipexe\Exe\EquConfig.exe","EquConfig.exe",".exe","0x014C","oleaut32.dll"
"D:\AtelieProd\Equipexe\Exe\EquConfig.exe","EquConfig.exe",".exe","0x014C","ole32.dll"
"D:\AtelieProd\Equipexe\Exe\EquConfig.exe","EquConfig.exe",".exe","0x014C","oleaut32.dll"
"D:\AtelieProd\Equipexe\Exe\EquConfig.exe","EquConfig.exe",".exe","0x014C","comctl32.dll"
"D:\AtelieProd\Equipexe\Exe\EquConfig.exe","EquConfig.exe",".exe","0x014C","shell32.dll"
"D:\AtelieProd\Equipexe\Exe\EquEstruAtu.exe","EquEstruAtu.exe",".exe","0x014C","kernel32.dll"
"D:\AtelieProd\Equipexe\Exe\EquEstruAtu.exe","EquEstruAtu.exe",".exe","0x014C","user32.dll"
"D:\AtelieProd\Equipexe\Exe\EquEstruAtu.exe","EquEstruAtu.exe",".exe","0x014C","advapi32.dll"
"D:\AtelieProd\Equipexe\Exe\EquEstruAtu.exe","EquEstruAtu.exe",".exe","0x014C","oleaut32.dll"
"D:\AtelieProd\Equipexe\Exe\EquEstruAtu.exe","EquEstruAtu.exe",".exe","0x014C","kernel32.dll"
"D:\AtelieProd\Equipexe\Exe\EquEstruAtu.exe","EquEstruAtu.exe",".exe","0x014C","advapi32.dll"
"D:\AtelieProd\Equipexe\Exe\EquEstruAtu.exe","EquEstruAtu.exe",".exe","0x014C","kernel32.dll"
"D:\AtelieProd\Equipexe\Exe\EquEstruAtu.exe","EquEstruAtu.exe",".exe","0x014C","version.dll"
"D:\AtelieProd\Equipexe\Exe\EquEstruAtu.exe","EquEstruAtu.exe",".exe","0x014C","gdi32.dll"
"D:\AtelieProd\Equipexe\Exe\EquEstruAtu.exe","EquEstruAtu.exe",".exe","0x014C","user32.dll"
"D:\AtelieProd\Equipexe\Exe\EquEstruAtu.exe","EquEstruAtu.exe",".exe","0x014C","ole32.dll"
"D:\AtelieProd\Equipexe\Exe\EquEstruAtu.exe","EquEstruAtu.exe",".exe","0x014C","kernel32.dll"
"D:\AtelieProd\Equipexe\Exe\EquEstruAtu.exe","EquEstruAtu.exe",".exe","0x014C","oleaut32.dll"
"D:\AtelieProd\Equipexe\Exe\EquEstruAtu.exe","EquEstruAtu.exe",".exe","0x014C","ole32.dll"
"D:\AtelieProd\Equipexe\Exe\EquEstruAtu.exe","EquEstruAtu.exe",".exe","0x014C","oleaut32.dll"
"D:\AtelieProd\Equipexe\Exe\EquEstruAtu.exe","EquEstruAtu.exe",".exe","0x014C","comctl32.dll"
"D:\AtelieProd\Equipexe\Exe\EquEstruAtu.exe","EquEstruAtu.exe",".exe","0x014C","winspool.drv"
"D:\AtelieProd\Equipexe\Exe\EquEstruAtu.exe","EquEstruAtu.exe",".exe","0x014C","shell32.dll"
"D:\AtelieProd\Equipexe\Exe\EquEstruAtu.exe","EquEstruAtu.exe",".exe","0x014C","wininet.dll"
"D:\AtelieProd\Equipexe\Exe\EquEstruAtu.exe","EquEstruAtu.exe",".exe","0x014C","comdlg32.dll"
"D:\AtelieProd\Equipexe\Exe\EquEstruAtu.exe","EquEstruAtu.exe",".exe","0x014C","kernel32.dll"
"D:\AtelieProd\Equipexe\Exe\EquEstruAtu.exe","EquEstruAtu.exe",".exe","0x014C","winmm.dll"
"D:\AtelieProd\Equipexe\Exe\EquKill.exe","EquKill.exe",".exe","0x014C","kernel32.dll"
"D:\AtelieProd\Equipexe\Exe\EquKill.exe","EquKill.exe",".exe","0x014C","user32.dll"
"D:\AtelieProd\Equipexe\Exe\EquKill.exe","EquKill.exe",".exe","0x014C","advapi32.dll"
"D:\AtelieProd\Equipexe\Exe\EquKill.exe","EquKill.exe",".exe","0x014C","oleaut32.dll"
"D:\AtelieProd\Equipexe\Exe\EquKill.exe","EquKill.exe",".exe","0x014C","kernel32.dll"
"D:\AtelieProd\Equipexe\Exe\EquKill.exe","EquKill.exe",".exe","0x014C","advapi32.dll"
"D:\AtelieProd\Equipexe\Exe\EquKill.exe","EquKill.exe",".exe","0x014C","kernel32.dll"
"D:\AtelieProd\Equipexe\Exe\EquKill.exe","EquKill.exe",".exe","0x014C","gdi32.dll"
"D:\AtelieProd\Equipexe\Exe\EquKill.exe","EquKill.exe",".exe","0x014C","user32.dll"
"D:\AtelieProd\Equipexe\Exe\EquKill.exe","EquKill.exe",".exe","0x014C","kernel32.dll"
"D:\AtelieProd\Equipexe\Exe\EquKill.exe","EquKill.exe",".exe","0x014C","oleaut32.dll"
"D:\AtelieProd\Equipexe\Exe\EquKill.exe","EquKill.exe",".exe","0x014C","ole32.dll"
"D:\AtelieProd\Equipexe\Exe\EquKill.exe","EquKill.exe",".exe","0x014C","oleaut32.dll"
"D:\AtelieProd\Equipexe\Exe\EquKill.exe","EquKill.exe",".exe","0x014C","comctl32.dll"
"D:\AtelieProd\Equipexe\Exe\EquKill.exe","EquKill.exe",".exe","0x014C","kernel32.dll"
"D:\AtelieProd\Equipexe\Exe\EquMail.exe","EquMail.exe",".exe","0x014C","kernel32.dll"
"D:\AtelieProd\Equipexe\Exe\EquMail.exe","EquMail.exe",".exe","0x014C","user32.dll"
"D:\AtelieProd\Equipexe\Exe\EquMail.exe","EquMail.exe",".exe","0x014C","advapi32.dll"
"D:\AtelieProd\Equipexe\Exe\EquMail.exe","EquMail.exe",".exe","0x014C","oleaut32.dll"
"D:\AtelieProd\Equipexe\Exe\EquMail.exe","EquMail.exe",".exe","0x014C","kernel32.dll"
"D:\AtelieProd\Equipexe\Exe\EquMail.exe","EquMail.exe",".exe","0x014C","advapi32.dll"
"D:\AtelieProd\Equipexe\Exe\EquMail.exe","EquMail.exe",".exe","0x014C","kernel32.dll"
"D:\AtelieProd\Equipexe\Exe\EquMail.exe","EquMail.exe",".exe","0x014C","mpr.dll"
"D:\AtelieProd\Equipexe\Exe\EquMail.exe","EquMail.exe",".exe","0x014C","version.dll"
"D:\AtelieProd\Equipexe\Exe\EquMail.exe","EquMail.exe",".exe","0x014C","gdi32.dll"
"D:\AtelieProd\Equipexe\Exe\EquMail.exe","EquMail.exe",".exe","0x014C","user32.dll"
"D:\AtelieProd\Equipexe\Exe\EquMail.exe","EquMail.exe",".exe","0x014C","kernel32.dll"
"D:\AtelieProd\Equipexe\Exe\EquMail.exe","EquMail.exe",".exe","0x014C","oleaut32.dll"
"D:\AtelieProd\Equipexe\Exe\EquMail.exe","EquMail.exe",".exe","0x014C","ole32.dll"
"D:\AtelieProd\Equipexe\Exe\EquMail.exe","EquMail.exe",".exe","0x014C","oleaut32.dll"
"D:\AtelieProd\Equipexe\Exe\EquMail.exe","EquMail.exe",".exe","0x014C","comctl32.dll"
"D:\AtelieProd\Equipexe\Exe\EquMail.exe","EquMail.exe",".exe","0x014C","comdlg32.dll"
"D:\AtelieProd\Equipexe\Exe\EquMail.exe","EquMail.exe",".exe","0x014C","kernel32.dll"
"D:\AtelieProd\Equipexe\Exe\EquMail.exe","EquMail.exe",".exe","0x014C","wsock32.dll"
"D:\AtelieProd\Equipexe\Exe\EquManut.exe","EquManut.exe",".exe","0x014C","kernel32.dll"
"D:\AtelieProd\Equipexe\Exe\EquManut.exe","EquManut.exe",".exe","0x014C","user32.dll"
"D:\AtelieProd\Equipexe\Exe\EquManut.exe","EquManut.exe",".exe","0x014C","oleaut32.dll"
"D:\AtelieProd\Equipexe\Exe\EquManut.exe","EquManut.exe",".exe","0x014C","advapi32.dll"
"D:\AtelieProd\Equipexe\Exe\EquManut.exe","EquManut.exe",".exe","0x014C","kernel32.dll"
"D:\AtelieProd\Equipexe\Exe\EquManut.exe","EquManut.exe",".exe","0x014C","gdi32.dll"
"D:\AtelieProd\Equipexe\Exe\EquManut.exe","EquManut.exe",".exe","0x014C","user32.dll"
"D:\AtelieProd\Equipexe\Exe\EquManut.exe","EquManut.exe",".exe","0x014C","comctl32.dll"
"D:\AtelieProd\Equipexe\Exe\EquManut.exe","EquManut.exe",".exe","0x014C","winspool.drv"
"D:\AtelieProd\Equipexe\Exe\EquManut.exe","EquManut.exe",".exe","0x014C","comdlg32.dll"
"D:\AtelieProd\Equipexe\Exe\EquManut.exe","EquManut.exe",".exe","0x014C","kernel32.dll"
"D:\AtelieProd\Equipexe\Exe\EquManut.exe","EquManut.exe",".exe","0x014C","kernel32.dll"
"D:\AtelieProd\Equipexe\Exe\EquManut.exe","EquManut.exe",".exe","0x014C","ole32.dll"
"D:\AtelieProd\Equipexe\Exe\EquManut.exe","EquManut.exe",".exe","0x014C","oleaut32.dll"
"D:\AtelieProd\Equipexe\Exe\EquUnit.exe","EquUnit.exe",".exe","0x014C","kernel32.dll"
"D:\AtelieProd\Equipexe\Exe\EquUnit.exe","EquUnit.exe",".exe","0x014C","user32.dll"
"D:\AtelieProd\Equipexe\Exe\EquUnit.exe","EquUnit.exe",".exe","0x014C","advapi32.dll"
"D:\AtelieProd\Equipexe\Exe\EquUnit.exe","EquUnit.exe",".exe","0x014C","oleaut32.dll"
"D:\AtelieProd\Equipexe\Exe\EquUnit.exe","EquUnit.exe",".exe","0x014C","kernel32.dll"
"D:\AtelieProd\Equipexe\Exe\EquUnit.exe","EquUnit.exe",".exe","0x014C","advapi32.dll"
"D:\AtelieProd\Equipexe\Exe\EquUnit.exe","EquUnit.exe",".exe","0x014C","kernel32.dll"
"D:\AtelieProd\Equipexe\Exe\EquUnit.exe","EquUnit.exe",".exe","0x014C","version.dll"
"D:\AtelieProd\Equipexe\Exe\EquUnit.exe","EquUnit.exe",".exe","0x014C","gdi32.dll"
"D:\AtelieProd\Equipexe\Exe\EquUnit.exe","EquUnit.exe",".exe","0x014C","user32.dll"
"D:\AtelieProd\Equipexe\Exe\EquUnit.exe","EquUnit.exe",".exe","0x014C","kernel32.dll"
"D:\AtelieProd\Equipexe\Exe\EquUnit.exe","EquUnit.exe",".exe","0x014C","oleaut32.dll"
"D:\AtelieProd\Equipexe\Exe\EquUnit.exe","EquUnit.exe",".exe","0x014C","ole32.dll"
"D:\AtelieProd\Equipexe\Exe\EquUnit.exe","EquUnit.exe",".exe","0x014C","oleaut32.dll"
"D:\AtelieProd\Equipexe\Exe\EquUnit.exe","EquUnit.exe",".exe","0x014C","comctl32.dll"
"D:\AtelieProd\Equipexe\Exe\EquUnit.exe","EquUnit.exe",".exe","0x014C","shell32.dll"
"D:\AtelieProd\Equipexe\Exe\EquUnit.exe","EquUnit.exe",".exe","0x014C","user32.dll"
"D:\AtelieProd\Equipexe\Exe\Estoque.exe","Estoque.exe",".exe","0x014C","kernel32.dll"
"D:\AtelieProd\Equipexe\Exe\Estoque.exe","Estoque.exe",".exe","0x014C","user32.dll"
"D:\AtelieProd\Equipexe\Exe\Estoque.exe","Estoque.exe",".exe","0x014C","advapi32.dll"
"D:\AtelieProd\Equipexe\Exe\Estoque.exe","Estoque.exe",".exe","0x014C","oleaut32.dll"
"D:\AtelieProd\Equipexe\Exe\Estoque.exe","Estoque.exe",".exe","0x014C","kernel32.dll"
"D:\AtelieProd\Equipexe\Exe\Estoque.exe","Estoque.exe",".exe","0x014C","advapi32.dll"
"D:\AtelieProd\Equipexe\Exe\Estoque.exe","Estoque.exe",".exe","0x014C","kernel32.dll"
"D:\AtelieProd\Equipexe\Exe\Estoque.exe","Estoque.exe",".exe","0x014C","version.dll"
"D:\AtelieProd\Equipexe\Exe\Estoque.exe","Estoque.exe",".exe","0x014C","gdi32.dll"
"D:\AtelieProd\Equipexe\Exe\Estoque.exe","Estoque.exe",".exe","0x014C","user32.dll"
"D:\AtelieProd\Equipexe\Exe\Estoque.exe","Estoque.exe",".exe","0x014C","ole32.dll"
"D:\AtelieProd\Equipexe\Exe\Estoque.exe","Estoque.exe",".exe","0x014C","kernel32.dll"
"D:\AtelieProd\Equipexe\Exe\Estoque.exe","Estoque.exe",".exe","0x014C","oleaut32.dll"
"D:\AtelieProd\Equipexe\Exe\Estoque.exe","Estoque.exe",".exe","0x014C","ole32.dll"
"D:\AtelieProd\Equipexe\Exe\Estoque.exe","Estoque.exe",".exe","0x014C","oleaut32.dll"
"D:\AtelieProd\Equipexe\Exe\Estoque.exe","Estoque.exe",".exe","0x014C","comctl32.dll"
"D:\AtelieProd\Equipexe\Exe\Estoque.exe","Estoque.exe",".exe","0x014C","winspool.drv"
"D:\AtelieProd\Equipexe\Exe\Estoque.exe","Estoque.exe",".exe","0x014C","shell32.dll"
"D:\AtelieProd\Equipexe\Exe\Estoque.exe","Estoque.exe",".exe","0x014C","wininet.dll"
"D:\AtelieProd\Equipexe\Exe\Estoque.exe","Estoque.exe",".exe","0x014C","comdlg32.dll"
"D:\AtelieProd\Equipexe\Exe\Estoque.exe","Estoque.exe",".exe","0x014C","kernel32.dll"
"D:\AtelieProd\Equipexe\Exe\Estoque.exe","Estoque.exe",".exe","0x014C","winmm.dll"
"D:\AtelieProd\Equipexe\Exe\Estoque.exe","Estoque.exe",".exe","0x014C","winspool.drv"
"D:\AtelieProd\Equipexe\Exe\Expedicao.exe","Expedicao.exe",".exe","0x014C","kernel32.dll"
"D:\AtelieProd\Equipexe\Exe\Expedicao.exe","Expedicao.exe",".exe","0x014C","user32.dll"
"D:\AtelieProd\Equipexe\Exe\Expedicao.exe","Expedicao.exe",".exe","0x014C","advapi32.dll"
"D:\AtelieProd\Equipexe\Exe\Expedicao.exe","Expedicao.exe",".exe","0x014C","oleaut32.dll"
"D:\AtelieProd\Equipexe\Exe\Expedicao.exe","Expedicao.exe",".exe","0x014C","kernel32.dll"
"D:\AtelieProd\Equipexe\Exe\Expedicao.exe","Expedicao.exe",".exe","0x014C","advapi32.dll"
"D:\AtelieProd\Equipexe\Exe\Expedicao.exe","Expedicao.exe",".exe","0x014C","kernel32.dll"
"D:\AtelieProd\Equipexe\Exe\Expedicao.exe","Expedicao.exe",".exe","0x014C","version.dll"
"D:\AtelieProd\Equipexe\Exe\Expedicao.exe","Expedicao.exe",".exe","0x014C","gdi32.dll"
"D:\AtelieProd\Equipexe\Exe\Expedicao.exe","Expedicao.exe",".exe","0x014C","user32.dll"
"D:\AtelieProd\Equipexe\Exe\Expedicao.exe","Expedicao.exe",".exe","0x014C","ole32.dll"
"D:\AtelieProd\Equipexe\Exe\Expedicao.exe","Expedicao.exe",".exe","0x014C","kernel32.dll"
"D:\AtelieProd\Equipexe\Exe\Expedicao.exe","Expedicao.exe",".exe","0x014C","oleaut32.dll"
"D:\AtelieProd\Equipexe\Exe\Expedicao.exe","Expedicao.exe",".exe","0x014C","ole32.dll"
"D:\AtelieProd\Equipexe\Exe\Expedicao.exe","Expedicao.exe",".exe","0x014C","oleaut32.dll"
"D:\AtelieProd\Equipexe\Exe\Expedicao.exe","Expedicao.exe",".exe","0x014C","comctl32.dll"
"D:\AtelieProd\Equipexe\Exe\Expedicao.exe","Expedicao.exe",".exe","0x014C","winspool.drv"
"D:\AtelieProd\Equipexe\Exe\Expedicao.exe","Expedicao.exe",".exe","0x014C","shell32.dll"
"D:\AtelieProd\Equipexe\Exe\Expedicao.exe","Expedicao.exe",".exe","0x014C","comdlg32.dll"
"D:\AtelieProd\Equipexe\Exe\Expedicao.exe","Expedicao.exe",".exe","0x014C","kernel32.dll"
"D:\AtelieProd\Equipexe\Exe\Financ.exe","Financ.exe",".exe","0x014C","kernel32.dll"
"D:\AtelieProd\Equipexe\Exe\Financ.exe","Financ.exe",".exe","0x014C","user32.dll"
"D:\AtelieProd\Equipexe\Exe\Financ.exe","Financ.exe",".exe","0x014C","oleaut32.dll"
"D:\AtelieProd\Equipexe\Exe\Financ.exe","Financ.exe",".exe","0x014C","advapi32.dll"
"D:\AtelieProd\Equipexe\Exe\Financ.exe","Financ.exe",".exe","0x014C","kernel32.dll"
"D:\AtelieProd\Equipexe\Exe\Financ.exe","Financ.exe",".exe","0x014C","mpr.dll"
"D:\AtelieProd\Equipexe\Exe\Financ.exe","Financ.exe",".exe","0x014C","gdi32.dll"
"D:\AtelieProd\Equipexe\Exe\Financ.exe","Financ.exe",".exe","0x014C","user32.dll"
"D:\AtelieProd\Equipexe\Exe\Financ.exe","Financ.exe",".exe","0x014C","comctl32.dll"
"D:\AtelieProd\Equipexe\Exe\Financ.exe","Financ.exe",".exe","0x014C","winspool.drv"
"D:\AtelieProd\Equipexe\Exe\Financ.exe","Financ.exe",".exe","0x014C","comdlg32.dll"
"D:\AtelieProd\Equipexe\Exe\Financ.exe","Financ.exe",".exe","0x014C","kernel32.dll"
"D:\AtelieProd\Equipexe\Exe\Financ.exe","Financ.exe",".exe","0x014C","kernel32.dll"
"D:\AtelieProd\Equipexe\Exe\Financ.exe","Financ.exe",".exe","0x014C","shell32.dll"
"D:\AtelieProd\Equipexe\Exe\Financ.exe","Financ.exe",".exe","0x014C","user32.dll"
"D:\AtelieProd\Equipexe\Exe\Financ.exe","Financ.exe",".exe","0x014C","BemaDP32.dll"
"D:\AtelieProd\Equipexe\Exe\Financeiro.exe","Financeiro.exe",".exe","0x014C","kernel32.dll"
"D:\AtelieProd\Equipexe\Exe\Financeiro.exe","Financeiro.exe",".exe","0x014C","user32.dll"
"D:\AtelieProd\Equipexe\Exe\Financeiro.exe","Financeiro.exe",".exe","0x014C","advapi32.dll"
"D:\AtelieProd\Equipexe\Exe\Financeiro.exe","Financeiro.exe",".exe","0x014C","oleaut32.dll"
"D:\AtelieProd\Equipexe\Exe\Financeiro.exe","Financeiro.exe",".exe","0x014C","kernel32.dll"
"D:\AtelieProd\Equipexe\Exe\Financeiro.exe","Financeiro.exe",".exe","0x014C","advapi32.dll"
"D:\AtelieProd\Equipexe\Exe\Financeiro.exe","Financeiro.exe",".exe","0x014C","kernel32.dll"
"D:\AtelieProd\Equipexe\Exe\Financeiro.exe","Financeiro.exe",".exe","0x014C","mpr.dll"
"D:\AtelieProd\Equipexe\Exe\Financeiro.exe","Financeiro.exe",".exe","0x014C","version.dll"
"D:\AtelieProd\Equipexe\Exe\Financeiro.exe","Financeiro.exe",".exe","0x014C","gdi32.dll"
"D:\AtelieProd\Equipexe\Exe\Financeiro.exe","Financeiro.exe",".exe","0x014C","user32.dll"
"D:\AtelieProd\Equipexe\Exe\Financeiro.exe","Financeiro.exe",".exe","0x014C","ole32.dll"
"D:\AtelieProd\Equipexe\Exe\Financeiro.exe","Financeiro.exe",".exe","0x014C","kernel32.dll"
"D:\AtelieProd\Equipexe\Exe\Financeiro.exe","Financeiro.exe",".exe","0x014C","oleaut32.dll"
"D:\AtelieProd\Equipexe\Exe\Financeiro.exe","Financeiro.exe",".exe","0x014C","ole32.dll"
"D:\AtelieProd\Equipexe\Exe\Financeiro.exe","Financeiro.exe",".exe","0x014C","oleaut32.dll"
"D:\AtelieProd\Equipexe\Exe\Financeiro.exe","Financeiro.exe",".exe","0x014C","comctl32.dll"
"D:\AtelieProd\Equipexe\Exe\Financeiro.exe","Financeiro.exe",".exe","0x014C","winspool.drv"
"D:\AtelieProd\Equipexe\Exe\Financeiro.exe","Financeiro.exe",".exe","0x014C","shell32.dll"
"D:\AtelieProd\Equipexe\Exe\Financeiro.exe","Financeiro.exe",".exe","0x014C","comdlg32.dll"
"D:\AtelieProd\Equipexe\Exe\Financeiro.exe","Financeiro.exe",".exe","0x014C","kernel32.dll"
"D:\AtelieProd\Equipexe\Exe\Financeiro.exe","Financeiro.exe",".exe","0x014C","winmm.dll"
"D:\AtelieProd\Equipexe\Exe\FranLav.exe","FranLav.exe",".exe","0x014C","kernel32.dll"
"D:\AtelieProd\Equipexe\Exe\FranLav.exe","FranLav.exe",".exe","0x014C","user32.dll"
"D:\AtelieProd\Equipexe\Exe\FranLav.exe","FranLav.exe",".exe","0x014C","advapi32.dll"
"D:\AtelieProd\Equipexe\Exe\FranLav.exe","FranLav.exe",".exe","0x014C","oleaut32.dll"
"D:\AtelieProd\Equipexe\Exe\FranLav.exe","FranLav.exe",".exe","0x014C","kernel32.dll"
"D:\AtelieProd\Equipexe\Exe\FranLav.exe","FranLav.exe",".exe","0x014C","advapi32.dll"
"D:\AtelieProd\Equipexe\Exe\FranLav.exe","FranLav.exe",".exe","0x014C","kernel32.dll"
"D:\AtelieProd\Equipexe\Exe\FranLav.exe","FranLav.exe",".exe","0x014C","version.dll"
"D:\AtelieProd\Equipexe\Exe\FranLav.exe","FranLav.exe",".exe","0x014C","gdi32.dll"
"D:\AtelieProd\Equipexe\Exe\FranLav.exe","FranLav.exe",".exe","0x014C","user32.dll"
"D:\AtelieProd\Equipexe\Exe\FranLav.exe","FranLav.exe",".exe","0x014C","ole32.dll"
"D:\AtelieProd\Equipexe\Exe\FranLav.exe","FranLav.exe",".exe","0x014C","kernel32.dll"
"D:\AtelieProd\Equipexe\Exe\FranLav.exe","FranLav.exe",".exe","0x014C","oleaut32.dll"
"D:\AtelieProd\Equipexe\Exe\FranLav.exe","FranLav.exe",".exe","0x014C","ole32.dll"
"D:\AtelieProd\Equipexe\Exe\FranLav.exe","FranLav.exe",".exe","0x014C","oleaut32.dll"
"D:\AtelieProd\Equipexe\Exe\FranLav.exe","FranLav.exe",".exe","0x014C","comctl32.dll"
"D:\AtelieProd\Equipexe\Exe\FranLav.exe","FranLav.exe",".exe","0x014C","winspool.drv"
"D:\AtelieProd\Equipexe\Exe\FranLav.exe","FranLav.exe",".exe","0x014C","shell32.dll"
"D:\AtelieProd\Equipexe\Exe\FranLav.exe","FranLav.exe",".exe","0x014C","comdlg32.dll"
"D:\AtelieProd\Equipexe\Exe\FranLav.exe","FranLav.exe",".exe","0x014C","kernel32.dll"
"D:\AtelieProd\Equipexe\Exe\FranLav.exe","FranLav.exe",".exe","0x014C","winspool.drv"
"D:\AtelieProd\Equipexe\Exe\fs345_32.dll","fs345_32.dll",".dll","0x014C","KERNEL32.dll"
"D:\AtelieProd\Equipexe\Exe\GDS32.DLL","GDS32.DLL",".DLL","0x014C","MSVCRT.dll"
"D:\AtelieProd\Equipexe\Exe\GDS32.DLL","GDS32.DLL",".DLL","0x014C","KERNEL32.dll"
"D:\AtelieProd\Equipexe\Exe\GDS32.DLL","GDS32.DLL",".DLL","0x014C","WSOCK32.dll"
"D:\AtelieProd\Equipexe\Exe\GDS32.DLL","GDS32.DLL",".DLL","0x014C","ADVAPI32.dll"
"D:\AtelieProd\Equipexe\Exe\GDS32.DLL","GDS32.DLL",".DLL","0x014C","MPR.dll"
"D:\AtelieProd\Equipexe\Exe\GDS32.DLL","GDS32.DLL",".DLL","0x014C","GDI32.dll"
"D:\AtelieProd\Equipexe\Exe\GDS32.DLL","GDS32.DLL",".DLL","0x014C","USER32.dll"
"D:\AtelieProd\Equipexe\Exe\general32.dll","general32.dll",".dll","0x014C","cw3220.DLL"
"D:\AtelieProd\Equipexe\Exe\general32.dll","general32.dll",".dll","0x014C","KERNEL32.dll"
"D:\AtelieProd\Equipexe\Exe\Gerenciador-old.exe","Gerenciador-old.exe",".exe","0x014C","mscoree.dll"
"D:\AtelieProd\Equipexe\Exe\Gerenciador.exe","Gerenciador.exe",".exe","0x014C","mscoree.dll"
"D:\AtelieProd\Equipexe\Exe\Idct.exe","Idct.exe",".exe","0x014C","kernel32.dll"
"D:\AtelieProd\Equipexe\Exe\Idct.exe","Idct.exe",".exe","0x014C","user32.dll"
"D:\AtelieProd\Equipexe\Exe\Idct.exe","Idct.exe",".exe","0x014C","advapi32.dll"
"D:\AtelieProd\Equipexe\Exe\Idct.exe","Idct.exe",".exe","0x014C","oleaut32.dll"
"D:\AtelieProd\Equipexe\Exe\Idct.exe","Idct.exe",".exe","0x014C","kernel32.dll"
"D:\AtelieProd\Equipexe\Exe\Idct.exe","Idct.exe",".exe","0x014C","advapi32.dll"
"D:\AtelieProd\Equipexe\Exe\Idct.exe","Idct.exe",".exe","0x014C","kernel32.dll"
"D:\AtelieProd\Equipexe\Exe\Idct.exe","Idct.exe",".exe","0x014C","gdi32.dll"
"D:\AtelieProd\Equipexe\Exe\Idct.exe","Idct.exe",".exe","0x014C","user32.dll"
"D:\AtelieProd\Equipexe\Exe\Idct.exe","Idct.exe",".exe","0x014C","ole32.dll"
"D:\AtelieProd\Equipexe\Exe\Idct.exe","Idct.exe",".exe","0x014C","oleaut32.dll"
"D:\AtelieProd\Equipexe\Exe\Idct.exe","Idct.exe",".exe","0x014C","comctl32.dll"
"D:\AtelieProd\Equipexe\Exe\Idct.exe","Idct.exe",".exe","0x014C","winspool.drv"
"D:\AtelieProd\Equipexe\Exe\Idct.exe","Idct.exe",".exe","0x014C","shell32.dll"
"D:\AtelieProd\Equipexe\Exe\ImpAutomLavSoft.exe","ImpAutomLavSoft.exe",".exe","0x014C","kernel32.dll"
"D:\AtelieProd\Equipexe\Exe\ImpAutomLavSoft.exe","ImpAutomLavSoft.exe",".exe","0x014C","user32.dll"
"D:\AtelieProd\Equipexe\Exe\ImpAutomLavSoft.exe","ImpAutomLavSoft.exe",".exe","0x014C","advapi32.dll"
"D:\AtelieProd\Equipexe\Exe\ImpAutomLavSoft.exe","ImpAutomLavSoft.exe",".exe","0x014C","oleaut32.dll"
"D:\AtelieProd\Equipexe\Exe\ImpAutomLavSoft.exe","ImpAutomLavSoft.exe",".exe","0x014C","kernel32.dll"
"D:\AtelieProd\Equipexe\Exe\ImpAutomLavSoft.exe","ImpAutomLavSoft.exe",".exe","0x014C","advapi32.dll"
"D:\AtelieProd\Equipexe\Exe\ImpAutomLavSoft.exe","ImpAutomLavSoft.exe",".exe","0x014C","kernel32.dll"
"D:\AtelieProd\Equipexe\Exe\ImpAutomLavSoft.exe","ImpAutomLavSoft.exe",".exe","0x014C","mpr.dll"
"D:\AtelieProd\Equipexe\Exe\ImpAutomLavSoft.exe","ImpAutomLavSoft.exe",".exe","0x014C","version.dll"
"D:\AtelieProd\Equipexe\Exe\ImpAutomLavSoft.exe","ImpAutomLavSoft.exe",".exe","0x014C","gdi32.dll"
"D:\AtelieProd\Equipexe\Exe\ImpAutomLavSoft.exe","ImpAutomLavSoft.exe",".exe","0x014C","user32.dll"
"D:\AtelieProd\Equipexe\Exe\ImpAutomLavSoft.exe","ImpAutomLavSoft.exe",".exe","0x014C","ole32.dll"
"D:\AtelieProd\Equipexe\Exe\ImpAutomLavSoft.exe","ImpAutomLavSoft.exe",".exe","0x014C","kernel32.dll"
"D:\AtelieProd\Equipexe\Exe\ImpAutomLavSoft.exe","ImpAutomLavSoft.exe",".exe","0x014C","oleaut32.dll"
"D:\AtelieProd\Equipexe\Exe\ImpAutomLavSoft.exe","ImpAutomLavSoft.exe",".exe","0x014C","ole32.dll"
"D:\AtelieProd\Equipexe\Exe\ImpAutomLavSoft.exe","ImpAutomLavSoft.exe",".exe","0x014C","oleaut32.dll"
"D:\AtelieProd\Equipexe\Exe\ImpAutomLavSoft.exe","ImpAutomLavSoft.exe",".exe","0x014C","comctl32.dll"
"D:\AtelieProd\Equipexe\Exe\ImpAutomLavSoft.exe","ImpAutomLavSoft.exe",".exe","0x014C","shell32.dll"
"D:\AtelieProd\Equipexe\Exe\ImpAutomLavSoft.exe","ImpAutomLavSoft.exe",".exe","0x014C","comdlg32.dll"
"D:\AtelieProd\Equipexe\Exe\ImpAutomLavSoft.exe","ImpAutomLavSoft.exe",".exe","0x014C","kernel32.dll"
"D:\AtelieProd\Equipexe\Exe\LavFacilLan.exe","LavFacilLan.exe",".exe","0x014C","kernel32.dll"
"D:\AtelieProd\Equipexe\Exe\LavFacilLan.exe","LavFacilLan.exe",".exe","0x014C","user32.dll"
"D:\AtelieProd\Equipexe\Exe\LavFacilLan.exe","LavFacilLan.exe",".exe","0x014C","advapi32.dll"
"D:\AtelieProd\Equipexe\Exe\LavFacilLan.exe","LavFacilLan.exe",".exe","0x014C","oleaut32.dll"
"D:\AtelieProd\Equipexe\Exe\LavFacilLan.exe","LavFacilLan.exe",".exe","0x014C","kernel32.dll"
"D:\AtelieProd\Equipexe\Exe\LavFacilLan.exe","LavFacilLan.exe",".exe","0x014C","advapi32.dll"
"D:\AtelieProd\Equipexe\Exe\LavFacilLan.exe","LavFacilLan.exe",".exe","0x014C","kernel32.dll"
"D:\AtelieProd\Equipexe\Exe\LavFacilLan.exe","LavFacilLan.exe",".exe","0x014C","mpr.dll"
"D:\AtelieProd\Equipexe\Exe\LavFacilLan.exe","LavFacilLan.exe",".exe","0x014C","version.dll"
"D:\AtelieProd\Equipexe\Exe\LavFacilLan.exe","LavFacilLan.exe",".exe","0x014C","gdi32.dll"
"D:\AtelieProd\Equipexe\Exe\LavFacilLan.exe","LavFacilLan.exe",".exe","0x014C","user32.dll"
"D:\AtelieProd\Equipexe\Exe\LavFacilLan.exe","LavFacilLan.exe",".exe","0x014C","ole32.dll"
"D:\AtelieProd\Equipexe\Exe\LavFacilLan.exe","LavFacilLan.exe",".exe","0x014C","kernel32.dll"
"D:\AtelieProd\Equipexe\Exe\LavFacilLan.exe","LavFacilLan.exe",".exe","0x014C","oleaut32.dll"
"D:\AtelieProd\Equipexe\Exe\LavFacilLan.exe","LavFacilLan.exe",".exe","0x014C","ole32.dll"
"D:\AtelieProd\Equipexe\Exe\LavFacilLan.exe","LavFacilLan.exe",".exe","0x014C","oleaut32.dll"
"D:\AtelieProd\Equipexe\Exe\LavFacilLan.exe","LavFacilLan.exe",".exe","0x014C","comctl32.dll"
"D:\AtelieProd\Equipexe\Exe\LavFacilLan.exe","LavFacilLan.exe",".exe","0x014C","winspool.drv"
"D:\AtelieProd\Equipexe\Exe\LavFacilLan.exe","LavFacilLan.exe",".exe","0x014C","shell32.dll"
"D:\AtelieProd\Equipexe\Exe\LavFacilLan.exe","LavFacilLan.exe",".exe","0x014C","wininet.dll"
"D:\AtelieProd\Equipexe\Exe\LavFacilLan.exe","LavFacilLan.exe",".exe","0x014C","comdlg32.dll"
"D:\AtelieProd\Equipexe\Exe\LavFacilLan.exe","LavFacilLan.exe",".exe","0x014C","kernel32.dll"
"D:\AtelieProd\Equipexe\Exe\LavFacilLan.exe","LavFacilLan.exe",".exe","0x014C","winspool.drv"
"D:\AtelieProd\Equipexe\Exe\LavFacilLan.exe","LavFacilLan.exe",".exe","0x014C","winmm.dll"
"D:\AtelieProd\Equipexe\Exe\LavFacilLan.exe","LavFacilLan.exe",".exe","0x014C","user32.dll"
"D:\AtelieProd\Equipexe\Exe\LavFacilLan.exe","LavFacilLan.exe",".exe","0x014C","BEMAFI32.DLL"
"D:\AtelieProd\Equipexe\Exe\LavFacilLan.exe","LavFacilLan.exe",".exe","0x014C","Mp20fi32.dll"
"D:\AtelieProd\Equipexe\Exe\LavFacilLan.exe","LavFacilLan.exe",".exe","0x014C","general32.dll"
"D:\AtelieProd\Equipexe\Exe\LavFacilLan.exe","LavFacilLan.exe",".exe","0x014C","qtintf70.dll"
"D:\AtelieProd\Equipexe\Exe\LavFacilLan.exe","LavFacilLan.exe",".exe","0x014C","qtintf70.dll"
"D:\AtelieProd\Equipexe\Exe\LavSoft.exe","LavSoft.exe",".exe","0x014C","kernel32.dll"
"D:\AtelieProd\Equipexe\Exe\LavSoft.exe","LavSoft.exe",".exe","0x014C","user32.dll"
"D:\AtelieProd\Equipexe\Exe\LavSoft.exe","LavSoft.exe",".exe","0x014C","oleaut32.dll"
"D:\AtelieProd\Equipexe\Exe\LavSoft.exe","LavSoft.exe",".exe","0x014C","advapi32.dll"
"D:\AtelieProd\Equipexe\Exe\LavSoft.exe","LavSoft.exe",".exe","0x014C","kernel32.dll"
"D:\AtelieProd\Equipexe\Exe\LavSoft.exe","LavSoft.exe",".exe","0x014C","mpr.dll"
"D:\AtelieProd\Equipexe\Exe\LavSoft.exe","LavSoft.exe",".exe","0x014C","gdi32.dll"
"D:\AtelieProd\Equipexe\Exe\LavSoft.exe","LavSoft.exe",".exe","0x014C","user32.dll"
"D:\AtelieProd\Equipexe\Exe\LavSoft.exe","LavSoft.exe",".exe","0x014C","comctl32.dll"
"D:\AtelieProd\Equipexe\Exe\LavSoft.exe","LavSoft.exe",".exe","0x014C","winspool.drv"
"D:\AtelieProd\Equipexe\Exe\LavSoft.exe","LavSoft.exe",".exe","0x014C","comdlg32.dll"
"D:\AtelieProd\Equipexe\Exe\LavSoft.exe","LavSoft.exe",".exe","0x014C","kernel32.dll"
"D:\AtelieProd\Equipexe\Exe\LavSoft.exe","LavSoft.exe",".exe","0x014C","kernel32.dll"
"D:\AtelieProd\Equipexe\Exe\LavSoft.exe","LavSoft.exe",".exe","0x014C","shell32.dll"
"D:\AtelieProd\Equipexe\Exe\LavSoft.exe","LavSoft.exe",".exe","0x014C","user32.dll"
"D:\AtelieProd\Equipexe\Exe\LavSoft.exe","LavSoft.exe",".exe","0x014C","BEMAFI32.DLL"
"D:\AtelieProd\Equipexe\Exe\LavSoft.exe","LavSoft.exe",".exe","0x014C","BEMAFI32.DLL"
"D:\AtelieProd\Equipexe\Exe\LavSoft.exe","LavSoft.exe",".exe","0x014C","ole32.dll"
"D:\AtelieProd\Equipexe\Exe\LavSoft.exe","LavSoft.exe",".exe","0x014C","oleaut32.dll"
"D:\AtelieProd\Equipexe\Exe\LavSoft.exe","LavSoft.exe",".exe","0x014C","Mp20fi32.dll"
"D:\AtelieProd\Equipexe\Exe\LavSoft.exe","LavSoft.exe",".exe","0x014C","general32.dll"
"D:\AtelieProd\Equipexe\Exe\LeCamera.exe","LeCamera.exe",".exe","0x014C","kernel32.dll"
"D:\AtelieProd\Equipexe\Exe\LeCamera.exe","LeCamera.exe",".exe","0x014C","user32.dll"
"D:\AtelieProd\Equipexe\Exe\LeCamera.exe","LeCamera.exe",".exe","0x014C","advapi32.dll"
"D:\AtelieProd\Equipexe\Exe\LeCamera.exe","LeCamera.exe",".exe","0x014C","oleaut32.dll"
"D:\AtelieProd\Equipexe\Exe\LeCamera.exe","LeCamera.exe",".exe","0x014C","kernel32.dll"
"D:\AtelieProd\Equipexe\Exe\LeCamera.exe","LeCamera.exe",".exe","0x014C","advapi32.dll"
"D:\AtelieProd\Equipexe\Exe\LeCamera.exe","LeCamera.exe",".exe","0x014C","kernel32.dll"
"D:\AtelieProd\Equipexe\Exe\LeCamera.exe","LeCamera.exe",".exe","0x014C","version.dll"
"D:\AtelieProd\Equipexe\Exe\LeCamera.exe","LeCamera.exe",".exe","0x014C","gdi32.dll"
"D:\AtelieProd\Equipexe\Exe\LeCamera.exe","LeCamera.exe",".exe","0x014C","user32.dll"
"D:\AtelieProd\Equipexe\Exe\LeCamera.exe","LeCamera.exe",".exe","0x014C","kernel32.dll"
"D:\AtelieProd\Equipexe\Exe\LeCamera.exe","LeCamera.exe",".exe","0x014C","oleaut32.dll"
"D:\AtelieProd\Equipexe\Exe\LeCamera.exe","LeCamera.exe",".exe","0x014C","comctl32.dll"
"D:\AtelieProd\Equipexe\Exe\LeCamera.exe","LeCamera.exe",".exe","0x014C","AVICAP32.dll"
"D:\AtelieProd\Equipexe\Exe\libeay32.dll","libeay32.dll",".dll","0x014C","WS2_32.dll"
"D:\AtelieProd\Equipexe\Exe\libeay32.dll","libeay32.dll",".dll","0x014C","GDI32.dll"
"D:\AtelieProd\Equipexe\Exe\libeay32.dll","libeay32.dll",".dll","0x014C","ADVAPI32.dll"
"D:\AtelieProd\Equipexe\Exe\libeay32.dll","libeay32.dll",".dll","0x014C","USER32.dll"
"D:\AtelieProd\Equipexe\Exe\libeay32.dll","libeay32.dll",".dll","0x014C","KERNEL32.dll"
"D:\AtelieProd\Equipexe\Exe\LiveUpdate.exe","LiveUpdate.exe",".exe","0x014C","kernel32.dll"
"D:\AtelieProd\Equipexe\Exe\LiveUpdate.exe","LiveUpdate.exe",".exe","0x014C","user32.dll"
"D:\AtelieProd\Equipexe\Exe\LiveUpdate.exe","LiveUpdate.exe",".exe","0x014C","advapi32.dll"
"D:\AtelieProd\Equipexe\Exe\LiveUpdate.exe","LiveUpdate.exe",".exe","0x014C","oleaut32.dll"
"D:\AtelieProd\Equipexe\Exe\LiveUpdate.exe","LiveUpdate.exe",".exe","0x014C","kernel32.dll"
"D:\AtelieProd\Equipexe\Exe\LiveUpdate.exe","LiveUpdate.exe",".exe","0x014C","advapi32.dll"
"D:\AtelieProd\Equipexe\Exe\LiveUpdate.exe","LiveUpdate.exe",".exe","0x014C","kernel32.dll"
"D:\AtelieProd\Equipexe\Exe\LiveUpdate.exe","LiveUpdate.exe",".exe","0x014C","version.dll"
"D:\AtelieProd\Equipexe\Exe\LiveUpdate.exe","LiveUpdate.exe",".exe","0x014C","gdi32.dll"
"D:\AtelieProd\Equipexe\Exe\LiveUpdate.exe","LiveUpdate.exe",".exe","0x014C","user32.dll"
"D:\AtelieProd\Equipexe\Exe\LiveUpdate.exe","LiveUpdate.exe",".exe","0x014C","ole32.dll"
"D:\AtelieProd\Equipexe\Exe\LiveUpdate.exe","LiveUpdate.exe",".exe","0x014C","kernel32.dll"
"D:\AtelieProd\Equipexe\Exe\LiveUpdate.exe","LiveUpdate.exe",".exe","0x014C","oleaut32.dll"
"D:\AtelieProd\Equipexe\Exe\LiveUpdate.exe","LiveUpdate.exe",".exe","0x014C","ole32.dll"
"D:\AtelieProd\Equipexe\Exe\LiveUpdate.exe","LiveUpdate.exe",".exe","0x014C","oleaut32.dll"
"D:\AtelieProd\Equipexe\Exe\LiveUpdate.exe","LiveUpdate.exe",".exe","0x014C","comctl32.dll"
"D:\AtelieProd\Equipexe\Exe\LiveUpdate.exe","LiveUpdate.exe",".exe","0x014C","shell32.dll"
"D:\AtelieProd\Equipexe\Exe\LiveUpdate.exe","LiveUpdate.exe",".exe","0x014C","qtintf70.dll"
"D:\AtelieProd\Equipexe\Exe\LiveUpdate.exe","LiveUpdate.exe",".exe","0x014C","qtintf70.dll"
"D:\AtelieProd\Equipexe\Exe\LiveUpdate.exe","LiveUpdate.exe",".exe","0x014C","kernel32.dll"
"D:\AtelieProd\Equipexe\Exe\lotenfse.dll","lotenfse.dll",".dll","0x014C","oleaut32.dll"
"D:\AtelieProd\Equipexe\Exe\lotenfse.dll","lotenfse.dll",".dll","0x014C","advapi32.dll"
"D:\AtelieProd\Equipexe\Exe\lotenfse.dll","lotenfse.dll",".dll","0x014C","user32.dll"
"D:\AtelieProd\Equipexe\Exe\lotenfse.dll","lotenfse.dll",".dll","0x014C","kernel32.dll"
"D:\AtelieProd\Equipexe\Exe\lotenfse.dll","lotenfse.dll",".dll","0x014C","kernel32.dll"
"D:\AtelieProd\Equipexe\Exe\lotenfse.dll","lotenfse.dll",".dll","0x014C","kernel32.dll"
"D:\AtelieProd\Equipexe\Exe\lotenfse.dll","lotenfse.dll",".dll","0x014C","borlndmm.dll"
"D:\AtelieProd\Equipexe\Exe\lotenfse.dll","lotenfse.dll",".dll","0x014C","user32.dll"
"D:\AtelieProd\Equipexe\Exe\lotenfse.dll","lotenfse.dll",".dll","0x014C","gdi32.dll"
"D:\AtelieProd\Equipexe\Exe\lotenfse.dll","lotenfse.dll",".dll","0x014C","version.dll"
"D:\AtelieProd\Equipexe\Exe\lotenfse.dll","lotenfse.dll",".dll","0x014C","kernel32.dll"
"D:\AtelieProd\Equipexe\Exe\lotenfse.dll","lotenfse.dll",".dll","0x014C","advapi32.dll"
"D:\AtelieProd\Equipexe\Exe\lotenfse.dll","lotenfse.dll",".dll","0x014C","kernel32.dll"
"D:\AtelieProd\Equipexe\Exe\lotenfse.dll","lotenfse.dll",".dll","0x014C","ole32.dll"
"D:\AtelieProd\Equipexe\Exe\lotenfse.dll","lotenfse.dll",".dll","0x014C","oleaut32.dll"
"D:\AtelieProd\Equipexe\Exe\lotenfse.dll","lotenfse.dll",".dll","0x014C","ole32.dll"
"D:\AtelieProd\Equipexe\Exe\lotenfse.dll","lotenfse.dll",".dll","0x014C","oleaut32.dll"
"D:\AtelieProd\Equipexe\Exe\lotenfse.dll","lotenfse.dll",".dll","0x014C","wininet.dll"
"D:\AtelieProd\Equipexe\Exe\lotenfse.dll","lotenfse.dll",".dll","0x014C","comctl32.dll"
"D:\AtelieProd\Equipexe\Exe\LSLavSoft.exe","LSLavSoft.exe",".exe","0x014C","kernel32.dll"
"D:\AtelieProd\Equipexe\Exe\LSLavSoft.exe","LSLavSoft.exe",".exe","0x014C","user32.dll"
"D:\AtelieProd\Equipexe\Exe\LSLavSoft.exe","LSLavSoft.exe",".exe","0x014C","advapi32.dll"
"D:\AtelieProd\Equipexe\Exe\LSLavSoft.exe","LSLavSoft.exe",".exe","0x014C","oleaut32.dll"
"D:\AtelieProd\Equipexe\Exe\LSLavSoft.exe","LSLavSoft.exe",".exe","0x014C","kernel32.dll"
"D:\AtelieProd\Equipexe\Exe\LSLavSoft.exe","LSLavSoft.exe",".exe","0x014C","advapi32.dll"
"D:\AtelieProd\Equipexe\Exe\LSLavSoft.exe","LSLavSoft.exe",".exe","0x014C","kernel32.dll"
"D:\AtelieProd\Equipexe\Exe\LSLavSoft.exe","LSLavSoft.exe",".exe","0x014C","version.dll"
"D:\AtelieProd\Equipexe\Exe\LSLavSoft.exe","LSLavSoft.exe",".exe","0x014C","gdi32.dll"
"D:\AtelieProd\Equipexe\Exe\LSLavSoft.exe","LSLavSoft.exe",".exe","0x014C","user32.dll"
"D:\AtelieProd\Equipexe\Exe\LSLavSoft.exe","LSLavSoft.exe",".exe","0x014C","kernel32.dll"
"D:\AtelieProd\Equipexe\Exe\LSLavSoft.exe","LSLavSoft.exe",".exe","0x014C","oleaut32.dll"
"D:\AtelieProd\Equipexe\Exe\LSLavSoft.exe","LSLavSoft.exe",".exe","0x014C","ole32.dll"
"D:\AtelieProd\Equipexe\Exe\LSLavSoft.exe","LSLavSoft.exe",".exe","0x014C","oleaut32.dll"
"D:\AtelieProd\Equipexe\Exe\LSLavSoft.exe","LSLavSoft.exe",".exe","0x014C","comctl32.dll"
"D:\AtelieProd\Equipexe\Exe\LSLavSoft.exe","LSLavSoft.exe",".exe","0x014C","shell32.dll"
"D:\AtelieProd\Equipexe\Exe\Lspt.exe","Lspt.exe",".exe","0x014C","kernel32.dll"
"D:\AtelieProd\Equipexe\Exe\Lspt.exe","Lspt.exe",".exe","0x014C","user32.dll"
"D:\AtelieProd\Equipexe\Exe\Lspt.exe","Lspt.exe",".exe","0x014C","advapi32.dll"
"D:\AtelieProd\Equipexe\Exe\Lspt.exe","Lspt.exe",".exe","0x014C","oleaut32.dll"
"D:\AtelieProd\Equipexe\Exe\Lspt.exe","Lspt.exe",".exe","0x014C","kernel32.dll"
"D:\AtelieProd\Equipexe\Exe\Lspt.exe","Lspt.exe",".exe","0x014C","advapi32.dll"
"D:\AtelieProd\Equipexe\Exe\Lspt.exe","Lspt.exe",".exe","0x014C","kernel32.dll"
"D:\AtelieProd\Equipexe\Exe\Lspt.exe","Lspt.exe",".exe","0x014C","version.dll"
"D:\AtelieProd\Equipexe\Exe\Lspt.exe","Lspt.exe",".exe","0x014C","gdi32.dll"
"D:\AtelieProd\Equipexe\Exe\Lspt.exe","Lspt.exe",".exe","0x014C","user32.dll"
"D:\AtelieProd\Equipexe\Exe\Lspt.exe","Lspt.exe",".exe","0x014C","kernel32.dll"
"D:\AtelieProd\Equipexe\Exe\Lspt.exe","Lspt.exe",".exe","0x014C","oleaut32.dll"
"D:\AtelieProd\Equipexe\Exe\Lspt.exe","Lspt.exe",".exe","0x014C","ole32.dll"
"D:\AtelieProd\Equipexe\Exe\Lspt.exe","Lspt.exe",".exe","0x014C","oleaut32.dll"
"D:\AtelieProd\Equipexe\Exe\Lspt.exe","Lspt.exe",".exe","0x014C","comctl32.dll"
"D:\AtelieProd\Equipexe\Exe\Lspt.exe","Lspt.exe",".exe","0x014C","shell32.dll"
"D:\AtelieProd\Equipexe\Exe\MachLavLoc.exe","MachLavLoc.exe",".exe","0x014C","kernel32.dll"
"D:\AtelieProd\Equipexe\Exe\MachLavLoc.exe","MachLavLoc.exe",".exe","0x014C","user32.dll"
"D:\AtelieProd\Equipexe\Exe\MachLavLoc.exe","MachLavLoc.exe",".exe","0x014C","advapi32.dll"
"D:\AtelieProd\Equipexe\Exe\MachLavLoc.exe","MachLavLoc.exe",".exe","0x014C","oleaut32.dll"
"D:\AtelieProd\Equipexe\Exe\MachLavLoc.exe","MachLavLoc.exe",".exe","0x014C","kernel32.dll"
"D:\AtelieProd\Equipexe\Exe\MachLavLoc.exe","MachLavLoc.exe",".exe","0x014C","advapi32.dll"
"D:\AtelieProd\Equipexe\Exe\MachLavLoc.exe","MachLavLoc.exe",".exe","0x014C","kernel32.dll"
"D:\AtelieProd\Equipexe\Exe\MachLavLoc.exe","MachLavLoc.exe",".exe","0x014C","version.dll"
"D:\AtelieProd\Equipexe\Exe\MachLavLoc.exe","MachLavLoc.exe",".exe","0x014C","gdi32.dll"
"D:\AtelieProd\Equipexe\Exe\MachLavLoc.exe","MachLavLoc.exe",".exe","0x014C","user32.dll"
"D:\AtelieProd\Equipexe\Exe\MachLavLoc.exe","MachLavLoc.exe",".exe","0x014C","kernel32.dll"
"D:\AtelieProd\Equipexe\Exe\MachLavLoc.exe","MachLavLoc.exe",".exe","0x014C","oleaut32.dll"
"D:\AtelieProd\Equipexe\Exe\MachLavLoc.exe","MachLavLoc.exe",".exe","0x014C","ole32.dll"
"D:\AtelieProd\Equipexe\Exe\MachLavLoc.exe","MachLavLoc.exe",".exe","0x014C","oleaut32.dll"
"D:\AtelieProd\Equipexe\Exe\MachLavLoc.exe","MachLavLoc.exe",".exe","0x014C","comctl32.dll"
"D:\AtelieProd\Equipexe\Exe\MachLavLoc.exe","MachLavLoc.exe",".exe","0x014C","shell32.dll"
"D:\AtelieProd\Equipexe\Exe\midas.dll","midas.dll",".dll","0x014C","ADVAPI32.DLL"
"D:\AtelieProd\Equipexe\Exe\midas.dll","midas.dll",".dll","0x014C","KERNEL32.DLL"
"D:\AtelieProd\Equipexe\Exe\midas.dll","midas.dll",".dll","0x014C","USER32.DLL"
"D:\AtelieProd\Equipexe\Exe\midas.dll","midas.dll",".dll","0x014C","OLE32.DLL"
"D:\AtelieProd\Equipexe\Exe\midas.dll","midas.dll",".dll","0x014C","OLEAUT32.DLL"
"D:\AtelieProd\Equipexe\Exe\MP2032.DLL","MP2032.DLL",".DLL","0x014C","KERNEL32.dll"
"D:\AtelieProd\Equipexe\Exe\MP2032.DLL","MP2032.DLL",".DLL","0x014C","USER32.dll"
"D:\AtelieProd\Equipexe\Exe\MP2032.DLL","MP2032.DLL",".DLL","0x014C","ADVAPI32.dll"
"D:\AtelieProd\Equipexe\Exe\MP20FI32.DLL","MP20FI32.DLL",".DLL","0x014C","KERNEL32.dll"
"D:\AtelieProd\Equipexe\Exe\MP20FI32.DLL","MP20FI32.DLL",".DLL","0x014C","USER32.dll"
"D:\AtelieProd\Equipexe\Exe\MSJET35.dll","MSJET35.dll",".dll","0x014C","KERNEL32.dll"
"D:\AtelieProd\Equipexe\Exe\MSJET35.dll","MSJET35.dll",".dll","0x014C","USER32.dll"
"D:\AtelieProd\Equipexe\Exe\MSJET35.dll","MSJET35.dll",".dll","0x014C","ADVAPI32.dll"
"D:\AtelieProd\Equipexe\Exe\MSJET35.dll","MSJET35.dll",".dll","0x014C","ole32.dll"
"D:\AtelieProd\Equipexe\Exe\MSJET35.dll","MSJET35.dll",".dll","0x014C","OLEAUT32.dll"
"D:\AtelieProd\Equipexe\Exe\MSVCRT.DLL","MSVCRT.DLL",".DLL","0x014C","KERNEL32.dll"
"D:\AtelieProd\Equipexe\Exe\NBioBSP.dll","NBioBSP.dll",".dll","0x014C","KERNEL32.dll"
"D:\AtelieProd\Equipexe\Exe\NBioBSP.dll","NBioBSP.dll",".dll","0x014C","USER32.dll"
"D:\AtelieProd\Equipexe\Exe\NBioBSP.dll","NBioBSP.dll",".dll","0x014C","GDI32.dll"
"D:\AtelieProd\Equipexe\Exe\NBioBSP.dll","NBioBSP.dll",".dll","0x014C","WINSPOOL.DRV"
"D:\AtelieProd\Equipexe\Exe\NBioBSP.dll","NBioBSP.dll",".dll","0x014C","ADVAPI32.dll"
"D:\AtelieProd\Equipexe\Exe\NBioBSP.dll","NBioBSP.dll",".dll","0x014C","COMCTL32.dll"
"D:\AtelieProd\Equipexe\Exe\NBioBSP.dll","NBioBSP.dll",".dll","0x014C","VERSION.dll"
"D:\AtelieProd\Equipexe\Exe\NFE.exe","NFE.exe",".exe","0x014C","oleaut32.dll"
"D:\AtelieProd\Equipexe\Exe\NFE.exe","NFE.exe",".exe","0x014C","advapi32.dll"
"D:\AtelieProd\Equipexe\Exe\NFE.exe","NFE.exe",".exe","0x014C","user32.dll"
"D:\AtelieProd\Equipexe\Exe\NFE.exe","NFE.exe",".exe","0x014C","kernel32.dll"
"D:\AtelieProd\Equipexe\Exe\NFE.exe","NFE.exe",".exe","0x014C","kernel32.dll"
"D:\AtelieProd\Equipexe\Exe\NFE.exe","NFE.exe",".exe","0x014C","user32.dll"
"D:\AtelieProd\Equipexe\Exe\NFE.exe","NFE.exe",".exe","0x014C","msimg32.dll"
"D:\AtelieProd\Equipexe\Exe\NFE.exe","NFE.exe",".exe","0x014C","gdi32.dll"
"D:\AtelieProd\Equipexe\Exe\NFE.exe","NFE.exe",".exe","0x014C","version.dll"
"D:\AtelieProd\Equipexe\Exe\NFE.exe","NFE.exe",".exe","0x014C","kernel32.dll"
"D:\AtelieProd\Equipexe\Exe\NFE.exe","NFE.exe",".exe","0x014C","advapi32.dll"
"D:\AtelieProd\Equipexe\Exe\NFE.exe","NFE.exe",".exe","0x014C","kernel32.dll"
"D:\AtelieProd\Equipexe\Exe\NFE.exe","NFE.exe",".exe","0x014C","ole32.dll"
"D:\AtelieProd\Equipexe\Exe\NFE.exe","NFE.exe",".exe","0x014C","oleaut32.dll"
"D:\AtelieProd\Equipexe\Exe\NFE.exe","NFE.exe",".exe","0x014C","ole32.dll"
"D:\AtelieProd\Equipexe\Exe\NFE.exe","NFE.exe",".exe","0x014C","oleaut32.dll"
"D:\AtelieProd\Equipexe\Exe\NFE.exe","NFE.exe",".exe","0x014C","comctl32.dll"
"D:\AtelieProd\Equipexe\Exe\NFE.exe","NFE.exe",".exe","0x014C","user32.dll"
"D:\AtelieProd\Equipexe\Exe\NFE.exe","NFE.exe",".exe","0x014C","msvcrt.dll"
"D:\AtelieProd\Equipexe\Exe\NFE.exe","NFE.exe",".exe","0x014C","shell32.dll"
"D:\AtelieProd\Equipexe\Exe\NFE.exe","NFE.exe",".exe","0x014C","wininet.dll"
"D:\AtelieProd\Equipexe\Exe\NFE.exe","NFE.exe",".exe","0x014C","comdlg32.dll"
"D:\AtelieProd\Equipexe\Exe\NFE.exe","NFE.exe",".exe","0x014C","winspool.drv"
"D:\AtelieProd\Equipexe\Exe\NFE.exe","NFE.exe",".exe","0x014C","winspool.drv"
"D:\AtelieProd\Equipexe\Exe\NFE.exe","NFE.exe",".exe","0x014C","kernel32.dll"
"D:\AtelieProd\Equipexe\Exe\NFE.exe","NFE.exe",".exe","0x014C","kernel32.dll"
"D:\AtelieProd\Equipexe\Exe\NFE.exe","NFE.exe",".exe","0x014C","lotenfse.dll"
"D:\AtelieProd\Equipexe\Exe\NFSe_Util_nat.dll","NFSe_Util_nat.dll",".dll","0x014C","kernel32.dll"
"D:\AtelieProd\Equipexe\Exe\NFSe_Util_nat.dll","NFSe_Util_nat.dll",".dll","0x014C","user32.dll"
"D:\AtelieProd\Equipexe\Exe\NFSe_Util_nat.dll","NFSe_Util_nat.dll",".dll","0x014C","advapi32.dll"
"D:\AtelieProd\Equipexe\Exe\NFSe_Util_nat.dll","NFSe_Util_nat.dll",".dll","0x014C","oleaut32.dll"
"D:\AtelieProd\Equipexe\Exe\NFSe_Util_nat.dll","NFSe_Util_nat.dll",".dll","0x014C","kernel32.dll"
"D:\AtelieProd\Equipexe\Exe\NFSe_Util_nat.dll","NFSe_Util_nat.dll",".dll","0x014C","kernel32.dll"
"D:\AtelieProd\Equipexe\Exe\NFSe_Util_nat.dll","NFSe_Util_nat.dll",".dll","0x014C","user32.dll"
"D:\AtelieProd\Equipexe\Exe\NFSe_Util_nat.dll","NFSe_Util_nat.dll",".dll","0x014C","kernel32.dll"
"D:\AtelieProd\Equipexe\Exe\NFSe_Util_nat.dll","NFSe_Util_nat.dll",".dll","0x014C","oleaut32.dll"
"D:\AtelieProd\Equipexe\Exe\NFSe_Util.dll","NFSe_Util.dll",".dll","0x014C","mscoree.dll"
"D:\AtelieProd\Equipexe\Exe\NImgConv.dll","NImgConv.dll",".dll","0x014C","MSVCRT.dll"
"D:\AtelieProd\Equipexe\Exe\NImgConv.dll","NImgConv.dll",".dll","0x014C","MFC42.DLL"
"D:\AtelieProd\Equipexe\Exe\NImgConv.dll","NImgConv.dll",".dll","0x014C","KERNEL32.dll"
"D:\AtelieProd\Equipexe\Exe\NImgConv.dll","NImgConv.dll",".dll","0x014C","USER32.dll"
"D:\AtelieProd\Equipexe\Exe\NMOCOD.DLL","NMOCOD.DLL",".DLL","0x014C","NMSCKN.DLL"
"D:\AtelieProd\Equipexe\Exe\NMOCOD.DLL","NMOCOD.DLL",".DLL","0x014C","MSVCRT40.dll"
"D:\AtelieProd\Equipexe\Exe\NMOCOD.DLL","NMOCOD.DLL",".DLL","0x014C","KERNEL32.dll"
"D:\AtelieProd\Equipexe\Exe\NMOCOD.DLL","NMOCOD.DLL",".DLL","0x014C","USER32.dll"
"D:\AtelieProd\Equipexe\Exe\NMOCOD.DLL","NMOCOD.DLL",".DLL","0x014C","ole32.dll"
"D:\AtelieProd\Equipexe\Exe\NMOCOD.DLL","NMOCOD.DLL",".DLL","0x014C","ADVAPI32.dll"
"D:\AtelieProd\Equipexe\Exe\NMOCOD.DLL","NMOCOD.DLL",".DLL","0x014C","OLEAUT32.dll"
"D:\AtelieProd\Equipexe\Exe\NMOCOD.DLL","NMOCOD.DLL",".DLL","0x014C","GDI32.dll"
"D:\AtelieProd\Equipexe\Exe\NSearch.dll","NSearch.dll",".dll","0x014C","KERNEL32.dll"
"D:\AtelieProd\Equipexe\Exe\ntwdblib.dll","ntwdblib.dll",".dll","0x014C","KERNEL32.dll"
"D:\AtelieProd\Equipexe\Exe\ntwdblib.dll","ntwdblib.dll",".dll","0x014C","ADVAPI32.dll"
"D:\AtelieProd\Equipexe\Exe\ntwdblib.dll","ntwdblib.dll",".dll","0x014C","MSVCRT.dll"
"D:\AtelieProd\Equipexe\Exe\ntwdblib.dll","ntwdblib.dll",".dll","0x014C","USER32.dll"
"D:\AtelieProd\Equipexe\Exe\ntwdblib.dll","ntwdblib.dll",".dll","0x014C","NETAPI32.dll"
"D:\AtelieProd\Equipexe\Exe\OLEPRO32.DLL","OLEPRO32.DLL",".DLL","0x014C","KERNEL32.dll"
"D:\AtelieProd\Equipexe\Exe\OLEPRO32.DLL","OLEPRO32.DLL",".DLL","0x014C","USER32.dll"
"D:\AtelieProd\Equipexe\Exe\OLEPRO32.DLL","OLEPRO32.DLL",".DLL","0x014C","GDI32.dll"
"D:\AtelieProd\Equipexe\Exe\OLEPRO32.DLL","OLEPRO32.DLL",".DLL","0x014C","ole32.dll"
"D:\AtelieProd\Equipexe\Exe\OLEPRO32.DLL","OLEPRO32.DLL",".DLL","0x014C","ADVAPI32.dll"
"D:\AtelieProd\Equipexe\Exe\OLEPRO32.DLL","OLEPRO32.DLL",".DLL","0x014C","OLEAUT32.dll"
"D:\AtelieProd\Equipexe\Exe\Parametros.exe","Parametros.exe",".exe","0x014C","kernel32.dll"
"D:\AtelieProd\Equipexe\Exe\Parametros.exe","Parametros.exe",".exe","0x014C","user32.dll"
"D:\AtelieProd\Equipexe\Exe\Parametros.exe","Parametros.exe",".exe","0x014C","advapi32.dll"
"D:\AtelieProd\Equipexe\Exe\Parametros.exe","Parametros.exe",".exe","0x014C","oleaut32.dll"
"D:\AtelieProd\Equipexe\Exe\Parametros.exe","Parametros.exe",".exe","0x014C","kernel32.dll"
"D:\AtelieProd\Equipexe\Exe\Parametros.exe","Parametros.exe",".exe","0x014C","advapi32.dll"
"D:\AtelieProd\Equipexe\Exe\Parametros.exe","Parametros.exe",".exe","0x014C","kernel32.dll"
"D:\AtelieProd\Equipexe\Exe\Parametros.exe","Parametros.exe",".exe","0x014C","version.dll"
"D:\AtelieProd\Equipexe\Exe\Parametros.exe","Parametros.exe",".exe","0x014C","gdi32.dll"
"D:\AtelieProd\Equipexe\Exe\Parametros.exe","Parametros.exe",".exe","0x014C","user32.dll"
"D:\AtelieProd\Equipexe\Exe\Parametros.exe","Parametros.exe",".exe","0x014C","kernel32.dll"
"D:\AtelieProd\Equipexe\Exe\Parametros.exe","Parametros.exe",".exe","0x014C","oleaut32.dll"
"D:\AtelieProd\Equipexe\Exe\Parametros.exe","Parametros.exe",".exe","0x014C","ole32.dll"
"D:\AtelieProd\Equipexe\Exe\Parametros.exe","Parametros.exe",".exe","0x014C","oleaut32.dll"
"D:\AtelieProd\Equipexe\Exe\Parametros.exe","Parametros.exe",".exe","0x014C","comctl32.dll"
"D:\AtelieProd\Equipexe\Exe\Parametros.exe","Parametros.exe",".exe","0x014C","winspool.drv"
"D:\AtelieProd\Equipexe\Exe\Parametros.exe","Parametros.exe",".exe","0x014C","comdlg32.dll"
"D:\AtelieProd\Equipexe\Exe\Pcp.exe","Pcp.exe",".exe","0x014C","kernel32.dll"
"D:\AtelieProd\Equipexe\Exe\Pcp.exe","Pcp.exe",".exe","0x014C","user32.dll"
"D:\AtelieProd\Equipexe\Exe\Pcp.exe","Pcp.exe",".exe","0x014C","advapi32.dll"
"D:\AtelieProd\Equipexe\Exe\Pcp.exe","Pcp.exe",".exe","0x014C","oleaut32.dll"
"D:\AtelieProd\Equipexe\Exe\Pcp.exe","Pcp.exe",".exe","0x014C","kernel32.dll"
"D:\AtelieProd\Equipexe\Exe\Pcp.exe","Pcp.exe",".exe","0x014C","advapi32.dll"
"D:\AtelieProd\Equipexe\Exe\Pcp.exe","Pcp.exe",".exe","0x014C","kernel32.dll"
"D:\AtelieProd\Equipexe\Exe\Pcp.exe","Pcp.exe",".exe","0x014C","version.dll"
"D:\AtelieProd\Equipexe\Exe\Pcp.exe","Pcp.exe",".exe","0x014C","gdi32.dll"
"D:\AtelieProd\Equipexe\Exe\Pcp.exe","Pcp.exe",".exe","0x014C","user32.dll"
"D:\AtelieProd\Equipexe\Exe\Pcp.exe","Pcp.exe",".exe","0x014C","ole32.dll"
"D:\AtelieProd\Equipexe\Exe\Pcp.exe","Pcp.exe",".exe","0x014C","kernel32.dll"
"D:\AtelieProd\Equipexe\Exe\Pcp.exe","Pcp.exe",".exe","0x014C","oleaut32.dll"
"D:\AtelieProd\Equipexe\Exe\Pcp.exe","Pcp.exe",".exe","0x014C","ole32.dll"
"D:\AtelieProd\Equipexe\Exe\Pcp.exe","Pcp.exe",".exe","0x014C","oleaut32.dll"
"D:\AtelieProd\Equipexe\Exe\Pcp.exe","Pcp.exe",".exe","0x014C","comctl32.dll"
"D:\AtelieProd\Equipexe\Exe\Pcp.exe","Pcp.exe",".exe","0x014C","winspool.drv"
"D:\AtelieProd\Equipexe\Exe\Pcp.exe","Pcp.exe",".exe","0x014C","comdlg32.dll"
"D:\AtelieProd\Equipexe\Exe\Pcp.exe","Pcp.exe",".exe","0x014C","winmm.dll"
"D:\AtelieProd\Equipexe\Exe\Pcp.exe","Pcp.exe",".exe","0x014C","kernel32.dll"
"D:\AtelieProd\Equipexe\Exe\PEquPrev2.exe","PEquPrev2.exe",".exe","0x014C","kernel32.dll"
"D:\AtelieProd\Equipexe\Exe\PEquPrev2.exe","PEquPrev2.exe",".exe","0x014C","user32.dll"
"D:\AtelieProd\Equipexe\Exe\PEquPrev2.exe","PEquPrev2.exe",".exe","0x014C","oleaut32.dll"
"D:\AtelieProd\Equipexe\Exe\PEquPrev2.exe","PEquPrev2.exe",".exe","0x014C","advapi32.dll"
"D:\AtelieProd\Equipexe\Exe\PEquPrev2.exe","PEquPrev2.exe",".exe","0x014C","kernel32.dll"
"D:\AtelieProd\Equipexe\Exe\PEquPrev2.exe","PEquPrev2.exe",".exe","0x014C","gdi32.dll"
"D:\AtelieProd\Equipexe\Exe\PEquPrev2.exe","PEquPrev2.exe",".exe","0x014C","user32.dll"
"D:\AtelieProd\Equipexe\Exe\PEquPrev2.exe","PEquPrev2.exe",".exe","0x014C","comctl32.dll"
"D:\AtelieProd\Equipexe\Exe\PEquPrev2.exe","PEquPrev2.exe",".exe","0x014C","winspool.drv"
"D:\AtelieProd\Equipexe\Exe\PEquPrev2.exe","PEquPrev2.exe",".exe","0x014C","comdlg32.dll"
"D:\AtelieProd\Equipexe\Exe\PEquPrev6.exe","PEquPrev6.exe",".exe","0x014C","kernel32.dll"
"D:\AtelieProd\Equipexe\Exe\PEquPrev6.exe","PEquPrev6.exe",".exe","0x014C","user32.dll"
"D:\AtelieProd\Equipexe\Exe\PEquPrev6.exe","PEquPrev6.exe",".exe","0x014C","advapi32.dll"
"D:\AtelieProd\Equipexe\Exe\PEquPrev6.exe","PEquPrev6.exe",".exe","0x014C","oleaut32.dll"
"D:\AtelieProd\Equipexe\Exe\PEquPrev6.exe","PEquPrev6.exe",".exe","0x014C","kernel32.dll"
"D:\AtelieProd\Equipexe\Exe\PEquPrev6.exe","PEquPrev6.exe",".exe","0x014C","advapi32.dll"
"D:\AtelieProd\Equipexe\Exe\PEquPrev6.exe","PEquPrev6.exe",".exe","0x014C","kernel32.dll"
"D:\AtelieProd\Equipexe\Exe\PEquPrev6.exe","PEquPrev6.exe",".exe","0x014C","version.dll"
"D:\AtelieProd\Equipexe\Exe\PEquPrev6.exe","PEquPrev6.exe",".exe","0x014C","gdi32.dll"
"D:\AtelieProd\Equipexe\Exe\PEquPrev6.exe","PEquPrev6.exe",".exe","0x014C","user32.dll"
"D:\AtelieProd\Equipexe\Exe\PEquPrev6.exe","PEquPrev6.exe",".exe","0x014C","kernel32.dll"
"D:\AtelieProd\Equipexe\Exe\PEquPrev6.exe","PEquPrev6.exe",".exe","0x014C","oleaut32.dll"
"D:\AtelieProd\Equipexe\Exe\PEquPrev6.exe","PEquPrev6.exe",".exe","0x014C","ole32.dll"
"D:\AtelieProd\Equipexe\Exe\PEquPrev6.exe","PEquPrev6.exe",".exe","0x014C","oleaut32.dll"
"D:\AtelieProd\Equipexe\Exe\PEquPrev6.exe","PEquPrev6.exe",".exe","0x014C","comctl32.dll"
"D:\AtelieProd\Equipexe\Exe\PEquPrev6.exe","PEquPrev6.exe",".exe","0x014C","winspool.drv"
"D:\AtelieProd\Equipexe\Exe\PEquPrev6.exe","PEquPrev6.exe",".exe","0x014C","comdlg32.dll"
"D:\AtelieProd\Equipexe\Exe\PTravaRelogio.exe","PTravaRelogio.exe",".exe","0x014C","kernel32.dll"
"D:\AtelieProd\Equipexe\Exe\PTravaRelogio.exe","PTravaRelogio.exe",".exe","0x014C","user32.dll"
"D:\AtelieProd\Equipexe\Exe\PTravaRelogio.exe","PTravaRelogio.exe",".exe","0x014C","advapi32.dll"
"D:\AtelieProd\Equipexe\Exe\PTravaRelogio.exe","PTravaRelogio.exe",".exe","0x014C","oleaut32.dll"
"D:\AtelieProd\Equipexe\Exe\PTravaRelogio.exe","PTravaRelogio.exe",".exe","0x014C","kernel32.dll"
"D:\AtelieProd\Equipexe\Exe\PTravaRelogio.exe","PTravaRelogio.exe",".exe","0x014C","advapi32.dll"
"D:\AtelieProd\Equipexe\Exe\PTravaRelogio.exe","PTravaRelogio.exe",".exe","0x014C","kernel32.dll"
"D:\AtelieProd\Equipexe\Exe\PTravaRelogio.exe","PTravaRelogio.exe",".exe","0x014C","version.dll"
"D:\AtelieProd\Equipexe\Exe\PTravaRelogio.exe","PTravaRelogio.exe",".exe","0x014C","gdi32.dll"
"D:\AtelieProd\Equipexe\Exe\PTravaRelogio.exe","PTravaRelogio.exe",".exe","0x014C","user32.dll"
"D:\AtelieProd\Equipexe\Exe\PTravaRelogio.exe","PTravaRelogio.exe",".exe","0x014C","kernel32.dll"
"D:\AtelieProd\Equipexe\Exe\PTravaRelogio.exe","PTravaRelogio.exe",".exe","0x014C","oleaut32.dll"
"D:\AtelieProd\Equipexe\Exe\PTravaRelogio.exe","PTravaRelogio.exe",".exe","0x014C","ole32.dll"
"D:\AtelieProd\Equipexe\Exe\PTravaRelogio.exe","PTravaRelogio.exe",".exe","0x014C","oleaut32.dll"
"D:\AtelieProd\Equipexe\Exe\PTravaRelogio.exe","PTravaRelogio.exe",".exe","0x014C","comctl32.dll"
"D:\AtelieProd\Equipexe\Exe\qtintf.dll","qtintf.dll",".dll","0x014C","ADVAPI32.DLL"
"D:\AtelieProd\Equipexe\Exe\qtintf.dll","qtintf.dll",".dll","0x014C","KERNEL32.DLL"
"D:\AtelieProd\Equipexe\Exe\qtintf.dll","qtintf.dll",".dll","0x014C","WSOCK32.DLL"
"D:\AtelieProd\Equipexe\Exe\qtintf.dll","qtintf.dll",".dll","0x014C","COMDLG32.DLL"
"D:\AtelieProd\Equipexe\Exe\qtintf.dll","qtintf.dll",".dll","0x014C","GDI32.DLL"
"D:\AtelieProd\Equipexe\Exe\qtintf.dll","qtintf.dll",".dll","0x014C","SHELL32.DLL"
"D:\AtelieProd\Equipexe\Exe\qtintf.dll","qtintf.dll",".dll","0x014C","USER32.DLL"
"D:\AtelieProd\Equipexe\Exe\qtintf.dll","qtintf.dll",".dll","0x014C","IMM32.DLL"
"D:\AtelieProd\Equipexe\Exe\qtintf.dll","qtintf.dll",".dll","0x014C","OLE32.DLL"
"D:\AtelieProd\Equipexe\Exe\qtintf70.dll","qtintf70.dll",".dll","0x014C","ADVAPI32.DLL"
"D:\AtelieProd\Equipexe\Exe\qtintf70.dll","qtintf70.dll",".dll","0x014C","KERNEL32.DLL"
"D:\AtelieProd\Equipexe\Exe\qtintf70.dll","qtintf70.dll",".dll","0x014C","WSOCK32.DLL"
"D:\AtelieProd\Equipexe\Exe\qtintf70.dll","qtintf70.dll",".dll","0x014C","COMDLG32.DLL"
"D:\AtelieProd\Equipexe\Exe\qtintf70.dll","qtintf70.dll",".dll","0x014C","GDI32.DLL"
"D:\AtelieProd\Equipexe\Exe\qtintf70.dll","qtintf70.dll",".dll","0x014C","SHELL32.DLL"
"D:\AtelieProd\Equipexe\Exe\qtintf70.dll","qtintf70.dll",".dll","0x014C","USER32.DLL"
"D:\AtelieProd\Equipexe\Exe\qtintf70.dll","qtintf70.dll",".dll","0x014C","IMM32.DLL"
"D:\AtelieProd\Equipexe\Exe\qtintf70.dll","qtintf70.dll",".dll","0x014C","OLE32.DLL"
"D:\AtelieProd\Equipexe\Exe\SAT.exe","SAT.exe",".exe","0x014C","kernel32.dll"
"D:\AtelieProd\Equipexe\Exe\SAT.exe","SAT.exe",".exe","0x014C","user32.dll"
"D:\AtelieProd\Equipexe\Exe\SAT.exe","SAT.exe",".exe","0x014C","advapi32.dll"
"D:\AtelieProd\Equipexe\Exe\SAT.exe","SAT.exe",".exe","0x014C","oleaut32.dll"
"D:\AtelieProd\Equipexe\Exe\SAT.exe","SAT.exe",".exe","0x014C","kernel32.dll"
"D:\AtelieProd\Equipexe\Exe\SAT.exe","SAT.exe",".exe","0x014C","advapi32.dll"
"D:\AtelieProd\Equipexe\Exe\SAT.exe","SAT.exe",".exe","0x014C","kernel32.dll"
"D:\AtelieProd\Equipexe\Exe\SAT.exe","SAT.exe",".exe","0x014C","version.dll"
"D:\AtelieProd\Equipexe\Exe\SAT.exe","SAT.exe",".exe","0x014C","gdi32.dll"
"D:\AtelieProd\Equipexe\Exe\SAT.exe","SAT.exe",".exe","0x014C","user32.dll"
"D:\AtelieProd\Equipexe\Exe\SAT.exe","SAT.exe",".exe","0x014C","ole32.dll"
"D:\AtelieProd\Equipexe\Exe\SAT.exe","SAT.exe",".exe","0x014C","kernel32.dll"
"D:\AtelieProd\Equipexe\Exe\SAT.exe","SAT.exe",".exe","0x014C","oleaut32.dll"
"D:\AtelieProd\Equipexe\Exe\SAT.exe","SAT.exe",".exe","0x014C","ole32.dll"
"D:\AtelieProd\Equipexe\Exe\SAT.exe","SAT.exe",".exe","0x014C","oleaut32.dll"
"D:\AtelieProd\Equipexe\Exe\SAT.exe","SAT.exe",".exe","0x014C","comctl32.dll"
"D:\AtelieProd\Equipexe\Exe\SAT.exe","SAT.exe",".exe","0x014C","winspool.drv"
"D:\AtelieProd\Equipexe\Exe\SAT.exe","SAT.exe",".exe","0x014C","shell32.dll"
"D:\AtelieProd\Equipexe\Exe\SAT.exe","SAT.exe",".exe","0x014C","comdlg32.dll"
"D:\AtelieProd\Equipexe\Exe\SAT.exe","SAT.exe",".exe","0x014C","kernel32.dll"
"D:\AtelieProd\Equipexe\Exe\SAT.exe","SAT.exe",".exe","0x014C","winmm.dll"
"D:\AtelieProd\Equipexe\Exe\SAT.exe","SAT.exe",".exe","0x014C","winspool.drv"
"D:\AtelieProd\Equipexe\Exe\SAT.exe","SAT.exe",".exe","0x014C","Tapi32.dll"
"D:\AtelieProd\Equipexe\Exe\SAT.exe","SAT.exe",".exe","0x014C","qtintf70.dll"
"D:\AtelieProd\Equipexe\Exe\SAT.exe","SAT.exe",".exe","0x014C","qtintf70.dll"
"D:\AtelieProd\Equipexe\Exe\Senhas.exe","Senhas.exe",".exe","0x014C","kernel32.dll"
"D:\AtelieProd\Equipexe\Exe\Senhas.exe","Senhas.exe",".exe","0x014C","user32.dll"
"D:\AtelieProd\Equipexe\Exe\Senhas.exe","Senhas.exe",".exe","0x014C","advapi32.dll"
"D:\AtelieProd\Equipexe\Exe\Senhas.exe","Senhas.exe",".exe","0x014C","oleaut32.dll"
"D:\AtelieProd\Equipexe\Exe\Senhas.exe","Senhas.exe",".exe","0x014C","kernel32.dll"
"D:\AtelieProd\Equipexe\Exe\Senhas.exe","Senhas.exe",".exe","0x014C","advapi32.dll"
"D:\AtelieProd\Equipexe\Exe\Senhas.exe","Senhas.exe",".exe","0x014C","kernel32.dll"
"D:\AtelieProd\Equipexe\Exe\Senhas.exe","Senhas.exe",".exe","0x014C","version.dll"
"D:\AtelieProd\Equipexe\Exe\Senhas.exe","Senhas.exe",".exe","0x014C","gdi32.dll"
"D:\AtelieProd\Equipexe\Exe\Senhas.exe","Senhas.exe",".exe","0x014C","user32.dll"
"D:\AtelieProd\Equipexe\Exe\Senhas.exe","Senhas.exe",".exe","0x014C","kernel32.dll"
"D:\AtelieProd\Equipexe\Exe\Senhas.exe","Senhas.exe",".exe","0x014C","oleaut32.dll"
"D:\AtelieProd\Equipexe\Exe\Senhas.exe","Senhas.exe",".exe","0x014C","ole32.dll"
"D:\AtelieProd\Equipexe\Exe\Senhas.exe","Senhas.exe",".exe","0x014C","oleaut32.dll"
"D:\AtelieProd\Equipexe\Exe\Senhas.exe","Senhas.exe",".exe","0x014C","comctl32.dll"
"D:\AtelieProd\Equipexe\Exe\Senhas.exe","Senhas.exe",".exe","0x014C","winspool.drv"
"D:\AtelieProd\Equipexe\Exe\Senhas.exe","Senhas.exe",".exe","0x014C","comdlg32.dll"
"D:\AtelieProd\Equipexe\Exe\Senhas.exe","Senhas.exe",".exe","0x014C","kernel32.dll"
"D:\AtelieProd\Equipexe\Exe\ssleay32.dll","ssleay32.dll",".dll","0x014C","LIBEAY32.dll"
"D:\AtelieProd\Equipexe\Exe\ssleay32.dll","ssleay32.dll",".dll","0x014C","KERNEL32.dll"
"D:\AtelieProd\Equipexe\Exe\SYNC20.DLL","SYNC20.DLL",".DLL","0x014C","CMDS21.dll"
"D:\AtelieProd\Equipexe\Exe\SYNC20.DLL","SYNC20.DLL",".DLL","0x014C","HSLOG20.dll"
"D:\AtelieProd\Equipexe\Exe\SYNC20.DLL","SYNC20.DLL",".DLL","0x014C","PalmCmn.dll"
"D:\AtelieProd\Equipexe\Exe\SYNC20.DLL","SYNC20.DLL",".DLL","0x014C","KERNEL32.dll"
"D:\AtelieProd\Equipexe\Exe\SYNC20.DLL","SYNC20.DLL",".DLL","0x014C","USER32.dll"
"D:\AtelieProd\Equipexe\Exe\TrocaWordExcel.exe","TrocaWordExcel.exe",".exe","0x014C","kernel32.dll"
"D:\AtelieProd\Equipexe\Exe\TrocaWordExcel.exe","TrocaWordExcel.exe",".exe","0x014C","user32.dll"
"D:\AtelieProd\Equipexe\Exe\TrocaWordExcel.exe","TrocaWordExcel.exe",".exe","0x014C","advapi32.dll"
"D:\AtelieProd\Equipexe\Exe\TrocaWordExcel.exe","TrocaWordExcel.exe",".exe","0x014C","oleaut32.dll"
"D:\AtelieProd\Equipexe\Exe\TrocaWordExcel.exe","TrocaWordExcel.exe",".exe","0x014C","kernel32.dll"
"D:\AtelieProd\Equipexe\Exe\TrocaWordExcel.exe","TrocaWordExcel.exe",".exe","0x014C","advapi32.dll"
"D:\AtelieProd\Equipexe\Exe\TrocaWordExcel.exe","TrocaWordExcel.exe",".exe","0x014C","kernel32.dll"
"D:\AtelieProd\Equipexe\Exe\TrocaWordExcel.exe","TrocaWordExcel.exe",".exe","0x014C","mpr.dll"
"D:\AtelieProd\Equipexe\Exe\TrocaWordExcel.exe","TrocaWordExcel.exe",".exe","0x014C","version.dll"
"D:\AtelieProd\Equipexe\Exe\TrocaWordExcel.exe","TrocaWordExcel.exe",".exe","0x014C","gdi32.dll"
"D:\AtelieProd\Equipexe\Exe\TrocaWordExcel.exe","TrocaWordExcel.exe",".exe","0x014C","user32.dll"
"D:\AtelieProd\Equipexe\Exe\TrocaWordExcel.exe","TrocaWordExcel.exe",".exe","0x014C","kernel32.dll"
"D:\AtelieProd\Equipexe\Exe\TrocaWordExcel.exe","TrocaWordExcel.exe",".exe","0x014C","oleaut32.dll"
"D:\AtelieProd\Equipexe\Exe\TrocaWordExcel.exe","TrocaWordExcel.exe",".exe","0x014C","ole32.dll"
"D:\AtelieProd\Equipexe\Exe\TrocaWordExcel.exe","TrocaWordExcel.exe",".exe","0x014C","oleaut32.dll"
"D:\AtelieProd\Equipexe\Exe\TrocaWordExcel.exe","TrocaWordExcel.exe",".exe","0x014C","comctl32.dll"
"D:\AtelieProd\Equipexe\Exe\TrocaWordExcel.exe","TrocaWordExcel.exe",".exe","0x014C","winspool.drv"
"D:\AtelieProd\Equipexe\Exe\TrocaWordExcel.exe","TrocaWordExcel.exe",".exe","0x014C","shell32.dll"
"D:\AtelieProd\Equipexe\Exe\TrocaWordExcel.exe","TrocaWordExcel.exe",".exe","0x014C","shell32.dll"
"D:\AtelieProd\Equipexe\Exe\TrocaWordExcel.exe","TrocaWordExcel.exe",".exe","0x014C","comdlg32.dll"
"D:\AtelieProd\Equipexe\Exe\Tutil32.dll","Tutil32.dll",".dll","0x014C","KERNEL32.dll"
"D:\AtelieProd\Equipexe\Exe\Tutil32.dll","Tutil32.dll",".dll","0x014C","USER32.dll"
"D:\AtelieProd\Equipexe\Exe\Tutil32.dll","Tutil32.dll",".dll","0x014C","ADVAPI32.dll"
"D:\AtelieProd\Equipexe\Exe\Tutil32.exe","Tutil32.exe",".exe","0x014C","KERNEL32.dll"
"D:\AtelieProd\Equipexe\Exe\Tutil32.exe","Tutil32.exe",".exe","0x014C","USER32.dll"
"D:\AtelieProd\Equipexe\Exe\Tutil32.exe","Tutil32.exe",".exe","0x014C","tutil32.dll"
"D:\AtelieProd\Equipexe\Exe\Tutil32.exe","Tutil32.exe",".exe","0x014C","ADVAPI32.dll"
"D:\AtelieProd\Equipexe\Exe\Tutil32.exe","Tutil32.exe",".exe","0x014C","GDI32.dll"
"D:\AtelieProd\Equipexe\Exe\Tutil32.exe","Tutil32.exe",".exe","0x014C","COMDLG32.dll"
"D:\AtelieProd\Equipexe\Exe\ZipForge.dll","ZipForge.dll",".dll","0x014C","mscoree.dll"
"D:\AtelieProd\Equipexe\Figuras\Cfx32.ocx","Cfx32.ocx",".ocx","0x014C","MSVCRT40.dll"
"D:\AtelieProd\Equipexe\Figuras\Cfx32.ocx","Cfx32.ocx",".ocx","0x014C","MFC40.DLL"
"D:\AtelieProd\Equipexe\Figuras\Cfx32.ocx","Cfx32.ocx",".ocx","0x014C","KERNEL32.dll"
"D:\AtelieProd\Equipexe\Figuras\Cfx32.ocx","Cfx32.ocx",".ocx","0x014C","USER32.dll"
"D:\AtelieProd\Equipexe\Figuras\Cfx32.ocx","Cfx32.ocx",".ocx","0x014C","GDI32.dll"
"D:\AtelieProd\Equipexe\Figuras\Cfx32.ocx","Cfx32.ocx",".ocx","0x014C","comdlg32.dll"
"D:\AtelieProd\Equipexe\Figuras\Cfx32.ocx","Cfx32.ocx",".ocx","0x014C","ADVAPI32.dll"
"D:\AtelieProd\Equipexe\Figuras\Cfx32.ocx","Cfx32.ocx",".ocx","0x014C","OLEAUT32.dll"
"D:\AtelieProd\Equipexe\Figuras\Nmocod.dll","Nmocod.dll",".dll","0x014C","NMSCKN.DLL"
"D:\AtelieProd\Equipexe\Figuras\Nmocod.dll","Nmocod.dll",".dll","0x014C","MSVCRT40.dll"
"D:\AtelieProd\Equipexe\Figuras\Nmocod.dll","Nmocod.dll",".dll","0x014C","KERNEL32.dll"
"D:\AtelieProd\Equipexe\Figuras\Nmocod.dll","Nmocod.dll",".dll","0x014C","USER32.dll"
"D:\AtelieProd\Equipexe\Figuras\Nmocod.dll","Nmocod.dll",".dll","0x014C","ole32.dll"
"D:\AtelieProd\Equipexe\Figuras\Nmocod.dll","Nmocod.dll",".dll","0x014C","ADVAPI32.dll"
"D:\AtelieProd\Equipexe\Figuras\Nmocod.dll","Nmocod.dll",".dll","0x014C","OLEAUT32.dll"
"D:\AtelieProd\Equipexe\Figuras\Nmocod.dll","Nmocod.dll",".dll","0x014C","GDI32.dll"
"D:\AtelieProd\Equipexe\Figuras\OLEPRO32.DLL","OLEPRO32.DLL",".DLL","0x014C","KERNEL32.dll"
"D:\AtelieProd\Equipexe\Figuras\OLEPRO32.DLL","OLEPRO32.DLL",".DLL","0x014C","USER32.dll"
"D:\AtelieProd\Equipexe\Figuras\OLEPRO32.DLL","OLEPRO32.DLL",".DLL","0x014C","GDI32.dll"
"D:\AtelieProd\Equipexe\Figuras\OLEPRO32.DLL","OLEPRO32.DLL",".DLL","0x014C","ole32.dll"
"D:\AtelieProd\Equipexe\Figuras\OLEPRO32.DLL","OLEPRO32.DLL",".DLL","0x014C","ADVAPI32.dll"
"D:\AtelieProd\Equipexe\Figuras\OLEPRO32.DLL","OLEPRO32.DLL",".DLL","0x014C","OLEAUT32.dll"
"D:\AtelieProd\Equipexe\Filiais\MOVANTIGA\GER\DADOS\BemaFI32.dll","BemaFI32.dll",".dll","0x014C","KERNEL32.dll"
"D:\AtelieProd\Equipexe\Filiais\MOVANTIGA\GER\DADOS\BemaFI32.dll","BemaFI32.dll",".dll","0x014C","USER32.dll"
"D:\AtelieProd\Equipexe\Filiais\MOVANTIGA\GER\DADOS\BemaFI32.dll","BemaFI32.dll",".dll","0x014C","GDI32.dll"
"D:\AtelieProd\Equipexe\Filiais\MOVANTIGA\GER\DADOS\BemaFI32.dll","BemaFI32.dll",".dll","0x014C","VERSION.dll"
"D:\AtelieProd\Equipexe\Filiais\MOVANTIGA\GER\DADOS\NBioBSP.dll","NBioBSP.dll",".dll","0x014C","KERNEL32.dll"
"D:\AtelieProd\Equipexe\Filiais\MOVANTIGA\GER\DADOS\NBioBSP.dll","NBioBSP.dll",".dll","0x014C","USER32.dll"
"D:\AtelieProd\Equipexe\Filiais\MOVANTIGA\GER\DADOS\NBioBSP.dll","NBioBSP.dll",".dll","0x014C","GDI32.dll"
"D:\AtelieProd\Equipexe\Filiais\MOVANTIGA\GER\DADOS\NBioBSP.dll","NBioBSP.dll",".dll","0x014C","WINSPOOL.DRV"
"D:\AtelieProd\Equipexe\Filiais\MOVANTIGA\GER\DADOS\NBioBSP.dll","NBioBSP.dll",".dll","0x014C","ADVAPI32.dll"
"D:\AtelieProd\Equipexe\Filiais\MOVANTIGA\GER\DADOS\NBioBSP.dll","NBioBSP.dll",".dll","0x014C","COMCTL32.dll"
"D:\AtelieProd\Equipexe\Filiais\MOVANTIGA\GER\DADOS\NBioBSP.dll","NBioBSP.dll",".dll","0x014C","VERSION.dll"
"D:\AtelieProd\Equipexe\Filiais\MOVANTIGA\GER\DADOS\NImgConv.dll","NImgConv.dll",".dll","0x014C","MSVCRT.dll"
"D:\AtelieProd\Equipexe\Filiais\MOVANTIGA\GER\DADOS\NImgConv.dll","NImgConv.dll",".dll","0x014C","MFC42.DLL"
"D:\AtelieProd\Equipexe\Filiais\MOVANTIGA\GER\DADOS\NImgConv.dll","NImgConv.dll",".dll","0x014C","KERNEL32.dll"
"D:\AtelieProd\Equipexe\Filiais\MOVANTIGA\GER\DADOS\NImgConv.dll","NImgConv.dll",".dll","0x014C","USER32.dll"
"D:\AtelieProd\Equipexe\Ger\Dados\BemaFI32.dll","BemaFI32.dll",".dll","0x014C","KERNEL32.dll"
"D:\AtelieProd\Equipexe\Ger\Dados\BemaFI32.dll","BemaFI32.dll",".dll","0x014C","USER32.dll"
"D:\AtelieProd\Equipexe\Ger\Dados\BemaFI32.dll","BemaFI32.dll",".dll","0x014C","GDI32.dll"
"D:\AtelieProd\Equipexe\Ger\Dados\BemaFI32.dll","BemaFI32.dll",".dll","0x014C","VERSION.dll"
"D:\AtelieProd\Equipexe\Ger\Dados\NBioBSP.dll","NBioBSP.dll",".dll","0x014C","KERNEL32.dll"
"D:\AtelieProd\Equipexe\Ger\Dados\NBioBSP.dll","NBioBSP.dll",".dll","0x014C","USER32.dll"
"D:\AtelieProd\Equipexe\Ger\Dados\NBioBSP.dll","NBioBSP.dll",".dll","0x014C","GDI32.dll"
"D:\AtelieProd\Equipexe\Ger\Dados\NBioBSP.dll","NBioBSP.dll",".dll","0x014C","WINSPOOL.DRV"
"D:\AtelieProd\Equipexe\Ger\Dados\NBioBSP.dll","NBioBSP.dll",".dll","0x014C","ADVAPI32.dll"
"D:\AtelieProd\Equipexe\Ger\Dados\NBioBSP.dll","NBioBSP.dll",".dll","0x014C","COMCTL32.dll"
"D:\AtelieProd\Equipexe\Ger\Dados\NBioBSP.dll","NBioBSP.dll",".dll","0x014C","VERSION.dll"
"D:\AtelieProd\Equipexe\Ger\Dados\NImgConv.dll","NImgConv.dll",".dll","0x014C","MSVCRT.dll"
"D:\AtelieProd\Equipexe\Ger\Dados\NImgConv.dll","NImgConv.dll",".dll","0x014C","MFC42.DLL"
"D:\AtelieProd\Equipexe\Ger\Dados\NImgConv.dll","NImgConv.dll",".dll","0x014C","KERNEL32.dll"
"D:\AtelieProd\Equipexe\Ger\Dados\NImgConv.dll","NImgConv.dll",".dll","0x014C","USER32.dll"
"D:\AtelieProd\Equipexe\Importa\Figuras\OLEPRO32.DLL","OLEPRO32.DLL",".DLL","0x014C","KERNEL32.dll"
"D:\AtelieProd\Equipexe\Importa\Figuras\OLEPRO32.DLL","OLEPRO32.DLL",".DLL","0x014C","USER32.dll"
"D:\AtelieProd\Equipexe\Importa\Figuras\OLEPRO32.DLL","OLEPRO32.DLL",".DLL","0x014C","GDI32.dll"
"D:\AtelieProd\Equipexe\Importa\Figuras\OLEPRO32.DLL","OLEPRO32.DLL",".DLL","0x014C","ole32.dll"
"D:\AtelieProd\Equipexe\Importa\Figuras\OLEPRO32.DLL","OLEPRO32.DLL",".DLL","0x014C","ADVAPI32.dll"
"D:\AtelieProd\Equipexe\Importa\Figuras\OLEPRO32.DLL","OLEPRO32.DLL",".DLL","0x014C","OLEAUT32.dll"
"D:\AtelieProd\Equipexe\_ISREG32.DLL","_ISREG32.DLL",".DLL","0x014C","VERSION.dll"
"D:\AtelieProd\Equipexe\_ISREG32.DLL","_ISREG32.DLL",".DLL","0x014C","KERNEL32.dll"
"D:\AtelieProd\Equipexe\_ISREG32.DLL","_ISREG32.DLL",".DLL","0x014C","USER32.dll"
"D:\AtelieProd\Equipexe\_ISREG32.DLL","_ISREG32.DLL",".DLL","0x014C","ADVAPI32.dll"
"D:\AtelieProd\Equipexe\_ISREG32.DLL","_ISREG32.DLL",".DLL","0x014C","ole32.dll"
"D:\AtelieProd\Equipexe\_ISREG32.DLL","_ISREG32.DLL",".DLL","0x014C","OLEAUT32.dll"
