"TableName","RelativePath","Directory","Length","ColumnCount","Extracted","ExtractedAt"
"CEP_LOG","CEP\DADOS\CEP_LOG.DB","D:\AtelieProd\MOD\data\original-readonly\Equipexe\CEP\DADOS","2048","12","True","23/05/2026 11:38:52"
"CadPro","ESC\DADOS\CadPro.DB","D:\AtelieProd\MOD\data\original-readonly\Equipexe\ESC\DADOS","2048","13","True","23/05/2026 11:38:52"
"CadAlu","ESC\FILIAL\CadAlu.DB","D:\AtelieProd\MOD\data\original-readonly\Equipexe\ESC\FILIAL","2048","26","True","23/05/2026 11:38:52"
"CadAul","ESC\FILIAL\CadAul.DB","D:\AtelieProd\MOD\data\original-readonly\Equipexe\ESC\FILIAL","2048","11","True","23/05/2026 11:38:52"
"CadCur","ESC\FILIAL\CadCur.DB","D:\AtelieProd\MOD\data\original-readonly\Equipexe\ESC\FILIAL","2048","6","True","23/05/2026 11:38:52"
"CadInt","ESC\FILIAL\CadInt.DB","D:\AtelieProd\MOD\data\original-readonly\Equipexe\ESC\FILIAL","2048","26","True","23/05/2026 11:38:52"
"CadMat","ESC\FILIAL\CadMat.DB","D:\AtelieProd\MOD\data\original-readonly\Equipexe\ESC\FILIAL","2048","3","True","23/05/2026 11:38:52"
"CadMatComp","ESC\FILIAL\CadMatComp.DB","D:\AtelieProd\MOD\data\original-readonly\Equipexe\ESC\FILIAL","2048","4","True","23/05/2026 11:38:53"
"CadNot","ESC\FILIAL\CadNot.DB","D:\AtelieProd\MOD\data\original-readonly\Equipexe\ESC\FILIAL","2048","5","True","23/05/2026 11:38:53"
"CadPre","ESC\FILIAL\CadPre.DB","D:\AtelieProd\MOD\data\original-readonly\Equipexe\ESC\FILIAL","2048","3","True","23/05/2026 11:38:53"
"CadRes","ESC\FILIAL\CadRes.DB","D:\AtelieProd\MOD\data\original-readonly\Equipexe\ESC\FILIAL","2048","34","True","23/05/2026 11:38:53"
"CadTur","ESC\FILIAL\CadTur.DB","D:\AtelieProd\MOD\data\original-readonly\Equipexe\ESC\FILIAL","2048","16","True","23/05/2026 11:38:53"
"CompTurmas","ESC\FILIAL\CompTurmas.DB","D:\AtelieProd\MOD\data\original-readonly\Equipexe\ESC\FILIAL","2048","13","True","23/05/2026 11:38:53"
"MovPdv","ESC\FILIAL\MovPdv.DB","D:\AtelieProd\MOD\data\original-readonly\Equipexe\ESC\FILIAL","2048","11","True","23/05/2026 11:38:53"
"NotasEsc","ESC\FILIAL\NotasEsc.DB","D:\AtelieProd\MOD\data\original-readonly\Equipexe\ESC\FILIAL","2048","16","True","23/05/2026 11:38:53"
"NotCompEsc","ESC\FILIAL\NotCompEsc.DB","D:\AtelieProd\MOD\data\original-readonly\Equipexe\ESC\FILIAL","2048","8","True","23/05/2026 11:38:53"
"CadClaEst","EST\DADOS\CadClaEst.DB","D:\AtelieProd\MOD\data\original-readonly\Equipexe\EST\DADOS","2048","7","True","23/05/2026 11:38:53"
"CadClasFis","EST\DADOS\CadClasFis.DB","D:\AtelieProd\MOD\data\original-readonly\Equipexe\EST\DADOS","2048","6","True","23/05/2026 11:38:53"
"CadEst","EST\DADOS\CadEst.DB","D:\AtelieProd\MOD\data\original-readonly\Equipexe\EST\DADOS","2048","6","True","23/05/2026 11:38:53"
"CadFunEst","EST\DADOS\CadFunEst.DB","D:\AtelieProd\MOD\data\original-readonly\Equipexe\EST\DADOS","2048","7","True","23/05/2026 11:38:53"
"CadGruEst1","EST\DADOS\CadGruEst1.DB","D:\AtelieProd\MOD\data\original-readonly\Equipexe\EST\DADOS","2048","6","True","23/05/2026 11:38:54"
"CadGruEst2","EST\DADOS\CadGruEst2.DB","D:\AtelieProd\MOD\data\original-readonly\Equipexe\EST\DADOS","2048","6","True","23/05/2026 11:38:54"
"CadGruEst3","EST\DADOS\CadGruEst3.DB","D:\AtelieProd\MOD\data\original-readonly\Equipexe\EST\DADOS","2048","6","True","23/05/2026 11:38:54"
"CadGruEst4","EST\DADOS\CadGruEst4.DB","D:\AtelieProd\MOD\data\original-readonly\Equipexe\EST\DADOS","2048","6","True","23/05/2026 11:38:54"
"CadKit","EST\DADOS\CadKit.DB","D:\AtelieProd\MOD\data\original-readonly\Equipexe\EST\DADOS","2048","3","True","23/05/2026 11:38:54"
"CadLocEst","EST\DADOS\CadLocEst.DB","D:\AtelieProd\MOD\data\original-readonly\Equipexe\EST\DADOS","2048","6","True","23/05/2026 11:38:54"
"CadUniPro","EST\DADOS\CadUniPro.DB","D:\AtelieProd\MOD\data\original-readonly\Equipexe\EST\DADOS","2048","6","True","23/05/2026 11:38:54"
"EstMinMax","EST\DADOS\EstMinMax.DB","D:\AtelieProd\MOD\data\original-readonly\Equipexe\EST\DADOS","2048","6","True","23/05/2026 11:38:54"
"GruProEst","EST\DADOS\GruProEst.DB","D:\AtelieProd\MOD\data\original-readonly\Equipexe\EST\DADOS","2048","6","True","23/05/2026 11:38:54"
"Legislacao","EST\DADOS\Legislacao.DB","D:\AtelieProd\MOD\data\original-readonly\Equipexe\EST\DADOS","2048","10","True","23/05/2026 11:38:54"
"MarcasEst","EST\DADOS\MarcasEst.DB","D:\AtelieProd\MOD\data\original-readonly\Equipexe\EST\DADOS","2048","6","True","23/05/2026 11:38:54"
"ProdEst","EST\DADOS\ProdEst.DB","D:\AtelieProd\MOD\data\original-readonly\Equipexe\EST\DADOS","2048","24","True","23/05/2026 11:38:54"
"ProdEstKit","EST\DADOS\ProdEstKit.DB","D:\AtelieProd\MOD\data\original-readonly\Equipexe\EST\DADOS","2048","3","True","23/05/2026 11:38:55"
"ProdEstPac","EST\DADOS\ProdEstPac.DB","D:\AtelieProd\MOD\data\original-readonly\Equipexe\EST\DADOS","2048","3","True","23/05/2026 11:38:55"
"ProEstKit","EST\DADOS\ProEstKit.DB","D:\AtelieProd\MOD\data\original-readonly\Equipexe\EST\DADOS","2048","3","True","23/05/2026 11:38:55"
"TabPrecoEst","EST\DADOS\TabPrecoEst.DB","D:\AtelieProd\MOD\data\original-readonly\Equipexe\EST\DADOS","2048","6","True","23/05/2026 11:38:55"
"TabProdEst","EST\DADOS\TabProdEst.DB","D:\AtelieProd\MOD\data\original-readonly\Equipexe\EST\DADOS","2048","4","True","23/05/2026 11:38:55"
"TpVendas","EST\DADOS\TpVendas.DB","D:\AtelieProd\MOD\data\original-readonly\Equipexe\EST\DADOS","2048","8","True","23/05/2026 11:38:55"
"CliContEst","EST\FILIAL\CliContEst.DB","D:\AtelieProd\MOD\data\original-readonly\Equipexe\EST\FILIAL","2048","15","True","23/05/2026 11:38:55"
"MovEst","EST\FILIAL\MovEst.DB","D:\AtelieProd\MOD\data\original-readonly\Equipexe\EST\FILIAL","34816","17","True","23/05/2026 11:38:55"
"MovEstCan","EST\FILIAL\MovEstCan.DB","D:\AtelieProd\MOD\data\original-readonly\Equipexe\EST\FILIAL","2048","6","True","23/05/2026 11:38:55"
"MovEstEnc","EST\FILIAL\MovEstEnc.DB","D:\AtelieProd\MOD\data\original-readonly\Equipexe\EST\FILIAL","2048","6","True","23/05/2026 11:38:55"
"MovKit","EST\FILIAL\MovKit.DB","D:\AtelieProd\MOD\data\original-readonly\Equipexe\EST\FILIAL","2048","4","True","23/05/2026 11:38:55"
"PedComItem","EST\FILIAL\PedComItem.DB","D:\AtelieProd\MOD\data\original-readonly\Equipexe\EST\FILIAL","2048","16","True","23/05/2026 11:38:55"
"PedCompra","EST\FILIAL\PedCompra.DB","D:\AtelieProd\MOD\data\original-readonly\Equipexe\EST\FILIAL","2048","18","True","23/05/2026 11:38:55"
"PedCompraCanc","EST\FILIAL\PedCompraCanc.DB","D:\AtelieProd\MOD\data\original-readonly\Equipexe\EST\FILIAL","2048","5","True","23/05/2026 11:38:56"
"PedConf","EST\FILIAL\PedConf.DB","D:\AtelieProd\MOD\data\original-readonly\Equipexe\EST\FILIAL","2048","7","True","23/05/2026 11:38:56"
"PedConfItem","EST\FILIAL\PedConfItem.DB","D:\AtelieProd\MOD\data\original-readonly\Equipexe\EST\FILIAL","2048","14","True","23/05/2026 11:38:56"
"PedVenConf","EST\FILIAL\PedVenConf.DB","D:\AtelieProd\MOD\data\original-readonly\Equipexe\EST\FILIAL","2048","7","True","23/05/2026 11:38:56"
"PedVenConfItem","EST\FILIAL\PedVenConfItem.DB","D:\AtelieProd\MOD\data\original-readonly\Equipexe\EST\FILIAL","2048","14","True","23/05/2026 11:38:56"
"PedVenda","EST\FILIAL\PedVenda.DB","D:\AtelieProd\MOD\data\original-readonly\Equipexe\EST\FILIAL","2048","18","True","23/05/2026 11:38:56"
"PedVendaCanc","EST\FILIAL\PedVendaCanc.DB","D:\AtelieProd\MOD\data\original-readonly\Equipexe\EST\FILIAL","2048","5","True","23/05/2026 11:38:56"
"PedVenItem","EST\FILIAL\PedVenItem.DB","D:\AtelieProd\MOD\data\original-readonly\Equipexe\EST\FILIAL","2048","16","True","23/05/2026 11:38:56"
"ArqLavSoft","Estruturas\ArqLavSoft.DB","D:\AtelieProd\MOD\data\original-readonly\Equipexe\Estruturas","67584","9","True","23/05/2026 11:38:56"
"CamLavSoft","Estruturas\CamLavSoft.DB","D:\AtelieProd\MOD\data\original-readonly\Equipexe\Estruturas","360448","7","True","23/05/2026 11:38:56"
"Familia","Estruturas\Familia.DB","D:\AtelieProd\MOD\data\original-readonly\Equipexe\Estruturas","4096","2","True","23/05/2026 11:38:56"
"GruOp","Estruturas\GruOp.DB","D:\AtelieProd\MOD\data\original-readonly\Equipexe\Estruturas","10240","5","True","23/05/2026 11:38:56"
"IndLavSoft","Estruturas\IndLavSoft.DB","D:\AtelieProd\MOD\data\original-readonly\Equipexe\Estruturas","163840","12","True","23/05/2026 11:38:57"
"Inis","Estruturas\Inis.DB","D:\AtelieProd\MOD\data\original-readonly\Equipexe\Estruturas","419840","11","True","23/05/2026 11:38:57"
"Janela","Estruturas\Janela.DB","D:\AtelieProd\MOD\data\original-readonly\Equipexe\Estruturas","65536","5","True","23/05/2026 11:38:57"
"MigraNuvem","Estruturas\MigraNuvem.DB","D:\AtelieProd\MOD\data\original-readonly\Equipexe\Estruturas","77824","9","True","23/05/2026 11:38:57"
"Municipios","Estruturas\Municipios.DB","D:\AtelieProd\MOD\data\original-readonly\Equipexe\Estruturas","817152","4","True","23/05/2026 11:38:57"
"NFeConf","Estruturas\NFeConf.DB","D:\AtelieProd\MOD\data\original-readonly\Equipexe\Estruturas","4096","5","True","23/05/2026 11:38:57"
"Op","Estruturas\Op.DB","D:\AtelieProd\MOD\data\original-readonly\Equipexe\Estruturas","221184","7","True","23/05/2026 11:38:57"
"Op_teste","Estruturas\Op_teste.db","D:\AtelieProd\MOD\data\original-readonly\Equipexe\Estruturas","26624","8","True","23/05/2026 11:38:57"
"Op1","Estruturas\Op1.DB","D:\AtelieProd\MOD\data\original-readonly\Equipexe\Estruturas","321536","7","True","23/05/2026 11:38:57"
"Parametros","Estruturas\Parametros.DB","D:\AtelieProd\MOD\data\original-readonly\Equipexe\Estruturas","1198080","16","True","23/05/2026 11:38:57"
"ParamGrupo","Estruturas\ParamGrupo.db","D:\AtelieProd\MOD\data\original-readonly\Equipexe\Estruturas","4096","2","True","23/05/2026 11:38:57"
"ParamOpcao","Estruturas\ParamOpcao.DB","D:\AtelieProd\MOD\data\original-readonly\Equipexe\Estruturas","133120","4","True","23/05/2026 11:38:57"
"resttemp","Estruturas\resttemp.DB","D:\AtelieProd\MOD\data\original-readonly\Equipexe\Estruturas","3368960","13","True","23/05/2026 11:38:57"
"Sistemas","Estruturas\Sistemas.DB","D:\AtelieProd\MOD\data\original-readonly\Equipexe\Estruturas","24576","8","True","23/05/2026 11:38:58"
"TipAdv","Estruturas\TipAdv.db","D:\AtelieProd\MOD\data\original-readonly\Equipexe\Estruturas","6144","2","True","23/05/2026 11:38:58"
"Traducao","Estruturas\Traducao.DB","D:\AtelieProd\MOD\data\original-readonly\Equipexe\Estruturas","3438592","13","True","23/05/2026 11:38:58"
"VERIFY","Exe\VERIFY.DB","D:\AtelieProd\MOD\data\original-readonly\Equipexe\Exe","34816","9","True","23/05/2026 11:38:58"
"CadClaAlt","Filiais\MOVANTIGA\GER\DADOS\CadClaAlt.DB","D:\AtelieProd\MOD\data\original-readonly\Equipexe\Filiais\MOVANTIGA\GER\DADOS","2048","6","True","23/05/2026 11:39:03"
"AjustaCad","Ger\Dados\AjustaCad.DB","D:\AtelieProd\MOD\data\original-readonly\Equipexe\Ger\Dados","2048","7","True","23/05/2026 11:39:33"
"AutoPecas","Ger\Dados\AutoPecas.DB","D:\AtelieProd\MOD\data\original-readonly\Equipexe\Ger\Dados","4096","3","True","23/05/2026 11:39:33"
"Backup","Ger\Dados\Backup.DB","D:\AtelieProd\MOD\data\original-readonly\Equipexe\Ger\Dados","30541824","11","True","23/05/2026 11:39:33"
"Clientes","Ger\Dados\Backup\Clientes.DB","D:\AtelieProd\MOD\data\original-readonly\Equipexe\Ger\Dados\Backup","8296448","124","True","23/05/2026 11:39:33"
"BlackList","Ger\Dados\BlackList.DB","D:\AtelieProd\MOD\data\original-readonly\Equipexe\Ger\Dados","2048","3","True","23/05/2026 11:39:33"
"CadArea","Ger\Dados\CadArea.DB","D:\AtelieProd\MOD\data\original-readonly\Equipexe\Ger\Dados","2048","7","True","23/05/2026 11:39:33"
"CadCart","Ger\Dados\CadCart.DB","D:\AtelieProd\MOD\data\original-readonly\Equipexe\Ger\Dados","2048","5","True","23/05/2026 11:39:33"
"CadCenCus","Ger\Dados\CadCenCus.DB","D:\AtelieProd\MOD\data\original-readonly\Equipexe\Ger\Dados","2048","10","True","23/05/2026 11:39:33"
"CadCla","Ger\Dados\CadCla.DB","D:\AtelieProd\MOD\data\original-readonly\Equipexe\Ger\Dados","34816","15","True","23/05/2026 11:39:33"
"CadClaAlt","Ger\Dados\CadClaAlt.DB","D:\AtelieProd\MOD\data\original-readonly\Equipexe\Ger\Dados","2048","6","True","23/05/2026 11:39:33"
"CadClaProc","Ger\Dados\CadClaProc.DB","D:\AtelieProd\MOD\data\original-readonly\Equipexe\Ger\Dados","2048","4","True","23/05/2026 11:39:33"
"CadClaProj","Ger\Dados\CadClaProj.DB","D:\AtelieProd\MOD\data\original-readonly\Equipexe\Ger\Dados","2048","6","True","23/05/2026 11:39:33"
"CadClaSub","Ger\Dados\CadClaSub.DB","D:\AtelieProd\MOD\data\original-readonly\Equipexe\Ger\Dados","34816","3","True","23/05/2026 11:39:33"
"CadCon","Ger\Dados\CadCon.DB","D:\AtelieProd\MOD\data\original-readonly\Equipexe\Ger\Dados","2048","7","True","23/05/2026 11:39:34"
"CadCont","Ger\Dados\CadCont.DB","D:\AtelieProd\MOD\data\original-readonly\Equipexe\Ger\Dados","2048","6","True","23/05/2026 11:39:34"
"CadContCon","Ger\Dados\CadContCon.DB","D:\AtelieProd\MOD\data\original-readonly\Equipexe\Ger\Dados","2048","7","True","23/05/2026 11:39:34"
"CadCpg","Ger\Dados\CadCpg.DB","D:\AtelieProd\MOD\data\original-readonly\Equipexe\Ger\Dados","34816","14","True","23/05/2026 11:39:34"
"CadDesatCli","Ger\Dados\CadDesatCli.DB","D:\AtelieProd\MOD\data\original-readonly\Equipexe\Ger\Dados","2048","2","True","23/05/2026 11:39:34"
"CadDesc","Ger\Dados\CadDesc.DB","D:\AtelieProd\MOD\data\original-readonly\Equipexe\Ger\Dados","2048","13","True","23/05/2026 11:39:34"
"CadDescDia","Ger\Dados\CadDescDia.DB","D:\AtelieProd\MOD\data\original-readonly\Equipexe\Ger\Dados","2048","9","True","23/05/2026 11:39:34"
"CadDescGru","Ger\Dados\CadDescGru.DB","D:\AtelieProd\MOD\data\original-readonly\Equipexe\Ger\Dados","2048","3","True","23/05/2026 11:39:34"
"CadDescProd","Ger\Dados\CadDescProd.DB","D:\AtelieProd\MOD\data\original-readonly\Equipexe\Ger\Dados","2048","3","True","23/05/2026 11:39:34"
"CadDescTipEnt","Ger\Dados\CadDescTipEnt.DB","D:\AtelieProd\MOD\data\original-readonly\Equipexe\Ger\Dados","2048","3","True","23/05/2026 11:39:34"
"CadFaiCom","Ger\Dados\CadFaiCom.DB","D:\AtelieProd\MOD\data\original-readonly\Equipexe\Ger\Dados","2048","4","True","23/05/2026 11:39:34"
"CadFaixa","Ger\Dados\CadFaixa.DB","D:\AtelieProd\MOD\data\original-readonly\Equipexe\Ger\Dados","2048","5","True","23/05/2026 11:39:34"
"CadFpg","Ger\Dados\CadFpg.DB","D:\AtelieProd\MOD\data\original-readonly\Equipexe\Ger\Dados","34816","32","True","23/05/2026 11:39:34"
"CadGruSerLav","Ger\Dados\CadGruSerLav.DB","D:\AtelieProd\MOD\data\original-readonly\Equipexe\Ger\Dados","2048","6","True","23/05/2026 11:39:35"
"CadInd","Ger\Dados\CadInd.DB","D:\AtelieProd\MOD\data\original-readonly\Equipexe\Ger\Dados","2048","3","True","23/05/2026 11:39:35"
"CadMarca","Ger\Dados\CadMarca.DB","D:\AtelieProd\MOD\data\original-readonly\Equipexe\Ger\Dados","2048","3","True","23/05/2026 11:39:35"
"CadMelhor","Ger\Dados\CadMelhor.DB","D:\AtelieProd\MOD\data\original-readonly\Equipexe\Ger\Dados","2048","8","True","23/05/2026 11:39:35"
"CadPacot","Ger\Dados\CadPacot.DB","D:\AtelieProd\MOD\data\original-readonly\Equipexe\Ger\Dados","2048","11","True","23/05/2026 11:39:35"
"CadPacotGru","Ger\Dados\CadPacotGru.DB","D:\AtelieProd\MOD\data\original-readonly\Equipexe\Ger\Dados","2048","5","True","23/05/2026 11:39:35"
"CadPdv","Ger\Dados\CadPdv.DB","D:\AtelieProd\MOD\data\original-readonly\Equipexe\Ger\Dados","34816","6","True","23/05/2026 11:39:35"
"CadProcAnexo","Ger\Dados\CadProcAnexo.DB","D:\AtelieProd\MOD\data\original-readonly\Equipexe\Ger\Dados","2048","5","True","23/05/2026 11:39:35"
"CadProces","Ger\Dados\CadProces.DB","D:\AtelieProd\MOD\data\original-readonly\Equipexe\Ger\Dados","2048","13","True","23/05/2026 11:39:35"
"CadProcesAlt","Ger\Dados\CadProcesAlt.DB","D:\AtelieProd\MOD\data\original-readonly\Equipexe\Ger\Dados","2048","6","True","23/05/2026 11:39:35"
"CadProcItem","Ger\Dados\CadProcItem.DB","D:\AtelieProd\MOD\data\original-readonly\Equipexe\Ger\Dados","2048","11","True","23/05/2026 11:39:35"
"CadProducao","Ger\Dados\CadProducao.DB","D:\AtelieProd\MOD\data\original-readonly\Equipexe\Ger\Dados","2048","7","True","23/05/2026 11:39:35"
"CadRam","Ger\Dados\CadRam.DB","D:\AtelieProd\MOD\data\original-readonly\Equipexe\Ger\Dados","2048","6","True","23/05/2026 11:39:35"
"CadSistema","Ger\Dados\CadSistema.DB","D:\AtelieProd\MOD\data\original-readonly\Equipexe\Ger\Dados","2048","6","True","23/05/2026 11:39:36"
"CadSit","Ger\Dados\CadSit.DB","D:\AtelieProd\MOD\data\original-readonly\Equipexe\Ger\Dados","2048","6","True","23/05/2026 11:39:36"
"CadSubC","Ger\Dados\CadSubC.DB","D:\AtelieProd\MOD\data\original-readonly\Equipexe\Ger\Dados","34816","7","True","23/05/2026 11:39:36"
"CadTipCon","Ger\Dados\CadTipCon.DB","D:\AtelieProd\MOD\data\original-readonly\Equipexe\Ger\Dados","2048","7","True","23/05/2026 11:39:36"
"CadTipProc","Ger\Dados\CadTipProc.DB","D:\AtelieProd\MOD\data\original-readonly\Equipexe\Ger\Dados","2048","6","True","23/05/2026 11:39:36"
"CadUnid","Ger\Dados\CadUnid.DB","D:\AtelieProd\MOD\data\original-readonly\Equipexe\Ger\Dados","2048","7","True","23/05/2026 11:39:36"
"CadVen","Ger\Dados\CadVen.DB","D:\AtelieProd\MOD\data\original-readonly\Equipexe\Ger\Dados","34816","24","True","23/05/2026 11:39:36"
"CadVenPro","Ger\Dados\CadVenPro.DB","D:\AtelieProd\MOD\data\original-readonly\Equipexe\Ger\Dados","2048","3","True","23/05/2026 11:39:36"
"CaminhosFlex","Ger\Dados\CaminhosFlex.DB","D:\AtelieProd\MOD\data\original-readonly\Equipexe\Ger\Dados","2048","6","True","23/05/2026 11:39:36"
"CenCus","Ger\Dados\CenCus.DB","D:\AtelieProd\MOD\data\original-readonly\Equipexe\Ger\Dados","2048","4","True","23/05/2026 11:39:36"
"CenCusCli","Ger\Dados\CenCusCli.DB","D:\AtelieProd\MOD\data\original-readonly\Equipexe\Ger\Dados","2048","17","True","23/05/2026 11:39:36"
"Cep","Ger\Dados\Cep.DB","D:\AtelieProd\MOD\data\original-readonly\Equipexe\Ger\Dados","2048","7","True","23/05/2026 11:39:36"
"Cheque1","Ger\Dados\Cheque1.DB","D:\AtelieProd\MOD\data\original-readonly\Equipexe\Ger\Dados","4096","14","True","23/05/2026 11:39:36"
"ClaManut","Ger\Dados\ClaManut.DB","D:\AtelieProd\MOD\data\original-readonly\Equipexe\Ger\Dados","2048","7","True","23/05/2026 11:39:37"
"ClaPerda","Ger\Dados\ClaPerda.DB","D:\AtelieProd\MOD\data\original-readonly\Equipexe\Ger\Dados","2048","6","True","23/05/2026 11:39:37"
"CliComissao","Ger\Dados\CliComissao.DB","D:\AtelieProd\MOD\data\original-readonly\Equipexe\Ger\Dados","2048","14","True","23/05/2026 11:39:37"
"CliCont","Ger\Dados\CliCont.DB","D:\AtelieProd\MOD\data\original-readonly\Equipexe\Ger\Dados","34816","4","True","23/05/2026 11:39:37"
"CliContato","Ger\Dados\CliContato.DB","D:\AtelieProd\MOD\data\original-readonly\Equipexe\Ger\Dados","2048","17","True","23/05/2026 11:39:37"
"ClienMar","Ger\Dados\ClienMar.DB","D:\AtelieProd\MOD\data\original-readonly\Equipexe\Ger\Dados","2048","6","True","23/05/2026 11:39:37"
"Clientes","Ger\Dados\Clientes.DB","D:\AtelieProd\MOD\data\original-readonly\Equipexe\Ger\Dados","11835392","124","True","23/05/2026 11:39:37"
"Clientes-","Ger\Dados\Clientes-.DB","D:\AtelieProd\MOD\data\original-readonly\Equipexe\Ger\Dados","4331520","123","True","23/05/2026 11:39:37"
"ClientesInt","Ger\Dados\ClientesInt.DB","D:\AtelieProd\MOD\data\original-readonly\Equipexe\Ger\Dados","2048","3","True","23/05/2026 11:39:37"
"ClientesObs","Ger\Dados\ClientesObs.DB","D:\AtelieProd\MOD\data\original-readonly\Equipexe\Ger\Dados","2048","4","True","23/05/2026 11:39:37"
"CliPecLav","Ger\Dados\CliPecLav.DB","D:\AtelieProd\MOD\data\original-readonly\Equipexe\Ger\Dados","2048","4","True","23/05/2026 11:39:37"
"CompAutoPecas","Ger\Dados\CompAutoPecas.DB","D:\AtelieProd\MOD\data\original-readonly\Equipexe\Ger\Dados","2048","4","True","23/05/2026 11:39:38"
"Cores","Ger\Dados\Cores.DB","D:\AtelieProd\MOD\data\original-readonly\Equipexe\Ger\Dados","34816","7","True","23/05/2026 11:39:38"
"David","Ger\Dados\David.DB","D:\AtelieProd\MOD\data\original-readonly\Equipexe\Ger\Dados","6144","7","True","23/05/2026 11:39:38"
"EncProg","Ger\Dados\EncProg.DB","D:\AtelieProd\MOD\data\original-readonly\Equipexe\Ger\Dados","67584","5","True","23/05/2026 11:39:38"
"Equipe","Ger\Dados\Equipe.DB","D:\AtelieProd\MOD\data\original-readonly\Equipexe\Ger\Dados","34816","5","True","23/05/2026 11:39:38"
"Erros","Ger\Dados\Erros.DB","D:\AtelieProd\MOD\data\original-readonly\Equipexe\Ger\Dados","2048","7","True","23/05/2026 11:39:38"
"Especie","Ger\Dados\Especie.DB","D:\AtelieProd\MOD\data\original-readonly\Equipexe\Ger\Dados","34816","2","True","23/05/2026 11:39:38"
"EstatLavSoft","Ger\Dados\EstatLavSoft.DB","D:\AtelieProd\MOD\data\original-readonly\Equipexe\Ger\Dados","2048","17","True","23/05/2026 11:39:38"
"Feriados","Ger\Dados\Feriados.DB","D:\AtelieProd\MOD\data\original-readonly\Equipexe\Ger\Dados","34816","3","True","23/05/2026 11:39:38"
"Filiais","Ger\Dados\Filiais.DB","D:\AtelieProd\MOD\data\original-readonly\Equipexe\Ger\Dados","34816","32","True","23/05/2026 11:39:38"
"ForCont","Ger\Dados\ForCont.DB","D:\AtelieProd\MOD\data\original-readonly\Equipexe\Ger\Dados","2048","4","True","23/05/2026 11:39:38"
"Forneced","Ger\Dados\Forneced.DB","D:\AtelieProd\MOD\data\original-readonly\Equipexe\Ger\Dados","67584","44","True","23/05/2026 11:39:38"
"FornecMar","Ger\Dados\FornecMar.DB","D:\AtelieProd\MOD\data\original-readonly\Equipexe\Ger\Dados","2048","6","True","23/05/2026 11:39:38"
"FunAfastam","Ger\Dados\FunAfastam.DB","D:\AtelieProd\MOD\data\original-readonly\Equipexe\Ger\Dados","2048","8","True","23/05/2026 11:39:39"
"FunCli","Ger\Dados\FunCli.DB","D:\AtelieProd\MOD\data\original-readonly\Equipexe\Ger\Dados","2048","25","True","23/05/2026 11:39:39"
"FunCliCan","Ger\Dados\FunCliCan.DB","D:\AtelieProd\MOD\data\original-readonly\Equipexe\Ger\Dados","2048","5","True","23/05/2026 11:39:39"
"FunCliRou","Ger\Dados\FunCliRou.DB","D:\AtelieProd\MOD\data\original-readonly\Equipexe\Ger\Dados","2048","13","True","23/05/2026 11:39:39"
"FunCliRouM","Ger\Dados\FunCliRouM.DB","D:\AtelieProd\MOD\data\original-readonly\Equipexe\Ger\Dados","2048","14","True","23/05/2026 11:39:39"
"FunCliRouP","Ger\Dados\FunCliRouP.DB","D:\AtelieProd\MOD\data\original-readonly\Equipexe\Ger\Dados","2048","6","True","23/05/2026 11:39:39"
"FunCliRouUni","Ger\Dados\FunCliRouUni.DB","D:\AtelieProd\MOD\data\original-readonly\Equipexe\Ger\Dados","2048","5","True","23/05/2026 11:39:39"
"GerDadCam","Ger\Dados\GerDadCam.DB","D:\AtelieProd\MOD\data\original-readonly\Equipexe\Ger\Dados","34816","5","True","23/05/2026 11:39:39"
"GerDadFlex","Ger\Dados\GerDadFlex.DB","D:\AtelieProd\MOD\data\original-readonly\Equipexe\Ger\Dados","2048","10","True","23/05/2026 11:39:39"
"GerDadGru","Ger\Dados\GerDadGru.DB","D:\AtelieProd\MOD\data\original-readonly\Equipexe\Ger\Dados","2048","7","True","23/05/2026 11:39:39"
"GruClientes","Ger\Dados\GruClientes.DB","D:\AtelieProd\MOD\data\original-readonly\Equipexe\Ger\Dados","34816","12","True","23/05/2026 11:39:39"
"GruClientes2","Ger\Dados\GruClientes2.DB","D:\AtelieProd\MOD\data\original-readonly\Equipexe\Ger\Dados","2048","12","True","23/05/2026 11:39:39"
"GruClientes3","Ger\Dados\GruClientes3.DB","D:\AtelieProd\MOD\data\original-readonly\Equipexe\Ger\Dados","2048","12","True","23/05/2026 11:39:39"
"GruClientes4","Ger\Dados\GruClientes4.DB","D:\AtelieProd\MOD\data\original-readonly\Equipexe\Ger\Dados","2048","12","True","23/05/2026 11:39:40"
"GruFil","Ger\Dados\GruFil.DB","D:\AtelieProd\MOD\data\original-readonly\Equipexe\Ger\Dados","2048","6","True","23/05/2026 11:39:40"
"GruFil2","Ger\Dados\GruFil2.DB","D:\AtelieProd\MOD\data\original-readonly\Equipexe\Ger\Dados","2048","6","True","23/05/2026 11:39:40"
"GruFil3","Ger\Dados\GruFil3.DB","D:\AtelieProd\MOD\data\original-readonly\Equipexe\Ger\Dados","2048","6","True","23/05/2026 11:39:40"
"GruFor","Ger\Dados\GruFor.DB","D:\AtelieProd\MOD\data\original-readonly\Equipexe\Ger\Dados","34816","7","True","23/05/2026 11:39:40"
"GruFor2","Ger\Dados\GruFor2.DB","D:\AtelieProd\MOD\data\original-readonly\Equipexe\Ger\Dados","2048","7","True","23/05/2026 11:39:40"
"GruFor3","Ger\Dados\GruFor3.DB","D:\AtelieProd\MOD\data\original-readonly\Equipexe\Ger\Dados","2048","6","True","23/05/2026 11:39:40"
"GruFor4","Ger\Dados\GruFor4.DB","D:\AtelieProd\MOD\data\original-readonly\Equipexe\Ger\Dados","2048","6","True","23/05/2026 11:39:40"
"GruMiniLav","Ger\Dados\GruMiniLav.DB","D:\AtelieProd\MOD\data\original-readonly\Equipexe\Ger\Dados","2048","5","True","23/05/2026 11:39:40"
"GruPro","Ger\Dados\GruPro.DB","D:\AtelieProd\MOD\data\original-readonly\Equipexe\Ger\Dados","34816","17","True","23/05/2026 11:39:40"
"GruProces","Ger\Dados\GruProces.DB","D:\AtelieProd\MOD\data\original-readonly\Equipexe\Ger\Dados","2048","6","True","23/05/2026 11:39:40"
"GruProSub","Ger\Dados\GruProSub.DB","D:\AtelieProd\MOD\data\original-readonly\Equipexe\Ger\Dados","2048","3","True","23/05/2026 11:39:40"
"GruUsuarios","Ger\Dados\GruUsuarios.DB","D:\AtelieProd\MOD\data\original-readonly\Equipexe\Ger\Dados","2048","6","True","23/05/2026 11:39:40"
"GruVen","Ger\Dados\GruVen.DB","D:\AtelieProd\MOD\data\original-readonly\Equipexe\Ger\Dados","34816","6","True","23/05/2026 11:39:41"
"InteresCan","Ger\Dados\InteresCan.DB","D:\AtelieProd\MOD\data\original-readonly\Equipexe\Ger\Dados","2048","6","True","23/05/2026 11:39:41"
"InteresMar","Ger\Dados\InteresMar.DB","D:\AtelieProd\MOD\data\original-readonly\Equipexe\Ger\Dados","2048","6","True","23/05/2026 11:39:41"
"Interessad","Ger\Dados\Interessad.DB","D:\AtelieProd\MOD\data\original-readonly\Equipexe\Ger\Dados","2048","42","True","23/05/2026 11:39:41"
"LigTel","Ger\Dados\LigTel.DB","D:\AtelieProd\MOD\data\original-readonly\Equipexe\Ger\Dados","2048","10","True","23/05/2026 11:39:41"
"MotAltDup","Ger\Dados\MotAltDup.DB","D:\AtelieProd\MOD\data\original-readonly\Equipexe\Ger\Dados","2048","6","True","23/05/2026 11:39:41"
"Motorista","Ger\Dados\Motorista.DB","D:\AtelieProd\MOD\data\original-readonly\Equipexe\Ger\Dados","4096","6","True","23/05/2026 11:39:41"
"MovPecLavLog","Ger\Dados\MovPecLavLog.DB","D:\AtelieProd\MOD\data\original-readonly\Equipexe\Ger\Dados","2048","4","True","23/05/2026 11:39:41"
"Nivel","Ger\Dados\Nivel.DB","D:\AtelieProd\MOD\data\original-readonly\Equipexe\Ger\Dados","67584","13","True","23/05/2026 11:39:41"
"NovoReg.BD","Ger\Dados\NovoReg.BD.DB","D:\AtelieProd\MOD\data\original-readonly\Equipexe\Ger\Dados","2048","1","True","23/05/2026 11:39:41"
"NovoReg","Ger\Dados\NovoReg.DB","D:\AtelieProd\MOD\data\original-readonly\Equipexe\Ger\Dados","2048","1","True","23/05/2026 11:39:41"
"NovoReg.db","Ger\Dados\NovoReg.db.DB","D:\AtelieProd\MOD\data\original-readonly\Equipexe\Ger\Dados","2048","1","True","23/05/2026 11:39:42"
"NovoRegBD","Ger\Dados\NovoRegBD.DB","D:\AtelieProd\MOD\data\original-readonly\Equipexe\Ger\Dados","2048","1","True","23/05/2026 11:39:42"
"PadLctoFin","Ger\Dados\PadLctoFin.DB","D:\AtelieProd\MOD\data\original-readonly\Equipexe\Ger\Dados","34816","12","True","23/05/2026 11:39:42"
"ResCli","Ger\Dados\ResCli.DB","D:\AtelieProd\MOD\data\original-readonly\Equipexe\Ger\Dados","2048","5","True","23/05/2026 11:39:42"
"Roteiros","Ger\Dados\Roteiros.DB","D:\AtelieProd\MOD\data\original-readonly\Equipexe\Ger\Dados","2048","7","True","23/05/2026 11:39:42"
"Senhas","Ger\Dados\Senhas.DB","D:\AtelieProd\MOD\data\original-readonly\Equipexe\Ger\Dados","2048","3","True","23/05/2026 11:39:42"
"TelCont","Ger\Dados\TelCont.DB","D:\AtelieProd\MOD\data\original-readonly\Equipexe\Ger\Dados","2048","5","True","23/05/2026 11:39:42"
"TelFilial","Ger\Dados\TelFilial.DB","D:\AtelieProd\MOD\data\original-readonly\Equipexe\Ger\Dados","2048","4","True","23/05/2026 11:39:42"
"TipFil","Ger\Dados\TipFil.DB","D:\AtelieProd\MOD\data\original-readonly\Equipexe\Ger\Dados","2048","6","True","23/05/2026 11:39:42"
"TipoExped","Ger\Dados\TipoExped.DB","D:\AtelieProd\MOD\data\original-readonly\Equipexe\Ger\Dados","2048","2","True","23/05/2026 11:39:42"
"Transp","Ger\Dados\Transp.DB","D:\AtelieProd\MOD\data\original-readonly\Equipexe\Ger\Dados","2048","13","True","23/05/2026 11:39:42"
"UsuaFil","Ger\Dados\UsuaFil.DB","D:\AtelieProd\MOD\data\original-readonly\Equipexe\Ger\Dados","2048","3","True","23/05/2026 11:39:42"
"UsuaGru","Ger\Dados\UsuaGru.DB","D:\AtelieProd\MOD\data\original-readonly\Equipexe\Ger\Dados","2048","6","True","23/05/2026 11:39:42"
"UsuaGruInt","Ger\Dados\UsuaGruInt.DB","D:\AtelieProd\MOD\data\original-readonly\Equipexe\Ger\Dados","2048","4","True","23/05/2026 11:39:43"
"Usuarios","Ger\Dados\Usuarios.DB","D:\AtelieProd\MOD\data\original-readonly\Equipexe\Ger\Dados","34816","14","True","23/05/2026 11:39:43"
"UsuaSis","Ger\Dados\UsuaSis.DB","D:\AtelieProd\MOD\data\original-readonly\Equipexe\Ger\Dados","34816","3","True","23/05/2026 11:39:43"
"Veiculo","Ger\Dados\Veiculo.DB","D:\AtelieProd\MOD\data\original-readonly\Equipexe\Ger\Dados","4096","4","True","23/05/2026 11:39:43"
"CadCai","Ger\Filial\CadCai.DB","D:\AtelieProd\MOD\data\original-readonly\Equipexe\Ger\Filial","1214464","17","True","23/05/2026 11:39:43"
"CadDes","Ger\Filial\CadDes.DB","D:\AtelieProd\MOD\data\original-readonly\Equipexe\Ger\Filial","2048","10","True","23/05/2026 11:39:43"
"CadMaq","Ger\Filial\CadMaq.DB","D:\AtelieProd\MOD\data\original-readonly\Equipexe\Ger\Filial","2048","6","True","23/05/2026 11:39:43"
"Cheque1","Ger\Filial\Cheque1.DB","D:\AtelieProd\MOD\data\original-readonly\Equipexe\Ger\Filial","2048","14","True","23/05/2026 11:39:43"
"Cheque1Comp","Ger\Filial\Cheque1Comp.DB","D:\AtelieProd\MOD\data\original-readonly\Equipexe\Ger\Filial","2048","11","True","23/05/2026 11:39:43"
"Cheque2","Ger\Filial\Cheque2.DB","D:\AtelieProd\MOD\data\original-readonly\Equipexe\Ger\Filial","2048","14","True","23/05/2026 11:39:43"
"Cheque2Comp","Ger\Filial\Cheque2Comp.DB","D:\AtelieProd\MOD\data\original-readonly\Equipexe\Ger\Filial","2048","11","True","23/05/2026 11:39:43"
"Cheque3","Ger\Filial\Cheque3.DB","D:\AtelieProd\MOD\data\original-readonly\Equipexe\Ger\Filial","2048","14","True","23/05/2026 11:39:43"
"Cheque3Comp","Ger\Filial\Cheque3Comp.DB","D:\AtelieProd\MOD\data\original-readonly\Equipexe\Ger\Filial","2048","11","True","23/05/2026 11:39:43"
"Cheque4","Ger\Filial\Cheque4.DB","D:\AtelieProd\MOD\data\original-readonly\Equipexe\Ger\Filial","2048","14","True","23/05/2026 11:39:44"
"Cheque4Comp","Ger\Filial\Cheque4Comp.DB","D:\AtelieProd\MOD\data\original-readonly\Equipexe\Ger\Filial","2048","11","True","23/05/2026 11:39:44"
"Cheque5","Ger\Filial\Cheque5.DB","D:\AtelieProd\MOD\data\original-readonly\Equipexe\Ger\Filial","2048","14","True","23/05/2026 11:39:44"
"Cheque5Comp","Ger\Filial\Cheque5Comp.DB","D:\AtelieProd\MOD\data\original-readonly\Equipexe\Ger\Filial","2048","11","True","23/05/2026 11:39:44"
"Cheque6","Ger\Filial\Cheque6.DB","D:\AtelieProd\MOD\data\original-readonly\Equipexe\Ger\Filial","2048","14","True","23/05/2026 11:39:44"
"Cheque6Comp","Ger\Filial\Cheque6Comp.DB","D:\AtelieProd\MOD\data\original-readonly\Equipexe\Ger\Filial","2048","11","True","23/05/2026 11:39:44"
"Cheque7","Ger\Filial\Cheque7.DB","D:\AtelieProd\MOD\data\original-readonly\Equipexe\Ger\Filial","2048","14","True","23/05/2026 11:39:44"
"Cheque7Comp","Ger\Filial\Cheque7Comp.DB","D:\AtelieProd\MOD\data\original-readonly\Equipexe\Ger\Filial","2048","11","True","23/05/2026 11:39:44"
"Cheque8","Ger\Filial\Cheque8.DB","D:\AtelieProd\MOD\data\original-readonly\Equipexe\Ger\Filial","2048","14","True","23/05/2026 11:39:44"
"Cheque8Comp","Ger\Filial\Cheque8Comp.DB","D:\AtelieProd\MOD\data\original-readonly\Equipexe\Ger\Filial","2048","11","True","23/05/2026 11:39:44"
"Cheque9","Ger\Filial\Cheque9.DB","D:\AtelieProd\MOD\data\original-readonly\Equipexe\Ger\Filial","2048","14","True","23/05/2026 11:39:44"
"Cheque9Comp","Ger\Filial\Cheque9Comp.DB","D:\AtelieProd\MOD\data\original-readonly\Equipexe\Ger\Filial","2048","11","True","23/05/2026 11:39:44"
"CompMat","Ger\Filial\CompMat.DB","D:\AtelieProd\MOD\data\original-readonly\Equipexe\Ger\Filial","2048","3","True","23/05/2026 11:39:45"
"ContaCor1","Ger\Filial\ContaCor1.DB","D:\AtelieProd\MOD\data\original-readonly\Equipexe\Ger\Filial","4687872","13","True","23/05/2026 11:39:45"
"ContaCor2","Ger\Filial\ContaCor2.DB","D:\AtelieProd\MOD\data\original-readonly\Equipexe\Ger\Filial","2048","13","True","23/05/2026 11:39:45"
"ContaCor3","Ger\Filial\ContaCor3.DB","D:\AtelieProd\MOD\data\original-readonly\Equipexe\Ger\Filial","2048","13","True","23/05/2026 11:39:45"
"ContaCor4","Ger\Filial\ContaCor4.DB","D:\AtelieProd\MOD\data\original-readonly\Equipexe\Ger\Filial","2048","13","True","23/05/2026 11:39:45"
"ContaCor5","Ger\Filial\ContaCor5.DB","D:\AtelieProd\MOD\data\original-readonly\Equipexe\Ger\Filial","2048","13","True","23/05/2026 11:39:45"
"ContaCor6","Ger\Filial\ContaCor6.DB","D:\AtelieProd\MOD\data\original-readonly\Equipexe\Ger\Filial","2048","13","True","23/05/2026 11:39:45"
"ContaCor7","Ger\Filial\ContaCor7.DB","D:\AtelieProd\MOD\data\original-readonly\Equipexe\Ger\Filial","2048","13","True","23/05/2026 11:39:45"
"ContaCor8","Ger\Filial\ContaCor8.DB","D:\AtelieProd\MOD\data\original-readonly\Equipexe\Ger\Filial","2048","13","True","23/05/2026 11:39:45"
"ContaCor9","Ger\Filial\ContaCor9.DB","D:\AtelieProd\MOD\data\original-readonly\Equipexe\Ger\Filial","2048","13","True","23/05/2026 11:39:45"
"ContChequeLot","Ger\Filial\ContChequeLot.DB","D:\AtelieProd\MOD\data\original-readonly\Equipexe\Ger\Filial","2048","12","True","23/05/2026 11:39:45"
"ContChequeRec","Ger\Filial\ContChequeRec.DB","D:\AtelieProd\MOD\data\original-readonly\Equipexe\Ger\Filial","2048","15","True","23/05/2026 11:39:45"
"EncCai","Ger\Filial\EncCai.DB","D:\AtelieProd\MOD\data\original-readonly\Equipexe\Ger\Filial","2048","2","True","23/05/2026 11:39:45"
"EncCc1","Ger\Filial\EncCc1.DB","D:\AtelieProd\MOD\data\original-readonly\Equipexe\Ger\Filial","2048","2","True","23/05/2026 11:39:46"
"EncCc2","Ger\Filial\EncCc2.DB","D:\AtelieProd\MOD\data\original-readonly\Equipexe\Ger\Filial","2048","2","True","23/05/2026 11:39:46"
"EncCc3","Ger\Filial\EncCc3.DB","D:\AtelieProd\MOD\data\original-readonly\Equipexe\Ger\Filial","2048","2","True","23/05/2026 11:39:46"
"EncCc4","Ger\Filial\EncCc4.DB","D:\AtelieProd\MOD\data\original-readonly\Equipexe\Ger\Filial","2048","2","True","23/05/2026 11:39:46"
"EncCc5","Ger\Filial\EncCc5.DB","D:\AtelieProd\MOD\data\original-readonly\Equipexe\Ger\Filial","2048","2","True","23/05/2026 11:39:46"
"EncCc6","Ger\Filial\EncCc6.DB","D:\AtelieProd\MOD\data\original-readonly\Equipexe\Ger\Filial","2048","2","True","23/05/2026 11:39:46"
"EncCc7","Ger\Filial\EncCc7.DB","D:\AtelieProd\MOD\data\original-readonly\Equipexe\Ger\Filial","2048","2","True","23/05/2026 11:39:46"
"EncCc8","Ger\Filial\EncCc8.DB","D:\AtelieProd\MOD\data\original-readonly\Equipexe\Ger\Filial","2048","2","True","23/05/2026 11:39:46"
"EncCc9","Ger\Filial\EncCc9.DB","D:\AtelieProd\MOD\data\original-readonly\Equipexe\Ger\Filial","2048","2","True","23/05/2026 11:39:46"
"EnvEmails","Ger\Filial\EnvEmails.DB","D:\AtelieProd\MOD\data\original-readonly\Equipexe\Ger\Filial","2048","12","True","23/05/2026 11:39:46"
"LanOrc","Ger\Filial\LanOrc.DB","D:\AtelieProd\MOD\data\original-readonly\Equipexe\Ger\Filial","2048","16","True","23/05/2026 11:39:46"
"LanOrcPro","Ger\Filial\LanOrcPro.DB","D:\AtelieProd\MOD\data\original-readonly\Equipexe\Ger\Filial","2048","5","True","23/05/2026 11:39:46"
"Material","Ger\Filial\Material.DB","D:\AtelieProd\MOD\data\original-readonly\Equipexe\Ger\Filial","2048","12","True","23/05/2026 11:39:46"
"MensagensSMS","Ger\Filial\MensagensSMS.DB","D:\AtelieProd\MOD\data\original-readonly\Equipexe\Ger\Filial","2048","12","True","23/05/2026 11:39:47"
"MovConTel","Ger\Filial\MovConTel.DB","D:\AtelieProd\MOD\data\original-readonly\Equipexe\Ger\Filial","2048","10","True","23/05/2026 11:39:47"
"MovControle","Ger\Filial\MovControle.DB","D:\AtelieProd\MOD\data\original-readonly\Equipexe\Ger\Filial","4096","61","True","23/05/2026 11:39:47"
"MovProc","Ger\Filial\MovProc.DB","D:\AtelieProd\MOD\data\original-readonly\Equipexe\Ger\Filial","2048","13","True","23/05/2026 11:39:47"
"MovProcItem","Ger\Filial\MovProcItem.DB","D:\AtelieProd\MOD\data\original-readonly\Equipexe\Ger\Filial","2048","15","True","23/05/2026 11:39:47"
"NovoReg","Ger\Filial\NovoReg.DB","D:\AtelieProd\MOD\data\original-readonly\Equipexe\Ger\Filial","2048","1","True","23/05/2026 11:39:47"
"Ponto","Ger\Filial\Ponto.DB","D:\AtelieProd\MOD\data\original-readonly\Equipexe\Ger\Filial","133120","7","True","23/05/2026 11:39:47"
"PontoEnc","Ger\Filial\PontoEnc.DB","D:\AtelieProd\MOD\data\original-readonly\Equipexe\Ger\Filial","2048","4","True","23/05/2026 11:39:47"
"ProcesMaq","Ger\Filial\ProcesMaq.DB","D:\AtelieProd\MOD\data\original-readonly\Equipexe\Ger\Filial","2048","7","True","23/05/2026 11:39:47"
"ProcesMaqComp","Ger\Filial\ProcesMaqComp.DB","D:\AtelieProd\MOD\data\original-readonly\Equipexe\Ger\Filial","2048","5","True","23/05/2026 11:39:47"
"ProdComArea","Ger\Filial\ProdComArea.DB","D:\AtelieProd\MOD\data\original-readonly\Equipexe\Ger\Filial","2048","4","True","23/05/2026 11:39:47"
"ProdKit","Ger\Filial\ProdKit.DB","D:\AtelieProd\MOD\data\original-readonly\Equipexe\Ger\Filial","2048","3","True","23/05/2026 11:39:47"
"Produt","Ger\Filial\Produt.DB","D:\AtelieProd\MOD\data\original-readonly\Equipexe\Ger\Filial","67584","48","True","23/05/2026 11:39:47"
"ProdutImp","Ger\Filial\ProdutImp.DB","D:\AtelieProd\MOD\data\original-readonly\Equipexe\Ger\Filial","2048","4","True","23/05/2026 11:39:48"
"ProFaiCom","Ger\Filial\ProFaiCom.DB","D:\AtelieProd\MOD\data\original-readonly\Equipexe\Ger\Filial","2048","4","True","23/05/2026 11:39:48"
"ResCli","Ger\Filial\ResCli.DB","D:\AtelieProd\MOD\data\original-readonly\Equipexe\Ger\Filial","2048","5","True","23/05/2026 11:39:48"
"ResPro","Ger\Filial\ResPro.DB","D:\AtelieProd\MOD\data\original-readonly\Equipexe\Ger\Filial","2048","5","True","23/05/2026 11:39:48"
"tabmat","Ger\Filial\tabmat.db","D:\AtelieProd\MOD\data\original-readonly\Equipexe\Ger\Filial","2048","4","True","23/05/2026 11:39:48"
"TimeSheet","Ger\Filial\TimeSheet.DB","D:\AtelieProd\MOD\data\original-readonly\Equipexe\Ger\Filial","2048","8","True","23/05/2026 11:39:48"
"CadPro","Importa\ESC\DADOS\CadPro.DB","D:\AtelieProd\MOD\data\original-readonly\Equipexe\Importa\ESC\DADOS","2048","13","True","23/05/2026 11:39:48"
"CadAlu","Importa\ESC\FILIAL\CadAlu.DB","D:\AtelieProd\MOD\data\original-readonly\Equipexe\Importa\ESC\FILIAL","2048","26","True","23/05/2026 11:39:48"
"CadAul","Importa\ESC\FILIAL\CadAul.DB","D:\AtelieProd\MOD\data\original-readonly\Equipexe\Importa\ESC\FILIAL","2048","11","True","23/05/2026 11:39:48"
"CadCur","Importa\ESC\FILIAL\CadCur.DB","D:\AtelieProd\MOD\data\original-readonly\Equipexe\Importa\ESC\FILIAL","2048","6","True","23/05/2026 11:39:48"
"CadInt","Importa\ESC\FILIAL\CadInt.DB","D:\AtelieProd\MOD\data\original-readonly\Equipexe\Importa\ESC\FILIAL","2048","26","True","23/05/2026 11:39:48"
"CadMat","Importa\ESC\FILIAL\CadMat.DB","D:\AtelieProd\MOD\data\original-readonly\Equipexe\Importa\ESC\FILIAL","2048","3","True","23/05/2026 11:39:48"
"CadNot","Importa\ESC\FILIAL\CadNot.DB","D:\AtelieProd\MOD\data\original-readonly\Equipexe\Importa\ESC\FILIAL","2048","5","True","23/05/2026 11:39:49"
"CadPre","Importa\ESC\FILIAL\CadPre.DB","D:\AtelieProd\MOD\data\original-readonly\Equipexe\Importa\ESC\FILIAL","2048","3","True","23/05/2026 11:39:49"
"CadRes","Importa\ESC\FILIAL\CadRes.DB","D:\AtelieProd\MOD\data\original-readonly\Equipexe\Importa\ESC\FILIAL","2048","34","True","23/05/2026 11:39:49"
"CadTur","Importa\ESC\FILIAL\CadTur.DB","D:\AtelieProd\MOD\data\original-readonly\Equipexe\Importa\ESC\FILIAL","2048","16","True","23/05/2026 11:39:49"
"MovPdv","Importa\ESC\FILIAL\MovPdv.DB","D:\AtelieProd\MOD\data\original-readonly\Equipexe\Importa\ESC\FILIAL","2048","11","True","23/05/2026 11:39:49"
"CadEst","Importa\EST\DADOS\CadEst.DB","D:\AtelieProd\MOD\data\original-readonly\Equipexe\Importa\EST\DADOS","2048","6","True","23/05/2026 11:39:49"
"ProdEst","Importa\EST\DADOS\ProdEst.DB","D:\AtelieProd\MOD\data\original-readonly\Equipexe\Importa\EST\DADOS","2048","18","True","23/05/2026 11:39:50"
"MovEst","Importa\EST\FILIAL\MovEst.DB","D:\AtelieProd\MOD\data\original-readonly\Equipexe\Importa\EST\FILIAL","2048","15","True","23/05/2026 11:39:50"
"CadAdv","Lav\Dados\CadAdv.DB","D:\AtelieProd\MOD\data\original-readonly\Equipexe\Lav\Dados","2048","8","True","23/05/2026 11:39:51"
"CadAdvTip","Lav\Dados\CadAdvTip.DB","D:\AtelieProd\MOD\data\original-readonly\Equipexe\Lav\Dados","2048","3","True","23/05/2026 11:39:51"
"CadAgrPro","Lav\Dados\CadAgrPro.DB","D:\AtelieProd\MOD\data\original-readonly\Equipexe\Lav\Dados","2048","5","True","23/05/2026 11:39:51"
"CadCorTer","Lav\Dados\CadCorTer.DB","D:\AtelieProd\MOD\data\original-readonly\Equipexe\Lav\Dados","2048","3","True","23/05/2026 11:39:51"
"CadDefeitoGru","Lav\Dados\CadDefeitoGru.DB","D:\AtelieProd\MOD\data\original-readonly\Equipexe\Lav\Dados","2048","2","True","23/05/2026 11:39:51"
"CadFatorGru","Lav\Dados\CadFatorGru.DB","D:\AtelieProd\MOD\data\original-readonly\Equipexe\Lav\Dados","2048","4","True","23/05/2026 11:39:51"
"CadFitas","Lav\Dados\CadFitas.DB","D:\AtelieProd\MOD\data\original-readonly\Equipexe\Lav\Dados","34816","6","True","23/05/2026 11:39:51"
"CadLocRol","Lav\Dados\CadLocRol.DB","D:\AtelieProd\MOD\data\original-readonly\Equipexe\Lav\Dados","2048","6","True","23/05/2026 11:39:51"
"CadMarca","Lav\Dados\CadMarca.DB","D:\AtelieProd\MOD\data\original-readonly\Equipexe\Lav\Dados","67584","7","True","23/05/2026 11:39:52"
"CadMarcaGru","Lav\Dados\CadMarcaGru.DB","D:\AtelieProd\MOD\data\original-readonly\Equipexe\Lav\Dados","34816","2","True","23/05/2026 11:39:52"
"CadPas","Lav\Dados\CadPas.DB","D:\AtelieProd\MOD\data\original-readonly\Equipexe\Lav\Dados","34816","11","True","23/05/2026 11:39:52"
"CadQuinFat","Lav\Dados\CadQuinFat.DB","D:\AtelieProd\MOD\data\original-readonly\Equipexe\Lav\Dados","2048","3","True","23/05/2026 11:39:52"
"CadSerTing","Lav\Dados\CadSerTing.DB","D:\AtelieProd\MOD\data\original-readonly\Equipexe\Lav\Dados","2048","6","True","23/05/2026 11:39:52"
"CadTipTing","Lav\Dados\CadTipTing.DB","D:\AtelieProd\MOD\data\original-readonly\Equipexe\Lav\Dados","2048","6","True","23/05/2026 11:39:52"
"Caract","Lav\Dados\Caract.DB","D:\AtelieProd\MOD\data\original-readonly\Equipexe\Lav\Dados","34816","5","True","23/05/2026 11:39:52"
"Cores","Lav\Dados\Cores.DB","D:\AtelieProd\MOD\data\original-readonly\Equipexe\Lav\Dados","6144","7","True","23/05/2026 11:39:52"
"Defeitos","Lav\Dados\Defeitos.DB","D:\AtelieProd\MOD\data\original-readonly\Equipexe\Lav\Dados","34816","5","True","23/05/2026 11:39:52"
"Empree","Lav\Dados\Empree.DB","D:\AtelieProd\MOD\data\original-readonly\Equipexe\Lav\Dados","2048","2","True","23/05/2026 11:39:52"
"FatPre_C","Lav\Dados\FatPre_C.DB","D:\AtelieProd\MOD\data\original-readonly\Equipexe\Lav\Dados","34816","11","True","23/05/2026 11:39:52"
"GruEnt","Lav\Dados\GruEnt.DB","D:\AtelieProd\MOD\data\original-readonly\Equipexe\Lav\Dados","34816","6","True","23/05/2026 11:39:52"
"GruProTer","Lav\Dados\GruProTer.DB","D:\AtelieProd\MOD\data\original-readonly\Equipexe\Lav\Dados","2048","2","True","23/05/2026 11:39:52"
"Prazos","Lav\Dados\Prazos.DB","D:\AtelieProd\MOD\data\original-readonly\Equipexe\Lav\Dados","34816","7","True","23/05/2026 11:39:53"
"PromCad","Lav\Dados\PromCad.DB","D:\AtelieProd\MOD\data\original-readonly\Equipexe\Lav\Dados","2048","16","True","23/05/2026 11:39:53"
"ProTipTec","Lav\Dados\ProTipTec.DB","D:\AtelieProd\MOD\data\original-readonly\Equipexe\Lav\Dados","2048","3","True","23/05/2026 11:39:53"
"SerLav","Lav\Dados\SerLav.DB","D:\AtelieProd\MOD\data\original-readonly\Equipexe\Lav\Dados","100352","21","True","23/05/2026 11:39:53"
"TabFat","Lav\Dados\TabFat.DB","D:\AtelieProd\MOD\data\original-readonly\Equipexe\Lav\Dados","34816","7","True","23/05/2026 11:39:53"
"TabPra","Lav\Dados\TabPra.DB","D:\AtelieProd\MOD\data\original-readonly\Equipexe\Lav\Dados","34816","5","True","23/05/2026 11:39:53"
"TabPreco","Lav\Dados\TabPreco.DB","D:\AtelieProd\MOD\data\original-readonly\Equipexe\Lav\Dados","34816","33","True","23/05/2026 11:39:53"
"TabPro","Lav\Dados\TabPro.DB","D:\AtelieProd\MOD\data\original-readonly\Equipexe\Lav\Dados","34816","19","True","23/05/2026 11:39:53"
"TabProDesc","Lav\Dados\TabProDesc.DB","D:\AtelieProd\MOD\data\original-readonly\Equipexe\Lav\Dados","2048","4","True","23/05/2026 11:39:53"
"TabProLim","Lav\Dados\TabProLim.DB","D:\AtelieProd\MOD\data\original-readonly\Equipexe\Lav\Dados","2048","11","True","23/05/2026 11:39:53"
"TabProPrEn","Lav\Dados\TabProPrEn.DB","D:\AtelieProd\MOD\data\original-readonly\Equipexe\Lav\Dados","2048","4","True","23/05/2026 11:39:53"
"TabProProm","Lav\Dados\TabProProm.DB","D:\AtelieProd\MOD\data\original-readonly\Equipexe\Lav\Dados","2048","4","True","23/05/2026 11:39:53"
"TabProSer","Lav\Dados\TabProSer.DB","D:\AtelieProd\MOD\data\original-readonly\Equipexe\Lav\Dados","165888","6","True","23/05/2026 11:39:53"
"TipEnt","Lav\Dados\TipEnt.DB","D:\AtelieProd\MOD\data\original-readonly\Equipexe\Lav\Dados","34816","11","True","23/05/2026 11:39:54"
"TipSer","Lav\Dados\TipSer.DB","D:\AtelieProd\MOD\data\original-readonly\Equipexe\Lav\Dados","34816","7","True","23/05/2026 11:39:54"
"TipTab","Lav\Dados\TipTab.DB","D:\AtelieProd\MOD\data\original-readonly\Equipexe\Lav\Dados","34816","6","True","23/05/2026 11:39:54"
"TipTec","Lav\Dados\TipTec.DB","D:\AtelieProd\MOD\data\original-readonly\Equipexe\Lav\Dados","34816","7","True","23/05/2026 11:39:54"
"AvisoContEti","Lav\FILIAL\AvisoContEti.DB","D:\AtelieProd\MOD\data\original-readonly\Equipexe\Lav\FILIAL","2048","11","True","23/05/2026 11:39:54"
"Bonus","Lav\FILIAL\Bonus.DB","D:\AtelieProd\MOD\data\original-readonly\Equipexe\Lav\FILIAL","2048","7","True","23/05/2026 11:39:54"
"CadGR","Lav\FILIAL\CadGR.DB","D:\AtelieProd\MOD\data\original-readonly\Equipexe\Lav\FILIAL","2048","2","True","23/05/2026 11:39:54"
"CadLoc","Lav\FILIAL\CadLoc.DB","D:\AtelieProd\MOD\data\original-readonly\Equipexe\Lav\FILIAL","34816","12","True","23/05/2026 11:39:54"
"CadLocPec","Lav\FILIAL\CadLocPec.DB","D:\AtelieProd\MOD\data\original-readonly\Equipexe\Lav\FILIAL","9209856","20","True","23/05/2026 11:39:54"
"CadLocReg","Lav\FILIAL\CadLocReg.DB","D:\AtelieProd\MOD\data\original-readonly\Equipexe\Lav\FILIAL","2048","6","True","23/05/2026 11:39:54"
"CliCredito","Lav\FILIAL\CliCredito.DB","D:\AtelieProd\MOD\data\original-readonly\Equipexe\Lav\FILIAL","34816","14","True","23/05/2026 11:39:54"
"CliPromAcu","Lav\FILIAL\CliPromAcu.DB","D:\AtelieProd\MOD\data\original-readonly\Equipexe\Lav\FILIAL","2048","3","True","23/05/2026 11:39:54"
"ContIdent","Lav\FILIAL\ContIdent.DB","D:\AtelieProd\MOD\data\original-readonly\Equipexe\Lav\FILIAL","2048","5","True","23/05/2026 11:39:54"
"ControleEti","Lav\FILIAL\ControleEti.DB","D:\AtelieProd\MOD\data\original-readonly\Equipexe\Lav\FILIAL","2048","7","True","23/05/2026 11:39:55"
"Disp","Lav\FILIAL\Disp.DB","D:\AtelieProd\MOD\data\original-readonly\Equipexe\Lav\FILIAL","2048","6","True","23/05/2026 11:39:55"
"Doacao","Lav\FILIAL\Doacao.DB","D:\AtelieProd\MOD\data\original-readonly\Equipexe\Lav\FILIAL","2048","8","True","23/05/2026 11:39:55"
"EncCaiLav","Lav\FILIAL\EncCaiLav.DB","D:\AtelieProd\MOD\data\original-readonly\Equipexe\Lav\FILIAL","2048","9","True","23/05/2026 11:39:55"
"EntLote","Lav\FILIAL\EntLote.DB","D:\AtelieProd\MOD\data\original-readonly\Equipexe\Lav\FILIAL","2048","16","True","23/05/2026 11:39:55"
"EntMovLote","Lav\FILIAL\EntMovLote.DB","D:\AtelieProd\MOD\data\original-readonly\Equipexe\Lav\FILIAL","2048","9","True","23/05/2026 11:39:55"
"EstCli","Lav\FILIAL\EstCli.DB","D:\AtelieProd\MOD\data\original-readonly\Equipexe\Lav\FILIAL","2048","24","True","23/05/2026 11:39:55"
"FecCaixa","Lav\FILIAL\FecCaixa.DB","D:\AtelieProd\MOD\data\original-readonly\Equipexe\Lav\FILIAL","2048","3","True","23/05/2026 11:39:55"
"IndenRol","Lav\FILIAL\IndenRol.DB","D:\AtelieProd\MOD\data\original-readonly\Equipexe\Lav\FILIAL","2048","5","True","23/05/2026 11:39:55"
"LogExporta","Lav\FILIAL\LogExporta.DB","D:\AtelieProd\MOD\data\original-readonly\Equipexe\Lav\FILIAL","34816","6","True","23/05/2026 11:39:55"
"MetasGruPro","Lav\FILIAL\MetasGruPro.DB","D:\AtelieProd\MOD\data\original-readonly\Equipexe\Lav\FILIAL","2048","3","True","23/05/2026 11:39:55"
"MetasVen","Lav\FILIAL\MetasVen.DB","D:\AtelieProd\MOD\data\original-readonly\Equipexe\Lav\FILIAL","2048","3","True","23/05/2026 11:39:55"
"MovAgenda","Lav\FILIAL\MovAgenda.DB","D:\AtelieProd\MOD\data\original-readonly\Equipexe\Lav\FILIAL","2048","6","True","23/05/2026 11:39:55"
"MovCab","Lav\FILIAL\MovCab.DB","D:\AtelieProd\MOD\data\original-readonly\Equipexe\Lav\FILIAL","14487552","58","True","23/05/2026 11:39:56"
"MovCabDes","Lav\FILIAL\MovCabDes.DB","D:\AtelieProd\MOD\data\original-readonly\Equipexe\Lav\FILIAL","34816","3","True","23/05/2026 11:39:56"
"MovDesc","Lav\FILIAL\MovDesc.DB","D:\AtelieProd\MOD\data\original-readonly\Equipexe\Lav\FILIAL","2048","11","True","23/05/2026 11:39:56"
"MovEntSai","Lav\FILIAL\MovEntSai.DB","D:\AtelieProd\MOD\data\original-readonly\Equipexe\Lav\FILIAL","2048","6","True","23/05/2026 11:39:56"
"MovEstLan","Lav\FILIAL\MovEstLan.DB","D:\AtelieProd\MOD\data\original-readonly\Equipexe\Lav\FILIAL","2048","6","True","23/05/2026 11:39:56"
"MovImportacao","Lav\FILIAL\MovImportacao.DB","D:\AtelieProd\MOD\data\original-readonly\Equipexe\Lav\FILIAL","2048","7","True","23/05/2026 11:39:56"
"MovIniCaixa","Lav\FILIAL\MovIniCaixa.DB","D:\AtelieProd\MOD\data\original-readonly\Equipexe\Lav\FILIAL","2048","6","True","23/05/2026 11:39:56"
"MovItemCor","Lav\FILIAL\MovItemCor.DB","D:\AtelieProd\MOD\data\original-readonly\Equipexe\Lav\FILIAL","34816","5","True","23/05/2026 11:39:56"
"MovItemDef","Lav\FILIAL\MovItemDef.DB","D:\AtelieProd\MOD\data\original-readonly\Equipexe\Lav\FILIAL","34816","5","True","23/05/2026 11:39:56"
"MovItemPac","Lav\FILIAL\MovItemPac.DB","D:\AtelieProd\MOD\data\original-readonly\Equipexe\Lav\FILIAL","2048","5","True","23/05/2026 11:39:56"
"MovItemPro","Lav\FILIAL\MovItemPro.DB","D:\AtelieProd\MOD\data\original-readonly\Equipexe\Lav\FILIAL","2048","5","True","23/05/2026 11:39:56"
"MovItemSer","Lav\FILIAL\MovItemSer.DB","D:\AtelieProd\MOD\data\original-readonly\Equipexe\Lav\FILIAL","37029888","11","True","23/05/2026 11:39:57"
"MovItemSerPro","Lav\FILIAL\MovItemSerPro.DB","D:\AtelieProd\MOD\data\original-readonly\Equipexe\Lav\FILIAL","2048","8","True","23/05/2026 11:39:57"
"MovItemTin","Lav\FILIAL\MovItemTin.DB","D:\AtelieProd\MOD\data\original-readonly\Equipexe\Lav\FILIAL","2048","7","True","23/05/2026 11:39:57"
"MovLimite","Lav\FILIAL\MovLimite.DB","D:\AtelieProd\MOD\data\original-readonly\Equipexe\Lav\FILIAL","2048","3","True","23/05/2026 11:39:57"
"MovLimPro","Lav\FILIAL\MovLimPro.DB","D:\AtelieProd\MOD\data\original-readonly\Equipexe\Lav\FILIAL","67584","3","True","23/05/2026 11:39:57"
"MovLocRol","Lav\FILIAL\MovLocRol.DB","D:\AtelieProd\MOD\data\original-readonly\Equipexe\Lav\FILIAL","2048","7","True","23/05/2026 11:39:57"
"MovPacot","Lav\FILIAL\MovPacot.DB","D:\AtelieProd\MOD\data\original-readonly\Equipexe\Lav\FILIAL","2048","13","True","23/05/2026 11:39:57"
"MovPecLav","Lav\FILIAL\MovPecLav.DB","D:\AtelieProd\MOD\data\original-readonly\Equipexe\Lav\FILIAL","2048","8","True","23/05/2026 11:39:57"
"MovPontos","Lav\FILIAL\MovPontos.DB","D:\AtelieProd\MOD\data\original-readonly\Equipexe\Lav\FILIAL","264192","6","True","23/05/2026 11:39:57"
"MovRetirada","Lav\FILIAL\MovRetirada.DB","D:\AtelieProd\MOD\data\original-readonly\Equipexe\Lav\FILIAL","2048","22","True","23/05/2026 11:39:57"
"MovSaida","Lav\FILIAL\MovSaida.DB","D:\AtelieProd\MOD\data\original-readonly\Equipexe\Lav\FILIAL","2048","12","True","23/05/2026 11:39:57"
"MovSaidaItem","Lav\FILIAL\MovSaidaItem.DB","D:\AtelieProd\MOD\data\original-readonly\Equipexe\Lav\FILIAL","2048","11","True","23/05/2026 11:39:58"
"MovTerc","Lav\FILIAL\MovTerc.DB","D:\AtelieProd\MOD\data\original-readonly\Equipexe\Lav\FILIAL","2048","17","True","23/05/2026 11:39:58"
"MovTerCom","Lav\FILIAL\MovTerCom.DB","D:\AtelieProd\MOD\data\original-readonly\Equipexe\Lav\FILIAL","2048","7","True","23/05/2026 11:39:58"
"MovTercPec","Lav\FILIAL\MovTercPec.DB","D:\AtelieProd\MOD\data\original-readonly\Equipexe\Lav\FILIAL","2048","8","True","23/05/2026 11:39:58"
"MovVenItem","Lav\FILIAL\MovVenItem.DB","D:\AtelieProd\MOD\data\original-readonly\Equipexe\Lav\FILIAL","2048","12","True","23/05/2026 11:39:58"
"NotaFisPag","Lav\FILIAL\NotaFisPag.DB","D:\AtelieProd\MOD\data\original-readonly\Equipexe\Lav\FILIAL","2048","16","True","23/05/2026 11:39:58"
"Notas","Lav\FILIAL\Notas.DB","D:\AtelieProd\MOD\data\original-readonly\Equipexe\Lav\FILIAL","13043712","37","True","23/05/2026 11:39:58"
"NotComp","Lav\FILIAL\NotComp.DB","D:\AtelieProd\MOD\data\original-readonly\Equipexe\Lav\FILIAL","5113856","12","True","23/05/2026 11:39:58"
"NotFis","Lav\FILIAL\NotFis.DB","D:\AtelieProd\MOD\data\original-readonly\Equipexe\Lav\FILIAL","2048","16","True","23/05/2026 11:39:58"
"NotFisConf","Lav\FILIAL\NotFisConf.DB","D:\AtelieProd\MOD\data\original-readonly\Equipexe\Lav\FILIAL","2048","3","True","23/05/2026 11:39:58"
"NotFisE","Lav\FILIAL\NotFisE.DB","D:\AtelieProd\MOD\data\original-readonly\Equipexe\Lav\FILIAL","2048","16","True","23/05/2026 11:39:58"
"NotFisEComp","Lav\FILIAL\NotFisEComp.DB","D:\AtelieProd\MOD\data\original-readonly\Equipexe\Lav\FILIAL","2048","8","True","23/05/2026 11:39:58"
"OrcCab","Lav\FILIAL\OrcCab.DB","D:\AtelieProd\MOD\data\original-readonly\Equipexe\Lav\FILIAL","4096","58","True","23/05/2026 11:39:59"
"OrcItem","Lav\FILIAL\OrcItem.DB","D:\AtelieProd\MOD\data\original-readonly\Equipexe\Lav\FILIAL","2048","25","True","23/05/2026 11:39:59"
"OrcItemCab","Lav\FILIAL\OrcItemCab.DB","D:\AtelieProd\MOD\data\original-readonly\Equipexe\Lav\FILIAL","2048","9","True","23/05/2026 11:39:59"
"OrcItemCor","Lav\FILIAL\OrcItemCor.DB","D:\AtelieProd\MOD\data\original-readonly\Equipexe\Lav\FILIAL","2048","5","True","23/05/2026 11:39:59"
"OrcItemDef","Lav\FILIAL\OrcItemDef.DB","D:\AtelieProd\MOD\data\original-readonly\Equipexe\Lav\FILIAL","2048","5","True","23/05/2026 11:39:59"
"OrcItemPro","Lav\FILIAL\OrcItemPro.DB","D:\AtelieProd\MOD\data\original-readonly\Equipexe\Lav\FILIAL","2048","5","True","23/05/2026 11:39:59"
"OrcItemSer","Lav\FILIAL\OrcItemSer.DB","D:\AtelieProd\MOD\data\original-readonly\Equipexe\Lav\FILIAL","2048","11","True","23/05/2026 11:39:59"
"AutoPecas","MAN\DADOS\AutoPecas.DB","D:\AtelieProd\MOD\data\original-readonly\Equipexe\MAN\DADOS","2048","10","True","23/05/2026 11:39:59"
"CompAutoPecas","MAN\DADOS\CompAutoPecas.DB","D:\AtelieProd\MOD\data\original-readonly\Equipexe\MAN\DADOS","2048","7","True","23/05/2026 11:39:59"
"Condutor","MAN\DADOS\Condutor.DB","D:\AtelieProd\MOD\data\original-readonly\Equipexe\MAN\DADOS","2048","10","True","23/05/2026 11:39:59"
"Equipam","MAN\DADOS\Equipam.DB","D:\AtelieProd\MOD\data\original-readonly\Equipexe\MAN\DADOS","2048","11","True","23/05/2026 11:39:59"
"MovEquip","MAN\DADOS\MovEquip.DB","D:\AtelieProd\MOD\data\original-readonly\Equipexe\MAN\DADOS","2048","17","True","23/05/2026 11:40:00"
"MovTrocas","MAN\DADOS\MovTrocas.DB","D:\AtelieProd\MOD\data\original-readonly\Equipexe\MAN\DADOS","2048","11","True","23/05/2026 11:40:00"
"PrevisaoPag","PAG\FILIAL\PrevisaoPag.DB","D:\AtelieProd\MOD\data\original-readonly\Equipexe\PAG\FILIAL","2048","9","True","23/05/2026 11:40:00"
"TitGru","PAG\FILIAL\TitGru.DB","D:\AtelieProd\MOD\data\original-readonly\Equipexe\PAG\FILIAL","2048","9","True","23/05/2026 11:40:00"
"TitGruLan","PAG\FILIAL\TitGruLan.DB","D:\AtelieProd\MOD\data\original-readonly\Equipexe\PAG\FILIAL","2048","8","True","23/05/2026 11:40:00"
"Titulos","PAG\FILIAL\Titulos.DB","D:\AtelieProd\MOD\data\original-readonly\Equipexe\PAG\FILIAL","67584","36","True","23/05/2026 11:40:00"
"ClaManut","PEC\DADOS\ClaManut.DB","D:\AtelieProd\MOD\data\original-readonly\Equipexe\PEC\DADOS","2048","7","True","23/05/2026 11:40:00"
"ClaPerda","PEC\DADOS\ClaPerda.DB","D:\AtelieProd\MOD\data\original-readonly\Equipexe\PEC\DADOS","2048","6","True","23/05/2026 11:40:00"
"FunAfastam","PEC\DADOS\FunAfastam.DB","D:\AtelieProd\MOD\data\original-readonly\Equipexe\PEC\DADOS","2048","8","True","23/05/2026 11:40:00"
"FunCli","PEC\DADOS\FunCli.DB","D:\AtelieProd\MOD\data\original-readonly\Equipexe\PEC\DADOS","2048","25","True","23/05/2026 11:40:00"
"FunCliCan","PEC\DADOS\FunCliCan.DB","D:\AtelieProd\MOD\data\original-readonly\Equipexe\PEC\DADOS","2048","5","True","23/05/2026 11:40:00"
"FunCliRou","PEC\DADOS\FunCliRou.DB","D:\AtelieProd\MOD\data\original-readonly\Equipexe\PEC\DADOS","2048","20","True","23/05/2026 11:40:00"
"FunCliRouM","PEC\DADOS\FunCliRouM.DB","D:\AtelieProd\MOD\data\original-readonly\Equipexe\PEC\DADOS","2048","16","True","23/05/2026 11:40:01"
"FunCliRouP","PEC\DADOS\FunCliRouP.DB","D:\AtelieProd\MOD\data\original-readonly\Equipexe\PEC\DADOS","2048","6","True","23/05/2026 11:40:01"
"FunCliRouUni","PEC\DADOS\FunCliRouUni.DB","D:\AtelieProd\MOD\data\original-readonly\Equipexe\PEC\DADOS","2048","5","True","23/05/2026 11:40:01"
"AvisoRoupa","PEC\FILIAL\AvisoRoupa.DB","D:\AtelieProd\MOD\data\original-readonly\Equipexe\PEC\FILIAL","2048","16","True","23/05/2026 11:40:01"
"LogSisPec","PEC\FILIAL\LogSisPec.DB","D:\AtelieProd\MOD\data\original-readonly\Equipexe\PEC\FILIAL","2048","11","True","23/05/2026 11:40:01"
"MovRoupa","PEC\FILIAL\MovRoupa.DB","D:\AtelieProd\MOD\data\original-readonly\Equipexe\PEC\FILIAL","2048","13","True","23/05/2026 11:40:01"
"MovRoupaConf","PEC\FILIAL\MovRoupaConf.DB","D:\AtelieProd\MOD\data\original-readonly\Equipexe\PEC\FILIAL","2048","13","True","23/05/2026 11:40:01"
"MovRoupaLot","PEC\FILIAL\MovRoupaLot.DB","D:\AtelieProd\MOD\data\original-readonly\Equipexe\PEC\FILIAL","2048","25","True","23/05/2026 11:40:01"
"MovRoupaRol","PEC\FILIAL\MovRoupaRol.DB","D:\AtelieProd\MOD\data\original-readonly\Equipexe\PEC\FILIAL","2048","4","True","23/05/2026 11:40:01"
"Boletos","REC\FILIAL\Boletos.DB","D:\AtelieProd\MOD\data\original-readonly\Equipexe\REC\FILIAL","2048","10","True","23/05/2026 11:40:01"
"BoletosCan","REC\FILIAL\BoletosCan.DB","D:\AtelieProd\MOD\data\original-readonly\Equipexe\REC\FILIAL","2048","6","True","23/05/2026 11:40:01"
"BoletosDupCan","REC\FILIAL\BoletosDupCan.DB","D:\AtelieProd\MOD\data\original-readonly\Equipexe\REC\FILIAL","2048","4","True","23/05/2026 11:40:01"
"BoletosLot","REC\FILIAL\BoletosLot.DB","D:\AtelieProd\MOD\data\original-readonly\Equipexe\REC\FILIAL","2048","8","True","23/05/2026 11:40:01"
"CamRecFil","REC\FILIAL\CamRecFil.DB","D:\AtelieProd\MOD\data\original-readonly\Equipexe\REC\FILIAL","2048","7","True","23/05/2026 11:40:02"
"DupBoleto","REC\FILIAL\DupBoleto.DB","D:\AtelieProd\MOD\data\original-readonly\Equipexe\REC\FILIAL","2048","16","True","23/05/2026 11:40:02"
"DupComp","REC\FILIAL\DupComp.DB","D:\AtelieProd\MOD\data\original-readonly\Equipexe\REC\FILIAL","2048","4","True","23/05/2026 11:40:02"
"DupCorrCab","REC\FILIAL\DupCorrCab.DB","D:\AtelieProd\MOD\data\original-readonly\Equipexe\REC\FILIAL","2048","8","True","23/05/2026 11:40:02"
"DupCorrItem","REC\FILIAL\DupCorrItem.DB","D:\AtelieProd\MOD\data\original-readonly\Equipexe\REC\FILIAL","2048","5","True","23/05/2026 11:40:02"
"DupIntTit","REC\FILIAL\DupIntTit.DB","D:\AtelieProd\MOD\data\original-readonly\Equipexe\REC\FILIAL","2048","6","True","23/05/2026 11:40:02"
"Duplicat","REC\FILIAL\Duplicat.DB","D:\AtelieProd\MOD\data\original-readonly\Equipexe\REC\FILIAL","13701120","60","True","23/05/2026 11:40:02"
"DupMotAlt","REC\FILIAL\DupMotAlt.DB","D:\AtelieProd\MOD\data\original-readonly\Equipexe\REC\FILIAL","2048","10","True","23/05/2026 11:40:02"
"DupReaj","REC\FILIAL\DupReaj.DB","D:\AtelieProd\MOD\data\original-readonly\Equipexe\REC\FILIAL","2048","5","True","23/05/2026 11:40:02"
"FatArq","REC\FILIAL\FatArq.DB","D:\AtelieProd\MOD\data\original-readonly\Equipexe\REC\FILIAL","2048","9","True","23/05/2026 11:40:02"
"NotFisFin","REC\FILIAL\NotFisFin.DB","D:\AtelieProd\MOD\data\original-readonly\Equipexe\REC\FILIAL","2048","11","True","23/05/2026 11:40:02"
"NotFisFinCan","REC\FILIAL\NotFisFinCan.DB","D:\AtelieProd\MOD\data\original-readonly\Equipexe\REC\FILIAL","2048","6","True","23/05/2026 11:40:02"
"Remessa","REC\FILIAL\Remessa.DB","D:\AtelieProd\MOD\data\original-readonly\Equipexe\REC\FILIAL","2048","8","True","23/05/2026 11:40:03"
"ArqDocum","SAT\DADOS\ArqDocum.DB","D:\AtelieProd\MOD\data\original-readonly\Equipexe\SAT\DADOS","2048","9","True","23/05/2026 11:40:03"
"CadAjuDoc","SAT\DADOS\CadAjuDoc.DB","D:\AtelieProd\MOD\data\original-readonly\Equipexe\SAT\DADOS","2048","9","True","23/05/2026 11:40:03"
"CadClaAlt","SAT\DADOS\CadClaAlt.DB","D:\AtelieProd\MOD\data\original-readonly\Equipexe\SAT\DADOS","2048","6","True","23/05/2026 11:40:03"
"CadOcorCla","SAT\DADOS\CadOcorCla.DB","D:\AtelieProd\MOD\data\original-readonly\Equipexe\SAT\DADOS","2048","11","True","23/05/2026 11:40:03"
"CadOcorSubC","SAT\DADOS\CadOcorSubC.DB","D:\AtelieProd\MOD\data\original-readonly\Equipexe\SAT\DADOS","2048","6","True","23/05/2026 11:40:03"
"CadSatCla","SAT\DADOS\CadSatCla.DB","D:\AtelieProd\MOD\data\original-readonly\Equipexe\SAT\DADOS","2048","9","True","23/05/2026 11:40:03"
"CadSatSit","SAT\DADOS\CadSatSit.DB","D:\AtelieProd\MOD\data\original-readonly\Equipexe\SAT\DADOS","2048","9","True","23/05/2026 11:40:03"
"CadSatSubC","SAT\DADOS\CadSatSubC.DB","D:\AtelieProd\MOD\data\original-readonly\Equipexe\SAT\DADOS","2048","6","True","23/05/2026 11:40:03"
"CadSatTip","SAT\DADOS\CadSatTip.DB","D:\AtelieProd\MOD\data\original-readonly\Equipexe\SAT\DADOS","2048","9","True","23/05/2026 11:40:03"
"CadSubCAlt","SAT\DADOS\CadSubCAlt.DB","D:\AtelieProd\MOD\data\original-readonly\Equipexe\SAT\DADOS","2048","6","True","23/05/2026 11:40:03"
"CadTipAlt","SAT\DADOS\CadTipAlt.DB","D:\AtelieProd\MOD\data\original-readonly\Equipexe\SAT\DADOS","2048","6","True","23/05/2026 11:40:03"
"CadVer","SAT\DADOS\CadVer.DB","D:\AtelieProd\MOD\data\original-readonly\Equipexe\SAT\DADOS","2048","2","True","23/05/2026 11:40:04"
"CompAlt","SAT\DADOS\CompAlt.DB","D:\AtelieProd\MOD\data\original-readonly\Equipexe\SAT\DADOS","2048","6","True","23/05/2026 11:40:04"
"Documentos","SAT\DADOS\Documentos.DB","D:\AtelieProd\MOD\data\original-readonly\Equipexe\SAT\DADOS","2048","4","True","23/05/2026 11:40:04"
"ErrosSat","SAT\DADOS\ErrosSat.DB","D:\AtelieProd\MOD\data\original-readonly\Equipexe\SAT\DADOS","2048","7","True","23/05/2026 11:40:04"
"GruSatLan","SAT\DADOS\GruSatLan.DB","D:\AtelieProd\MOD\data\original-readonly\Equipexe\SAT\DADOS","2048","6","True","23/05/2026 11:40:04"
"PadMenSat","SAT\DADOS\PadMenSat.DB","D:\AtelieProd\MOD\data\original-readonly\Equipexe\SAT\DADOS","2048","10","True","23/05/2026 11:40:04"
"Alteracoes","SAT\FILIAL\Alteracoes.DB","D:\AtelieProd\MOD\data\original-readonly\Equipexe\SAT\FILIAL","2048","20","True","23/05/2026 11:40:04"
"AndAltSist","SAT\FILIAL\AndAltSist.DB","D:\AtelieProd\MOD\data\original-readonly\Equipexe\SAT\FILIAL","2048","8","True","23/05/2026 11:40:04"
"Anotacoes","SAT\FILIAL\Anotacoes.DB","D:\AtelieProd\MOD\data\original-readonly\Equipexe\SAT\FILIAL","2048","17","True","23/05/2026 11:40:04"
"CadProjSat","SAT\FILIAL\CadProjSat.DB","D:\AtelieProd\MOD\data\original-readonly\Equipexe\SAT\FILIAL","2048","9","True","23/05/2026 11:40:04"
"LogExpSat","SAT\FILIAL\LogExpSat.DB","D:\AtelieProd\MOD\data\original-readonly\Equipexe\SAT\FILIAL","2048","7","True","23/05/2026 11:40:04"
"LogImpSat","SAT\FILIAL\LogImpSat.DB","D:\AtelieProd\MOD\data\original-readonly\Equipexe\SAT\FILIAL","2048","5","True","23/05/2026 11:40:04"
"MovProcAnexo","SAT\FILIAL\MovProcAnexo.DB","D:\AtelieProd\MOD\data\original-readonly\Equipexe\SAT\FILIAL","2048","6","True","23/05/2026 11:40:04"
"MovProces","SAT\FILIAL\MovProces.DB","D:\AtelieProd\MOD\data\original-readonly\Equipexe\SAT\FILIAL","2048","13","True","23/05/2026 11:40:05"
"MovProcesIt","SAT\FILIAL\MovProcesIt.DB","D:\AtelieProd\MOD\data\original-readonly\Equipexe\SAT\FILIAL","2048","16","True","23/05/2026 11:40:05"
"MovSatAle","SAT\FILIAL\MovSatAle.DB","D:\AtelieProd\MOD\data\original-readonly\Equipexe\SAT\FILIAL","2048","16","True","23/05/2026 11:40:05"
"MovSatCli","SAT\FILIAL\MovSatCli.DB","D:\AtelieProd\MOD\data\original-readonly\Equipexe\SAT\FILIAL","2048","33","True","23/05/2026 11:40:05"
"MovSatCliOcor","SAT\FILIAL\MovSatCliOcor.DB","D:\AtelieProd\MOD\data\original-readonly\Equipexe\SAT\FILIAL","4229120","21","True","23/05/2026 11:40:05"
"MovSatCliPro","SAT\FILIAL\MovSatCliPro.DB","D:\AtelieProd\MOD\data\original-readonly\Equipexe\SAT\FILIAL","2048","6","True","23/05/2026 11:40:05"
"MovSatEmail","SAT\FILIAL\MovSatEmail.DB","D:\AtelieProd\MOD\data\original-readonly\Equipexe\SAT\FILIAL","2048","12","True","23/05/2026 11:40:05"
"MovSatExec","SAT\FILIAL\MovSatExec.DB","D:\AtelieProd\MOD\data\original-readonly\Equipexe\SAT\FILIAL","2048","8","True","23/05/2026 11:40:05"
"MovSatFor","SAT\FILIAL\MovSatFor.DB","D:\AtelieProd\MOD\data\original-readonly\Equipexe\SAT\FILIAL","2048","32","True","23/05/2026 11:40:05"
"MovSatForOcor","SAT\FILIAL\MovSatForOcor.DB","D:\AtelieProd\MOD\data\original-readonly\Equipexe\SAT\FILIAL","2048","21","True","23/05/2026 11:40:05"
"MovSatInt","SAT\FILIAL\MovSatInt.DB","D:\AtelieProd\MOD\data\original-readonly\Equipexe\SAT\FILIAL","2048","32","True","23/05/2026 11:40:05"
"MovSatIntOcor","SAT\FILIAL\MovSatIntOcor.DB","D:\AtelieProd\MOD\data\original-readonly\Equipexe\SAT\FILIAL","2048","21","True","23/05/2026 11:40:05"
"NotaSat","SAT\FILIAL\NotaSat.DB","D:\AtelieProd\MOD\data\original-readonly\Equipexe\SAT\FILIAL","2048","10","True","23/05/2026 11:40:05"
"NotaSatCanc","SAT\FILIAL\NotaSatCanc.DB","D:\AtelieProd\MOD\data\original-readonly\Equipexe\SAT\FILIAL","2048","5","True","23/05/2026 11:40:06"
"NotCompSat","SAT\FILIAL\NotCompSat.DB","D:\AtelieProd\MOD\data\original-readonly\Equipexe\SAT\FILIAL","2048","9","True","23/05/2026 11:40:06"
"SatFilCam","SAT\FILIAL\SatFilCam.DB","D:\AtelieProd\MOD\data\original-readonly\Equipexe\SAT\FILIAL","2048","5","True","23/05/2026 11:40:06"
"SolAltCli","SAT\FILIAL\SolAltCli.DB","D:\AtelieProd\MOD\data\original-readonly\Equipexe\SAT\FILIAL","2048","10","True","23/05/2026 11:40:06"
"SolAltCliCan","SAT\FILIAL\SolAltCliCan.DB","D:\AtelieProd\MOD\data\original-readonly\Equipexe\SAT\FILIAL","2048","9","True","23/05/2026 11:40:06"
"SolAltSist","SAT\FILIAL\SolAltSist.DB","D:\AtelieProd\MOD\data\original-readonly\Equipexe\SAT\FILIAL","2048","36","True","23/05/2026 11:40:06"
"SolAltSistCan","SAT\FILIAL\SolAltSistCan.DB","D:\AtelieProd\MOD\data\original-readonly\Equipexe\SAT\FILIAL","2048","5","True","23/05/2026 11:40:06"
"SolAltSistTest","SAT\FILIAL\SolAltSistTest.DB","D:\AtelieProd\MOD\data\original-readonly\Equipexe\SAT\FILIAL","2048","14","True","23/05/2026 11:40:06"
"MovTriCab","TRI\FILIAL\MovTriCab.DB","D:\AtelieProd\MOD\data\original-readonly\Equipexe\TRI\FILIAL","2048","16","True","23/05/2026 11:40:06"
"MovTriItem","TRI\FILIAL\MovTriItem.DB","D:\AtelieProd\MOD\data\original-readonly\Equipexe\TRI\FILIAL","2048","6","True","23/05/2026 11:40:06"
"MovTriRolCab","TRI\FILIAL\MovTriRolCab.DB","D:\AtelieProd\MOD\data\original-readonly\Equipexe\TRI\FILIAL","2048","14","True","23/05/2026 11:40:06"
"MovTriRolItem","TRI\FILIAL\MovTriRolItem.DB","D:\AtelieProd\MOD\data\original-readonly\Equipexe\TRI\FILIAL","2048","7","True","23/05/2026 11:40:06"
"MovTriRolLot","TRI\FILIAL\MovTriRolLot.DB","D:\AtelieProd\MOD\data\original-readonly\Equipexe\TRI\FILIAL","2048","13","True","23/05/2026 11:40:07"
