Login,Nome,GrupoLegado,TipUsuario,PerfilNovoSugerido,Status,UltimoAcesso,VinculoVendas,VinculoCaixa,VinculoFinanceiro,VinculoEstoque,VinculoOS,Evidencia
BRENA,BRENA,OPERA,U,Operador,ativo/inativo nao confirmado; TipUsuario=U,nao confirmado,"por CodUsuario em MovCab/Notas, a validar","por CodUsuario em FecCaixa/MovIniCaixa, a validar","por CodUsuario em Duplicat/Titulos/Notas, a validar","por CodUsuario em MovEst, a validar","por CodUsuario em MovCab, a validar",confirmado por schema: Usuarios.DB
BRUNA,BRUNA,OPERA,S,Operador,ativo/inativo nao confirmado; TipUsuario=S,nao confirmado,"por CodUsuario em MovCab/Notas, a validar","por CodUsuario em FecCaixa/MovIniCaixa, a validar","por CodUsuario em Duplicat/Titulos/Notas, a validar","por CodUsuario em MovEst, a validar","por CodUsuario em MovCab, a validar",confirmado por schema: Usuarios.DB
CID,APARECIDA LEMOS RIBEIRO,OPERA,U,Operador,ativo/inativo nao confirmado; TipUsuario=U,nao confirmado,"por CodUsuario em MovCab/Notas, a validar","por CodUsuario em FecCaixa/MovIniCaixa, a validar","por CodUsuario em Duplicat/Titulos/Notas, a validar","por CodUsuario em MovEst, a validar","por CodUsuario em MovCab, a validar",confirmado por schema: Usuarios.DB
EDU,CLEBER EDUARDO LACERDA,OPERA,U,Operador,ativo/inativo nao confirmado; TipUsuario=U,nao confirmado,"por CodUsuario em MovCab/Notas, a validar","por CodUsuario em FecCaixa/MovIniCaixa, a validar","por CodUsuario em Duplicat/Titulos/Notas, a validar","por CodUsuario em MovEst, a validar","por CodUsuario em MovCab, a validar",confirmado por schema: Usuarios.DB
FAT,MARIA DE FATIMA RIBEIRO RAMOS,OPERA,U,Operador,ativo/inativo nao confirmado; TipUsuario=U,nao confirmado,"por CodUsuario em MovCab/Notas, a validar","por CodUsuario em FecCaixa/MovIniCaixa, a validar","por CodUsuario em Duplicat/Titulos/Notas, a validar","por CodUsuario em MovEst, a validar","por CodUsuario em MovCab, a validar",confirmado por schema: Usuarios.DB
GABRIELA,GABRIELA,MASTE,U,Administrador Geral,ativo/inativo nao confirmado; TipUsuario=U,nao confirmado,"por CodUsuario em MovCab/Notas, a validar","por CodUsuario em FecCaixa/MovIniCaixa, a validar","por CodUsuario em Duplicat/Titulos/Notas, a validar","por CodUsuario em MovEst, a validar","por CodUsuario em MovCab, a validar",confirmado por schema: Usuarios.DB
LUCI,LUCIDALVA ALVES DE OLIVEIRA,OPERA,S,Operador,ativo/inativo nao confirmado; TipUsuario=S,nao confirmado,"por CodUsuario em MovCab/Notas, a validar","por CodUsuario em FecCaixa/MovIniCaixa, a validar","por CodUsuario em Duplicat/Titulos/Notas, a validar","por CodUsuario em MovEst, a validar","por CodUsuario em MovCab, a validar",confirmado por schema: Usuarios.DB
MICHELE,MICHELE,OPERA,U,Operador,ativo/inativo nao confirmado; TipUsuario=U,nao confirmado,"por CodUsuario em MovCab/Notas, a validar","por CodUsuario em FecCaixa/MovIniCaixa, a validar","por CodUsuario em Duplicat/Titulos/Notas, a validar","por CodUsuario em MovEst, a validar","por CodUsuario em MovCab, a validar",confirmado por schema: Usuarios.DB
ROSIMEIRE,ROSIMEIRE,OPERA,S,Operador,ativo/inativo nao confirmado; TipUsuario=S,nao confirmado,"por CodUsuario em MovCab/Notas, a validar","por CodUsuario em FecCaixa/MovIniCaixa, a validar","por CodUsuario em Duplicat/Titulos/Notas, a validar","por CodUsuario em MovEst, a validar","por CodUsuario em MovCab, a validar",confirmado por schema: Usuarios.DB
