"Executavel","Categoria","Texto"
"EquEstruAtu.exe","atualizacao","CachedUpdates"
"EquEstruAtu.exe","comunicacao-remota","URLDownloadToCacheFileA"
"Estoque.exe","atualizacao","CachedUpdates"
"Estoque.exe","comunicacao-remota","URLDownloadToCacheFileA"
"Financeiro.exe","autenticacao-permissao","-Grupo: "
"Financeiro.exe","autenticacao-permissao","-Grupo2: "
"Financeiro.exe","autenticacao-permissao","-Grupo3: "
"Financeiro.exe","autenticacao-permissao","-Grupo4: "
"Financeiro.exe","autenticacao-permissao","-Ordem: Grupo"
"Financeiro.exe","autenticacao-permissao","(Grupo = '"
"Financeiro.exe","autenticacao-permissao",")or(Grupo = "
"Financeiro.exe","autenticacao-permissao","c_DigitaSenha"
"Financeiro.exe","atualizacao","CachedUpdates"
"Financeiro.exe","autenticacao-permissao","Cadastro de Grupo (Campos Flexiveis)"
"Financeiro.exe","autenticacao-permissao","Cadastro de Grupo 1 "
"Financeiro.exe","autenticacao-permissao","Cadastro de Grupo 2 "
"Financeiro.exe","autenticacao-permissao","Cadastro de Grupo 3"
"Financeiro.exe","autenticacao-permissao","Cadastro de Grupo 4"
"Financeiro.exe","autenticacao-permissao","CodUsuario"
"Financeiro.exe","autenticacao-permissao","ConfigUsuario"
"Financeiro.exe","autenticacao-permissao","CorGrupo"
"Financeiro.exe","autenticacao-permissao","CorGrupoF"
"Financeiro.exe","autenticacao-permissao","DBLCB_CodUsuario,"
"Financeiro.exe","autenticacao-permissao","DBLCB_CodUsuarioDropDown"
"Financeiro.exe","autenticacao-permissao","DBLCB_CodUsuarioEnter"
"Financeiro.exe","autenticacao-permissao","DBLCB_CodUsuarioExit"
"Financeiro.exe","autenticacao-permissao","DBLCB_CodUsuarioKeyPress"
"Financeiro.exe","autenticacao-permissao","DBLCB_ResUsuario"
"Financeiro.exe","autenticacao-permissao","DBLCB_ResUsuarioEnter"
"Financeiro.exe","autenticacao-permissao","DBLCB_ResUsuarioExit"
"Financeiro.exe","autenticacao-permissao","DesGrupo"
"Financeiro.exe","autenticacao-permissao","DS_Usuarios$"
"Financeiro.exe","autenticacao-permissao","DS_Usuarios4"
"Financeiro.exe","autenticacao-permissao","Ed_Senha"
"Financeiro.exe","autenticacao-permissao","Ed_SenhaEnter"
"Financeiro.exe","autenticacao-permissao","Ed_SenhaExit"
"Financeiro.exe","autenticacao-permissao","Ed_SenhaKeyPress"
"Financeiro.exe","autenticacao-permissao","Ed_UsuSenhaSMTP"
"Financeiro.exe","autenticacao-permissao","ENTRADA NO SISTEMA - DIGITADA SENHA"
"Financeiro.exe","autenticacao-permissao","Grupo"
"Financeiro.exe","autenticacao-permissao","Grupo (Campos Flexiveis)"
"Financeiro.exe","autenticacao-permissao","Grupo 1"
"Financeiro.exe","autenticacao-permissao","Grupo 2"
"Financeiro.exe","autenticacao-permissao","Grupo 2 n"
"Financeiro.exe","autenticacao-permissao","Grupo 3"
"Financeiro.exe","autenticacao-permissao","Grupo 4"
"Financeiro.exe","autenticacao-permissao","Grupo 4 n"
"Financeiro.exe","autenticacao-permissao","Grupo de Cliente n"
"Financeiro.exe","autenticacao-permissao","Grupo de Clientes"
"Financeiro.exe","autenticacao-permissao","Grupo de Fornecedores"
"Financeiro.exe","autenticacao-permissao","Grupo Fornecedores"
"Financeiro.exe","autenticacao-permissao","Grupo n"
"Financeiro.exe","autenticacao-permissao","Grupo11Click"
"Financeiro.exe","autenticacao-permissao","Grupo11H"
"Financeiro.exe","autenticacao-permissao","Grupo2 de Cliente n"
"Financeiro.exe","autenticacao-permissao","Grupo21Click"
"Financeiro.exe","autenticacao-permissao","Grupo21P"
"Financeiro.exe","autenticacao-permissao","Grupo3 de Cliente n"
"Financeiro.exe","autenticacao-permissao","Grupo31Click"
"Financeiro.exe","autenticacao-permissao","Grupo31T"
"Financeiro.exe","autenticacao-permissao","Grupo41Click"
"Financeiro.exe","autenticacao-permissao","Grupo41X"
"Financeiro.exe","autenticacao-permissao","GrupodeCamposFlexiveis1Click"
"Financeiro.exe","autenticacao-permissao","GrupodeCamposFlexiveis1t"
"Financeiro.exe","autenticacao-permissao","Grupos1L"
"Financeiro.exe","autenticacao-permissao","GruUsuario"
"Financeiro.exe","autenticacao-permissao","iDesGrupo"
"Financeiro.exe","autenticacao-permissao","iDesGrupo2"
"Financeiro.exe","autenticacao-permissao","iDesGrupo3"
"Financeiro.exe","autenticacao-permissao","iDesGrupo4"
"Financeiro.exe","autenticacao-permissao","Im_Senha"
"Financeiro.exe","autenticacao-permissao","iNomUsuario"
"Financeiro.exe","autenticacao-permissao","Lb_Grupo"
"Financeiro.exe","autenticacao-permissao","Lb_GrupoP"
"Financeiro.exe","autenticacao-permissao","Lb_TitSenha"
"Financeiro.exe","autenticacao-permissao","N2Grupo1Click"
"Financeiro.exe","autenticacao-permissao","N2Grupo1t"
"Financeiro.exe","autenticacao-permissao","N3Grupo1Click"
"Financeiro.exe","autenticacao-permissao","N3Grupo1x"
"Financeiro.exe","autenticacao-permissao","N4Grupo1|"
"Financeiro.exe","autenticacao-permissao","N4Grupo1Click"
"Financeiro.exe","autenticacao-permissao","NomUsuario"
"Financeiro.exe","autenticacao-permissao","O Usuario "
"Financeiro.exe","autenticacao-permissao","ObsGrupo"
"Financeiro.exe","autenticacao-permissao","ParUsuario"
"Financeiro.exe","autenticacao-permissao","Pn_Grupo"
"Financeiro.exe","autenticacao-permissao","Pn_Grupo2"
"Financeiro.exe","autenticacao-permissao","Pn_Grupo3"
"Financeiro.exe","autenticacao-permissao","Pn_Grupo4"
"Financeiro.exe","autenticacao-permissao","Pn_Grupo4 "
"Financeiro.exe","autenticacao-permissao","Pn_Grupo4|"
"Financeiro.exe","autenticacao-permissao","ResUsuario"
"Financeiro.exe","autenticacao-permissao","Senha"
"Financeiro.exe","autenticacao-permissao","Senha Incorreta"
"Financeiro.exe","autenticacao-permissao","SenhaEnabled"
"Financeiro.exe","autenticacao-permissao","Tb_ClientesResUsuario"
"Financeiro.exe","autenticacao-permissao","Tb_DuplicataUsuario\"
"Financeiro.exe","autenticacao-permissao","Tb_FiliaisGrupo1"
"Financeiro.exe","autenticacao-permissao","Tb_FiliaisGrupo2"
"Financeiro.exe","autenticacao-permissao","Tb_FiliaisGrupo3 "
"Financeiro.exe","autenticacao-permissao","Tb_FiliaisGrupo4$"
"Financeiro.exe","autenticacao-permissao","Tb_FiliaisGrupo5("
"Financeiro.exe","autenticacao-permissao","Tb_FiliaisGrupo6,"
"Financeiro.exe","autenticacao-permissao","Tb_FiliaisGrupo70"
"Financeiro.exe","autenticacao-permissao","Tb_FiliaisGrupo84"
"Financeiro.exe","autenticacao-permissao","Tb_GruCli2DesGrupoX"
"Financeiro.exe","autenticacao-permissao","Tb_GruCli2ObsGrupo\"
"Financeiro.exe","autenticacao-permissao","Tb_GruCli3DesGrupoL"
"Financeiro.exe","autenticacao-permissao","Tb_GruCli3ObsGrupoP"
"Financeiro.exe","autenticacao-permissao","Tb_GruCliDesGrupod"
"Financeiro.exe","autenticacao-permissao","Tb_GruCliObsGrupoh"
"Financeiro.exe","autenticacao-permissao","Tb_GruFor2Grupo"
"Financeiro.exe","autenticacao-permissao","Tb_GruForGrupo"
"Financeiro.exe","autenticacao-permissao","Tb_Usuarios "
"Financeiro.exe","autenticacao-permissao","Tb_Usuarios$"
"Financeiro.exe","autenticacao-permissao","Tb_UsuariosCodUsuario("
"Financeiro.exe","autenticacao-permissao","Tb_UsuariosCodUsuario4"
"Financeiro.exe","autenticacao-permissao","Tb_UsuariosDatCad0"
"Financeiro.exe","autenticacao-permissao","Tb_UsuariosGruUsuario<"
"Financeiro.exe","autenticacao-permissao","Tb_UsuariosNomUsuario,"
"Financeiro.exe","autenticacao-permissao","Tb_UsuariosNomUsuario8"
"Financeiro.exe","autenticacao-permissao","Tb_UsuariosSenhaD"
"Financeiro.exe","autenticacao-permissao","Tb_UsuariosTipUsuario@"
"Financeiro.exe","autenticacao-permissao","TF_Senha"
"Financeiro.exe","autenticacao-permissao","TFC_DigSenha"
"Financeiro.exe","autenticacao-permissao","TFC_DigSenhah"
"Financeiro.exe","autenticacao-permissao","TipUsuario"
"Financeiro.exe","autenticacao-permissao","Usuario"
"Financeiro.exe","autenticacao-permissao","Usuario n"
"Financeiro.exe","autenticacao-permissao","Usuarios"
"Financeiro.exe","autenticacao-permissao","UsuSenhaSMTP"
"Gerenciador.exe","comunicacao-remota",".http://www.lavsoft.com.br/AutenticaGerenciador"
"Gerenciador.exe","comunicacao-remota","(http://www.lavsoft.com.br/TestaAutentica"
"Gerenciador.exe","atualizacao","fSystem.Drawing.Icon, System.Drawing, Version=2.0.0.0, Culture=neutral, PublicKeyToken=b03f5f7f11d50a3a"
"Gerenciador.exe","atualizacao","fSystem.Drawing.Icon, System.Drawing, Version=2.0.0.0, Culture=neutral, PublicKeyToken=b03f5f7f11d50a3aBj"
"Gerenciador.exe","atualizacao","fSystem.Drawing.Icon, System.Drawing, Version=2.0.0.0, Culture=neutral, PublicKeyToken=b03f5f7f11d50a3ahSystem.Drawing.Bitmap, System.Drawing, Version=2.0.0.0, Culture=neutral, PublicKeyToken=b03f5f7f11d50a3aPADPADPBj"
"Gerenciador.exe","atualizacao","fSystem.Drawing.Icon, System.Drawing, Version=2.0.0.0, Culture=neutral, PublicKeyToken=b03f5f7f11d50a3ahSystem.Drawing.Bitmap, System.Drawing, Version=2.0.0.0, Culture=neutral, PublicKeyToken=b03f5f7f11d50a3aPADPADPI"
"Gerenciador.exe","atualizacao","hSystem.Drawing.Bitmap, System.Drawing, Version=2.0.0.0, Culture=neutral, PublicKeyToken=b03f5f7f11d50a3aPADPADD"
"Gerenciador.exe","atualizacao","hSystem.Drawing.Bitmap, System.Drawing, Version=2.0.0.0, Culture=neutral, PublicKeyToken=b03f5f7f11d50a3aPADPADF~"
"Gerenciador.exe","atualizacao","lSystem.Resources.ResourceReader, mscorlib, Version=2.0.0.0, Culture=neutral, PublicKeyToken=b77a5c561934e089#System.Resources.RuntimeResourceSet"
"Gerenciador.exe","atualizacao","QSystem.Drawing, Version=2.0.0.0, Culture=neutral, PublicKeyToken=b03f5f7f11d50a3a"
"Gerenciador.exe","autenticacao-permissao","rio ou senha inv"
"Gerenciador.exe","autenticacao-permissao","senha"
"Gerenciador.exe","atualizacao","System.Web.Services.Description.SoapBindingUse, System.Web.Services, Version=2.0.0.0, Culture=neutral, PublicKeyToken=b03f5f7f11d50a3a"
"Gerenciador.exe","atualizacao","System.Web.Services.Protocols.SoapParameterStyle, System.Web.Services, Version=2.0.0.0, Culture=neutral, PublicKeyToken=b03f5f7f11d50a3a"
"Gerenciador.exe","atualizacao","System.Windows.Forms.ImageListStreamer, System.Windows.Forms, Version=2.0.0.0, Culture=neutral, PublicKeyToken=b77a5c561934e089hSystem.Drawing.Bitmap, System.Drawing, Version=2.0.0.0, Culture=neutral, PublicKeyToken=b03f5f7f11d50a3aPADPADP"
"Gerenciador.exe","autenticacao-permissao","usuario"
"Gerenciador.exe","atualizacao","WSystem.Windows.Forms, Version=2.0.0.0, Culture=neutral, PublicKeyToken=b77a5c561934e089"
"LavFacilLan.exe","atualizacao","CachedUpdates"
"LavFacilLan.exe","comunicacao-remota","URLDownloadToCacheFileA"
"LavSoft.exe","autenticacao-permissao","-Grupo: "
"LavSoft.exe","autenticacao-permissao","-Grupo2: "
"LavSoft.exe","autenticacao-permissao","-Grupo3: "
"LavSoft.exe","autenticacao-permissao","-Grupo4: "
"LavSoft.exe","autenticacao-permissao","\Nivel.Db"
"LavSoft.exe","autenticacao-permissao","c_DigitaSenha"
"LavSoft.exe","atualizacao","CachedUpdates"
"LavSoft.exe","autenticacao-permissao","CodUsuario"
"LavSoft.exe","autenticacao-permissao","ControlaSenha"
"LavSoft.exe","autenticacao-permissao","CorGrupo"
"LavSoft.exe","autenticacao-permissao","CorGrupoF"
"LavSoft.exe","autenticacao-permissao","DBLC_dGrupo"
"LavSoft.exe","autenticacao-permissao","DBLC_dGrupo2"
"LavSoft.exe","autenticacao-permissao","DBLC_dGrupo3"
"LavSoft.exe","autenticacao-permissao","DBLC_dGrupo4"
"LavSoft.exe","autenticacao-permissao","DBLC_dGrupoDropDown"
"LavSoft.exe","autenticacao-permissao","DBLC_dGrupoEnter"
"LavSoft.exe","autenticacao-permissao","DBLC_dGrupoExit"
"LavSoft.exe","autenticacao-permissao","DesGrupo"
"LavSoft.exe","autenticacao-permissao","Digite a Senha "
"LavSoft.exe","autenticacao-permissao","ds_Grupo$"
"LavSoft.exe","autenticacao-permissao","ds_Grupo2<"
"LavSoft.exe","autenticacao-permissao","ds_Grupo3L"
"LavSoft.exe","autenticacao-permissao","ds_Grupo4\"
"LavSoft.exe","autenticacao-permissao","Ed_Senha"
"LavSoft.exe","autenticacao-permissao","Ed_SenhaKeyPress"
"LavSoft.exe","autenticacao-permissao","GeraSenhaAutCli"
"LavSoft.exe","autenticacao-permissao","GeraSenhaAutCli1"
"LavSoft.exe","autenticacao-permissao","GeraSenhaAutCli1Click"
"LavSoft.exe","autenticacao-permissao","Grupo"
"LavSoft.exe","autenticacao-permissao","Grupo de Cliente n"
"LavSoft.exe","autenticacao-permissao","Grupo de Clientes"
"LavSoft.exe","autenticacao-permissao","Grupo N"
"LavSoft.exe","autenticacao-permissao","GrupoCli"
"LavSoft.exe","autenticacao-permissao","iDesGrupo"
"LavSoft.exe","autenticacao-permissao","iDesGrupo2"
"LavSoft.exe","autenticacao-permissao","iDesGrupo3"
"LavSoft.exe","autenticacao-permissao","iDesGrupo4"
"LavSoft.exe","autenticacao-permissao","Im_Senha"
"LavSoft.exe","autenticacao-permissao","iSenha"
"LavSoft.exe","autenticacao-permissao","Lb_Grupo"
"LavSoft.exe","autenticacao-permissao","Lb_TitSenha"
"LavSoft.exe","autenticacao-permissao","LimpasenhadoCliente1"
"LavSoft.exe","autenticacao-permissao","LimpasenhadoCliente1Click"
"LavSoft.exe","autenticacao-permissao","ME_Senha"
"LavSoft.exe","autenticacao-permissao","Nivel"
"LavSoft.exe","autenticacao-permissao","o da senha"
"LavSoft.exe","autenticacao-permissao","O PARA NOVA SENHA"
"LavSoft.exe","autenticacao-permissao","O Usuario "
"LavSoft.exe","autenticacao-permissao","ObsGrupo"
"LavSoft.exe","autenticacao-permissao","Pn_Grupo"
"LavSoft.exe","autenticacao-permissao","Pn_Grupo|"
"LavSoft.exe","autenticacao-permissao","Pn_Grupo2"
"LavSoft.exe","autenticacao-permissao","Pn_Grupo3"
"LavSoft.exe","autenticacao-permissao","Pn_Grupo4"
"LavSoft.exe","autenticacao-permissao","Pn_Grupos"
"LavSoft.exe","autenticacao-permissao","QRL_Grupos"
"LavSoft.exe","autenticacao-permissao","SB_MarcaGrupo"
"LavSoft.exe","autenticacao-permissao","SB_MarcaGrupoClick"""
"LavSoft.exe","autenticacao-permissao","SEM GRUPO"
"LavSoft.exe","autenticacao-permissao","Senha"
"LavSoft.exe","autenticacao-permissao","Senha Incorreta"
"LavSoft.exe","autenticacao-permissao","Senha n"
"LavSoft.exe","autenticacao-permissao","TamSenhaAutCli"
"LavSoft.exe","autenticacao-permissao","Tb_CadVenSenhat"
"LavSoft.exe","autenticacao-permissao","Tb_ClientesResUsuario`"
"LavSoft.exe","autenticacao-permissao","Tb_ClientesSenha"
"LavSoft.exe","autenticacao-permissao","Tb_GruCli2CorGrupo"
"LavSoft.exe","autenticacao-permissao","Tb_GruCli2CorGrupoF"
"LavSoft.exe","autenticacao-permissao","Tb_GruCli2DesGrupo"
"LavSoft.exe","autenticacao-permissao","Tb_GruCli2ObsGrupo"
"LavSoft.exe","autenticacao-permissao","Tb_GruCli3CorGrupo"
"LavSoft.exe","autenticacao-permissao","Tb_GruCli3CorGrupoF"
"LavSoft.exe","autenticacao-permissao","Tb_GruCli3DesGrupo"
"LavSoft.exe","autenticacao-permissao","Tb_GruCli3ObsGrupo"
"LavSoft.exe","autenticacao-permissao","Tb_GruCli4CorGrupo"
"LavSoft.exe","autenticacao-permissao","Tb_GruCli4CorGrupoF"
"LavSoft.exe","autenticacao-permissao","Tb_GruCliCorGrupo"
"LavSoft.exe","autenticacao-permissao","Tb_GruCliCorGrupoF"
"LavSoft.exe","autenticacao-permissao","Tb_GruCliDesGrupo\"
"LavSoft.exe","autenticacao-permissao","Tb_GruCliObsGrupo`"
"LavSoft.exe","autenticacao-permissao","Tb_Grupo "
"LavSoft.exe","autenticacao-permissao","Tb_Grupo20"
"LavSoft.exe","autenticacao-permissao","Tb_Grupo2Cancelado"
"LavSoft.exe","autenticacao-permissao","Tb_Grupo2CorGrupo"
"LavSoft.exe","autenticacao-permissao","Tb_Grupo2CorGrupoF"
"LavSoft.exe","autenticacao-permissao","Tb_Grupo2DatCan"
"LavSoft.exe","autenticacao-permissao","Tb_Grupo2MotivoCan"
"LavSoft.exe","autenticacao-permissao","Tb_Grupo2ObsGrupo"
"LavSoft.exe","autenticacao-permissao","Tb_Grupo2PrioridGru"
"LavSoft.exe","autenticacao-permissao","Tb_Grupo3@"
"LavSoft.exe","autenticacao-permissao","Tb_Grupo3Cancelado"
"LavSoft.exe","autenticacao-permissao","Tb_Grupo3CorGrupo"
"LavSoft.exe","autenticacao-permissao","Tb_Grupo3CorGrupoF"
"LavSoft.exe","autenticacao-permissao","Tb_Grupo3DatCan"
"LavSoft.exe","autenticacao-permissao","Tb_Grupo3MotivoCan"
"LavSoft.exe","autenticacao-permissao","Tb_Grupo3ObsGrupo"
"LavSoft.exe","autenticacao-permissao","Tb_Grupo3PrioridGru"
"LavSoft.exe","autenticacao-permissao","Tb_Grupo4Cancelado"
"LavSoft.exe","autenticacao-permissao","Tb_Grupo4CorGrupo"
"LavSoft.exe","autenticacao-permissao","Tb_Grupo4CorGrupoF"
"LavSoft.exe","autenticacao-permissao","Tb_Grupo4DatCan"
"LavSoft.exe","autenticacao-permissao","Tb_Grupo4MotivoCan"
"LavSoft.exe","autenticacao-permissao","Tb_Grupo4ObsGrupo"
"LavSoft.exe","autenticacao-permissao","Tb_Grupo4P"
"LavSoft.exe","autenticacao-permissao","Tb_Grupo4PrioridGru"
"LavSoft.exe","autenticacao-permissao","Tb_GrupoCancelado"
"LavSoft.exe","autenticacao-permissao","Tb_GrupoCorGrupo"
"LavSoft.exe","autenticacao-permissao","Tb_GrupoCorGrupoF"
"LavSoft.exe","autenticacao-permissao","Tb_GrupoDatCan"
"LavSoft.exe","autenticacao-permissao","Tb_GrupoDesGrupo,"
"LavSoft.exe","autenticacao-permissao","Tb_GrupoGruCli("
"LavSoft.exe","autenticacao-permissao","Tb_GrupoMotivoCan"
"LavSoft.exe","autenticacao-permissao","Tb_GrupoObsGrupo"
"LavSoft.exe","autenticacao-permissao","Tb_GrupoPrioridGru"
"LavSoft.exe","autenticacao-permissao","Tb_Niveld"
"LavSoft.exe","autenticacao-permissao","Tb_VendedorSenha("
"LavSoft.exe","autenticacao-permissao","Termino da Validade-Digite a Senha"
"LavSoft.exe","autenticacao-permissao","TFC_DigSenha"
"LavSoft.exe","autenticacao-permissao","TFC_DigSenha|NI"
"LavSoft.exe","autenticacao-permissao","TrocaGrupodeCdigo1"
"LavSoft.exe","autenticacao-permissao","TrocaGrupodeCdigo1Click"
"NFE.exe","atualizacao","CachedUpdates"
"NFE.exe","atualizacao","FCachedUpdates"
"NFE.exe","licenciamento","RegisterLoginHandler"
"NFE.exe","licenciamento","UnregisterLoginHandler"
"SAT.exe","autenticacao-permissao","[UsuarioEquipe]"
"SAT.exe","autenticacao-permissao","\Nivel.Db"
"SAT.exe","autenticacao-permissao","And (A.CodUsuario="""
"SAT.exe","autenticacao-permissao","And (A.ParUsuario="""
"SAT.exe","autenticacao-permissao","And (A.UsuarioReu="""
"SAT.exe","atualizacao","CachedUpdates"
"SAT.exe","atualizacao","CachedUpdates<"
"SAT.exe","autenticacao-permissao","Cadastro de Grupo (Campos Flexiveis)"
"SAT.exe","autenticacao-permissao","Cadastro de Grupo 1 "
"SAT.exe","autenticacao-permissao","Cadastro de Grupo 2 "
"SAT.exe","autenticacao-permissao","Cadastro de Grupo 3"
"SAT.exe","autenticacao-permissao","Cadastro de Grupo 4"
"SAT.exe","autenticacao-permissao","CB_TrasUsuario"
"SAT.exe","autenticacao-permissao","CB_TrasUsuariot"
"SAT.exe","autenticacao-permissao","CodUsuario"
"SAT.exe","autenticacao-permissao","ConfigUsuario"
"SAT.exe","autenticacao-permissao","CopUsuario"
"SAT.exe","autenticacao-permissao","CorGrupo"
"SAT.exe","autenticacao-permissao","CorGrupoF"
"SAT.exe","autenticacao-permissao","DBLCB_CodUsuario"
"SAT.exe","autenticacao-permissao","DBLCB_CodUsuarioDropDown"
"SAT.exe","autenticacao-permissao","DBLCB_CodUsuarioEnter"
"SAT.exe","autenticacao-permissao","DBLCB_CodUsuarioExit"
"SAT.exe","autenticacao-permissao","DBLCB_CodUsuarioKeyPress"
"SAT.exe","autenticacao-permissao","DBLCB_ResUsuario"
"SAT.exe","autenticacao-permissao","DBLCB_ResUsuarioEnter"
"SAT.exe","autenticacao-permissao","DBLCB_ResUsuarioExit"
"SAT.exe","autenticacao-permissao","DesGrupo"
"SAT.exe","autenticacao-permissao","DS_Usuarios"
"SAT.exe","autenticacao-permissao","DS_Usuarios "
"SAT.exe","autenticacao-permissao","Ed_FlexGrupo"
"SAT.exe","autenticacao-permissao","Ed_FlexGrupoAbr"
"SAT.exe","autenticacao-permissao","Ed_Senha"
"SAT.exe","autenticacao-permissao","Ed_SenhaEnter"
"SAT.exe","autenticacao-permissao","Ed_SenhaExit"
"SAT.exe","autenticacao-permissao","Ed_UsuarioAnotad"
"SAT.exe","autenticacao-permissao","Ed_UsuarioAnotaExit"
"SAT.exe","autenticacao-permissao","Ed_UsuarioAnotaKeyPress"
"SAT.exe","autenticacao-permissao","ENTRADA NO SISTEMA - DIGITADA SENHA"
"SAT.exe","autenticacao-permissao","Grupo"
"SAT.exe","autenticacao-permissao","Grupo (Campos Flexiveis)"
"SAT.exe","autenticacao-permissao","Grupo 1"
"SAT.exe","autenticacao-permissao","Grupo 2"
"SAT.exe","autenticacao-permissao","Grupo 3"
"SAT.exe","autenticacao-permissao","Grupo 4"
"SAT.exe","autenticacao-permissao","Grupo de Lan"
"SAT.exe","autenticacao-permissao","Grupo n"
"SAT.exe","autenticacao-permissao","Grupo11Click"
"SAT.exe","autenticacao-permissao","Grupo11H"
"SAT.exe","autenticacao-permissao","Grupo21Click"
"SAT.exe","autenticacao-permissao","Grupo21P"
"SAT.exe","autenticacao-permissao","Grupo31Click"
"SAT.exe","autenticacao-permissao","Grupo31T"
"SAT.exe","autenticacao-permissao","Grupo41Click"
"SAT.exe","autenticacao-permissao","Grupo41X"
"SAT.exe","autenticacao-permissao","GrupodeCamposFlexiveis1Click."
"SAT.exe","autenticacao-permissao","GrupodeCamposFlexiveis1t"
"SAT.exe","autenticacao-permissao","Grupos1L"
"SAT.exe","autenticacao-permissao","GruUsuario"
"SAT.exe","autenticacao-permissao","iDesGrupo"
"SAT.exe","autenticacao-permissao","iDesGrupo2"
"SAT.exe","autenticacao-permissao","iDesGrupo3"
"SAT.exe","autenticacao-permissao","iDesGrupo4"
"SAT.exe","autenticacao-permissao","iNomUsuario"
"SAT.exe","autenticacao-permissao","Lb_Grupo"
"SAT.exe","autenticacao-permissao","Lb_Grupo|"
"SAT.exe","autenticacao-permissao","Lb_Grupo4"
"SAT.exe","autenticacao-permissao","Nivel"
"SAT.exe","autenticacao-permissao","NomUsuario"
"SAT.exe","autenticacao-permissao","O Usuario "
"SAT.exe","autenticacao-permissao","ObsGrupo"
"SAT.exe","autenticacao-permissao","ParUsuario"
"SAT.exe","autenticacao-permissao","Pn_CodUsuario"
"SAT.exe","autenticacao-permissao","Pn_Grupo"
"SAT.exe","autenticacao-permissao","Pn_Grupo2"
"SAT.exe","autenticacao-permissao","Pn_Grupo3"
"SAT.exe","autenticacao-permissao","Pn_Grupo4 "
"SAT.exe","autenticacao-permissao","Pn_Grupot"
"SAT.exe","autenticacao-permissao","Pn_Usuario"
"SAT.exe","autenticacao-permissao","QR_UsuarioD"
"SAT.exe","autenticacao-permissao","QRDB_Usuario4"
"SAT.exe","autenticacao-permissao","Qry_AnotacoesCodUsuario"
"SAT.exe","autenticacao-permissao","Qry_AnotacoesParUsuario"
"SAT.exe","autenticacao-permissao","ResUsuario"
"SAT.exe","autenticacao-permissao","Senha"
"SAT.exe","autenticacao-permissao","Senha Incorreta"
"SAT.exe","autenticacao-permissao","SenhaDig00"
"SAT.exe","autenticacao-permissao","SenhaEnabled"
"SAT.exe","autenticacao-permissao","SenhaOperador"
"SAT.exe","autenticacao-permissao","Tb_ClientesResUsuario"
"SAT.exe","autenticacao-permissao","Tb_GruCli3DesGrupoL"
"SAT.exe","autenticacao-permissao","Tb_Usuarios"
"SAT.exe","autenticacao-permissao","Tb_UsuariosCodUsuario"
"SAT.exe","autenticacao-permissao","Tb_UsuariosCodUsuario$"
"SAT.exe","autenticacao-permissao","Tb_UsuariosCopUsuarioD"
"SAT.exe","autenticacao-permissao","Tb_UsuariosDatCad"
"SAT.exe","autenticacao-permissao","Tb_UsuariosGruUsuario"
"SAT.exe","autenticacao-permissao","Tb_UsuariosGruUsuario,"
"SAT.exe","autenticacao-permissao","Tb_UsuariosNomUsuario"
"SAT.exe","autenticacao-permissao","Tb_UsuariosNomUsuario("
"SAT.exe","autenticacao-permissao","Tb_UsuariosSenha"
"SAT.exe","autenticacao-permissao","Tb_UsuariosSenha4"
"SAT.exe","autenticacao-permissao","Tb_UsuariosTipUsuario"
"SAT.exe","autenticacao-permissao","Tb_UsuariosTipUsuario0"
"SAT.exe","autenticacao-permissao","TF_Senha"
"SAT.exe","autenticacao-permissao","TipUsuario"
"SAT.exe","autenticacao-permissao","Usuario"
"SAT.exe","autenticacao-permissao","Usuario n"
"SAT.exe","autenticacao-permissao","UsuarioArq"
"SAT.exe","autenticacao-permissao","Usuarios"
"SAT.exe","autenticacao-permissao","VerifSenhaOk"
"Senhas.exe","autenticacao-permissao",":\EquipExe\EquSenha.Ini"
"Senhas.exe","autenticacao-permissao","(ControlaSenha='S')"
"Senhas.exe","autenticacao-permissao","(not(TipUsuario = 'P')) And (not(TipUsuario = 'C'))"
"Senhas.exe","autenticacao-permissao","\Usuarios""  "
"Senhas.exe","autenticacao-permissao","|Senha do usu"
"Senhas.exe","autenticacao-permissao","a da Senha"
"Senhas.exe","autenticacao-permissao","AbreArqSenhas"
"Senhas.exe","autenticacao-permissao","AbreCadUsuarios"
"Senhas.exe","autenticacao-permissao","c_DigitaSenha"
"Senhas.exe","autenticacao-permissao","C:\EquipExe\EquSenha.Ini"
"Senhas.exe","atualizacao","CachedUpdates"
"Senhas.exe","autenticacao-permissao","Cadastro de Grupo de Usu"
"Senhas.exe","autenticacao-permissao","CadastrodeGrupodeUsurios1,"
"Senhas.exe","autenticacao-permissao","CadastrodeGrupodeUsurios1Click"
"Senhas.exe","autenticacao-permissao","CB_CopUsuario"
"Senhas.exe","autenticacao-permissao","CB_GruUsuario"
"Senhas.exe","autenticacao-permissao","CB_GruUsuarioExit"
"Senhas.exe","autenticacao-permissao","CB_TipUsuario"
"Senhas.exe","autenticacao-permissao","CB_TipUsuarioExit"
"Senhas.exe","autenticacao-permissao","CodUsuario"
"Senhas.exe","autenticacao-permissao","CodUsuario;NomUsuario"
"Senhas.exe","autenticacao-permissao","ConfigUsuario"
"Senhas.exe","autenticacao-permissao","CopUsuario"
"Senhas.exe","autenticacao-permissao","CriaRegNivel"
"Senhas.exe","autenticacao-permissao","DBG_Usuario"
"Senhas.exe","autenticacao-permissao","DBG_UsuarioDblClick%"
"Senhas.exe","autenticacao-permissao","DBG_UsuarioDrawDataCell"
"Senhas.exe","autenticacao-permissao","DBG_UsuarioKeyPress"
"Senhas.exe","autenticacao-permissao","DBLCB_CodUsuario"
"Senhas.exe","autenticacao-permissao","DBLCB_CodUsuario("
"Senhas.exe","autenticacao-permissao","DBLCB_CodUsuarioDropDown"
"Senhas.exe","autenticacao-permissao","DBLCB_CodUsuarioEnter"
"Senhas.exe","autenticacao-permissao","DBLCB_CodUsuarioExit"
"Senhas.exe","autenticacao-permissao","DBLCB_CodUsuarioKeyPress"
"Senhas.exe","autenticacao-permissao","DigitaSenha_c"
"Senhas.exe","autenticacao-permissao","DigitaSenha_FC"
"Senhas.exe","autenticacao-permissao","Digite a sua Nova Senha"
"Senhas.exe","autenticacao-permissao","Digite a sua Senha Atual"
"Senhas.exe","autenticacao-permissao","DS_Usuarios"
"Senhas.exe","autenticacao-permissao","DS_Usuarios "
"Senhas.exe","autenticacao-permissao","Ed_CodUsuario"
"Senhas.exe","autenticacao-permissao","Ed_CodUsuarioEnter"
"Senhas.exe","autenticacao-permissao","Ed_CodUsuarioExit"
"Senhas.exe","autenticacao-permissao","Ed_CodUsuarioKeyPress"
"Senhas.exe","autenticacao-permissao","Ed_NomUsuario"
"Senhas.exe","autenticacao-permissao","Ed_NomUsuarioExit"
"Senhas.exe","autenticacao-permissao","Ed_Senha"
"Senhas.exe","autenticacao-permissao","Ed_SenhaEnter"
"Senhas.exe","autenticacao-permissao","Ed_SenhaExit"
"Senhas.exe","autenticacao-permissao","Ed_SenhaKeyPress"
"Senhas.exe","autenticacao-permissao","ENTRADA NO SISTEMA - DIGITADA SENHA"
"Senhas.exe","autenticacao-permissao","F_Senha"
"Senhas.exe","autenticacao-permissao","FC_DigSenha"
"Senhas.exe","autenticacao-permissao","Grupo"
"Senhas.exe","autenticacao-permissao","Grupo de Usu"
"Senhas.exe","autenticacao-permissao","Grupo Inv"
"Senhas.exe","autenticacao-permissao","Grupos"
"Senhas.exe","autenticacao-permissao","Grupos de Usu"
"Senhas.exe","autenticacao-permissao","GruUsuario"
"Senhas.exe","autenticacao-permissao","iCodUsuario"
"Senhas.exe","autenticacao-permissao","Im_Senha"
"Senhas.exe","autenticacao-permissao","LB_CodLegUsuario<"
"Senhas.exe","autenticacao-permissao","Lb_F9Senhal"
"Senhas.exe","autenticacao-permissao","LB_LegUsuario@"
"Senhas.exe","autenticacao-permissao","Lb_TitSenha"
"Senhas.exe","autenticacao-permissao","MainM_Usuarios"
"Senhas.exe","autenticacao-permissao","Marca/Desmarca Grupo de Usu"
"Senhas.exe","autenticacao-permissao","MudaSenha10"
"Senhas.exe","autenticacao-permissao","MudaSenha1Click"
"Senhas.exe","autenticacao-permissao","Nivel"
"Senhas.exe","autenticacao-permissao","NomUsuario"
"Senhas.exe","autenticacao-permissao","O Usuario "
"Senhas.exe","autenticacao-permissao","O, sua senha n"
"Senhas.exe","autenticacao-permissao","Order By CodUsuario"
"Senhas.exe","autenticacao-permissao","ResUsuario"
"Senhas.exe","autenticacao-permissao","Sb_Senha"
"Senhas.exe","autenticacao-permissao","Sb_SenhaClick"
"Senhas.exe","autenticacao-permissao","SENHA"
"Senhas.exe","autenticacao-permissao","Senha do usu"
"Senhas.exe","autenticacao-permissao","Senha Gravada com Sucesso, Tecle Enter para Continuar"
"Senhas.exe","autenticacao-permissao","Senha Incorreta"
"Senhas.exe","autenticacao-permissao","Senha n"
"Senhas.exe","autenticacao-permissao","Senha vazia, informe a senha do usu"
"Senhas.exe","autenticacao-permissao","Senha1t"
"Senhas.exe","autenticacao-permissao","SenhaEnabled"
"Senhas.exe","autenticacao-permissao","SENHAS"
"Senhas.exe","autenticacao-permissao","Sistema de Gerenciamento de Senhas"
"Senhas.exe","autenticacao-permissao","Tb_Nivel"
"Senhas.exe","autenticacao-permissao","Tb_SistemasControlaSenha"
"Senhas.exe","autenticacao-permissao","Tb_TmpNivel@"
"Senhas.exe","autenticacao-permissao","Tb_Usuarios"
"Senhas.exe","autenticacao-permissao","Tb_Usuarios "
"Senhas.exe","autenticacao-permissao","Tb_UsuariosCanceladol"
"Senhas.exe","autenticacao-permissao","Tb_UsuariosCodUsuario"
"Senhas.exe","autenticacao-permissao","Tb_UsuariosCodUsuario0"
"Senhas.exe","autenticacao-permissao","Tb_UsuariosCodUsuarioT"
"Senhas.exe","autenticacao-permissao","Tb_UsuariosCopUsuario$"
"Senhas.exe","autenticacao-permissao","Tb_UsuariosDatCadh"
"Senhas.exe","autenticacao-permissao","Tb_UsuariosGruUsuario"
"Senhas.exe","autenticacao-permissao","Tb_UsuariosGruUsuario\"
"Senhas.exe","autenticacao-permissao","Tb_UsuariosGruUsuario8"
"Senhas.exe","autenticacao-permissao","Tb_UsuariosNomUsuario"
"Senhas.exe","autenticacao-permissao","Tb_UsuariosNomUsuario4"
"Senhas.exe","autenticacao-permissao","Tb_UsuariosNomUsuarioX"
"Senhas.exe","autenticacao-permissao","Tb_UsuariosSenha"
"Senhas.exe","autenticacao-permissao","Tb_UsuariosSenha@"
"Senhas.exe","autenticacao-permissao","Tb_UsuariosSenhad"
"Senhas.exe","autenticacao-permissao","Tb_UsuariosTipUsuario"
"Senhas.exe","autenticacao-permissao","Tb_UsuariosTipUsuario`"
"Senhas.exe","autenticacao-permissao","Tb_UsuariosTipUsuario<"
"Senhas.exe","autenticacao-permissao","TDigitaSenha_FC"
"Senhas.exe","autenticacao-permissao","TDigitaSenha_FCx"
"Senhas.exe","autenticacao-permissao","TF_Senha"
"Senhas.exe","autenticacao-permissao","TFC_DigSenha"
"Senhas.exe","autenticacao-permissao","TipUsuario"
"Senhas.exe","autenticacao-permissao","TmpNivel"
"Senhas.exe","autenticacao-permissao","TUsuarios_FC"
"Senhas.exe","autenticacao-permissao","TUsuarios_FM"
"Senhas.exe","autenticacao-permissao","TUsuariosAv_FC"
"Senhas.exe","autenticacao-permissao","Usuarios"
"Senhas.exe","autenticacao-permissao","Usuarios n"
"Senhas.exe","autenticacao-permissao","Usuarios_c"
"Senhas.exe","autenticacao-permissao","Usuarios_FC"
"Senhas.exe","autenticacao-permissao","Usuarios_FM.DS_Filiais"
"Senhas.exe","autenticacao-permissao","Usuarios_FM.DS_GruOp"
"Senhas.exe","autenticacao-permissao","Usuarios_FM.DS_Janelas"
"Senhas.exe","autenticacao-permissao","Usuarios_FM.DS_Op"
"Senhas.exe","autenticacao-permissao","Usuarios_FM.DS_Sistemas"
"Senhas.exe","autenticacao-permissao","Usuarios_FM.DS_UsuaGru"
"Senhas.exe","autenticacao-permissao","Usuarios_mc"
"Senhas.exe","autenticacao-permissao","UsuariosAv_c"
"Senhas.exe","autenticacao-permissao","UsuariosAv_FC"
"Senhas.exe","autenticacao-permissao","VUsuarios_c"
"Senhas.exe","autenticacao-permissao","Where (not(Cancelado=""S"")) And (not(TipUsuario=""C"")) "
