CodSerLav,DesSerLav
"001","AJUSTE DE CINTURA"
"002","AJUSTE DE COS"
"003","AJUSTE DE MANGA"
"004","AJUSTE DE PERNAS"
"005","AJUSTE LATERAL"
"013","BARRA ITALIANA"
"017","BARRA TUBINHO"
"022","CONSERTOS DIVERSOS*"
"023","DIMINUIR OMBREIRA"
"024","DIMINUIR LARGU PUNHO"
"027","TROC ZIPER INVIS GDE"
"028","TROCAR  ELASTICO"
"029","TROCAR FORRO SIMPLES"
"030","TROCAR ZIPER"
"032","VIRAR COLARINHO"
"033","ABAIXAR COS"
"035","AJUSTE CANTO BOLSO"
"038","TROCAR BOTAO"
"040","DIMINUIR LARGURA"
"041","DIMINUIR COMPRIMENTO"
"042","BARRA"
"043","BARRA RODADA S FORRO"
"045","ENCURTAR MANGA"
"046","DIMINUIR LARGUR GODÊ"
"065","BARRA POR CIMA"
"067","ENCURTAR BARRA"
"068","COLOCAR ELASTICO"
"069","COLOCAR LASTEX"
"070","BARRA RODADA C FORRO"
"071","AJUSTE GERAL"
"072","ABRIR FENDA"
"073","AJUSTE DE OMBRO"
"074","AJUSTE VEST COM APLI"
"075","AJUSTE LAT C FORRO"
"076","AJUSTE DE GANCHO"
"077","DIMINUIR TAM CALCINH"
"078","AJUSTE SEM FORRO"
"079","AJUSTE COM FORRO"
"080","AJUSTE MANGA C FORRO"
"081","AJUSTE MANGA S FORRO"
"082","AJUSTE BOLSO"
"083","AJUSTE CINTA MODELAD"
"084","DIMINUIR ALCINHA"
"085","DIMINUIR BOJO"
"086","DIMINUIR COMP CINTO"
"087","SUBIR PUNHO"
"088","SUBIR PUNHO C ZIPER"
"089","COLOCAR PENCE"
"090","SUBIR ALCINHA ROLE"
"091","BAIXAR A CAVA"
"092","SUBIR ALÇA NADADOR"
"093","SUBIR ALÇA REGATA"
"094","PREGAR BOLSO"
"095","PREGAR JOELHEIRAS"
"096","FOLGAR CINTURA"
"097","TROCAR BOTAO FORRADO"
"098","TROCAR MANGAS"
"099","TROCAR COLARINHO"
"100","TROCAR PUNHO"
"101","TROCAR PUNHO MALHA"
"102","TROCAR FORRO RODADO"
"103","TROCAR  LASTEX"
"104","TROCAR ELASTIC PERNA"
"105","CASEAR S BOTAO"
"106","CASEAR C BOTAO CADA"
"107","FECHAR FENDA"
"108","BARRA ORIGINAL"
"109","COLOCAR COS"
"110","COLOCAR NESGA LATERA"
"111","CERZIR"
"112","COLOCAR GOLA"
"113","TIRA GOLA E ACABAMEN"
"114","COLOCAR ALÇA"
"115","COLOCAR NESGA"
"116","CERZIR MALHA A MAO"
"117","ALÇAS (SIMPLES/ROLE)"
"118","COLOCAR BOJO"
"119","COLOCAR CADARÇO"
"120","COLOC COCH DE GANCH"
"121","COLOC COCH DE PRESSA"
"122","COLOC FEICHO DE SUTI"
"123","COLOC ILHOES CADA"
"124","COLOCAR OMBREIRA"
"125","COLOCAR VELCRO"
"126","TIRAR BOJO E ACABAME"
"127","TRANSF EM BERMUDA"
"128","BARRA LENÇOL"
"129","BARRA SIMP TOA BANH"
"130","BARRA SIMP TOA ROST"
"131","BARRA SIMP TOA MESA"
"132","VIES ALGOD TOA BANH"
"133","VIES DE ALGO TOA ROS"
"134","VIES SIMP TOA MESA"
"135","VIES EM FRALDA"
"136","REFORÇO COSTURA CADA"
"137","COLOCAR ZIPER ACABAM"
"138","FEITIO"
"139","FEITIO AVENTAL SIMP"
"140","FEITIO SAQUINHOS"
"141","FURO EM CINTO"
"142","PREGAR TAGS CADA"
"143","PRENDER ALÇ DE BOLSA"
"144","TRO ROD DE COR 30 UN"
"145","DIMI TAM E COL VIRA"
"146","TROCAR FRANZIDOR"
"147","TROC ARG COR 30 UN"
"148","BARRA C ZIPER LATERA"
"149","BARRA TUBINHO CFORRO"
"150","BARRA OVERL SEM ACAB"
"151","BARRA FOLH ATE 1,99M"
"152","BARR FOLH 2 A 3 M"
"153","BARRA COM FENDA"
"154","AJUSTE DE DECOTE"
"155","TROCAR TULE MANGAS"
"156","SUBIR CAVA"
"157","TROC ZIP LAT NA BARR"
"158","PENCE"
"159","VIRAR PUNHO"
"160","TROCAR GOLA"
"161","TIRAR GOLAS"
"162","FOLGAR NA LATERAL"
"163","AJ PERN BOLSO SAFARI"
"164","FOLGAR CINT CAL SOCI"
"165","BARRA ORIGINAL FENDA"
"166","BARRA MOLETOM"
"167","AJ CALÇA COURO"
"168","AJ PERNA CAL COURO"
"169","AJ CINT CALÇA COURO"
"170","AJ CALÇA SPORT S FOR"
"171","AJ CALÇA SPORT C FOR"
"172","CERZIR RASGO C/TECID"
"173","CERZIR MOLETOM"
"174","DIMINUIR TAM BUSTO"
"175","BARRA CALÇA COURO"
"176","FEITIO CAPA  ALMOFAD"
"177","COLOCAR BOLSO"
"178","DIMINUIR TAMANHO"
"179","SUBIR OMBRO"
"180","AJUSTE DE COSTA"
"181","SUBIR PUNHO C/ CASA"
"182","SUBIR PUNHO S/ CASA"
"183","BARRA NO COMPRIMENTO"
"184","SUBIR FORRO NO CORPO"
"185","SUBIR FORRO NA MANGA"
"186","TROCAR OMBREIRA"
"187","AJUSTE DE BOCA"
"188","DESCER MANGA C/FORRO"
"189","DESCER MANGA S/FORRO"
"190","AJUSTE DE JOELHO"
"191","FECHAR DECOTE"
"192","MUDAR BOTAO LUGAR"
"193","SUBIR CORPO SIMPLES"
"194","SUBIR CORPO C/FORRO"
"195","AJUSTE DE CAVA"
"196","PRENDER BOJO"
"197","ALÇA (PRENDER SUTIÃ)"
"198","BARRA POSTIÇA"
"199","REFAZER A BARRA"
"200","ELASTICO CÓS LATERAL"
"201","ELASTICO CÓS INTEIRO"
"202","OVERLOQ ENTRE PERNAS"
"203","APROFUNDAR AS PENCES"
"204","ZIPER JAQUETA MOTO"
"205","ZIPER MACACAO MOTO"
"206","FECHAR BOLSO/TIRAR"
"207","DESCER DECOTE"
"208","SUBIR CORPO S/FORRO"
"209","TIRAR OMBREIRA"
"210","TROCAR ZIPER LONGO"
"211","AJUST LAT C FORRO ZI"
"212","TIRAR O FORRO"
"213","TROCAR CURSOR ZIPER"
"214","AJUSTE  ATRAS"
"215","ELIMINAR PENCES"
"216","REFAZER FRIZO"
"217","COLOCAR ALÇA REGULAV"
"218","VIRAR REGATA"
"219","VIRAR SAIA"
"220","TROCAR VIES"
"221","TROCAR FORRO MANGAS"
"222","COLOCAR FORRO SIMPLE"
"223","COLOCAR FORRO RODADO"
"224","SUBIR OMBRO AGASALHO"
"225","PREGAR BOTÃO"
"226","PREGAR BOTAO METAL"
"227","CADARÇO NAS LATERAIS"
"228","BARRA RODADA LENÇO"
"229","AJUSTE LATERA  ZIPER"
"230","FEITIO COM BARRADO"
"231","BARRA CENTRO DE MESA"
"232","TROCAR FORRO BOLSO"
"233","TIRAR MANGA E ACABAM"
"234","AJUS COSTA FORR ZIPE"
"235","FOLGAR O ELASTICO"
"236","FOLGAR ELASTICO SIMP"
"237","BARRA COLADA"
"238","FEITIO - CADA"
"239","AJUSTE COSTA C/ZIPER"
"240","FOLGAR C/ FORRO ZIPE"
"241","FOLGAR NA MANGA"
"242","BARRA FORRO OU ZIPER"
"243","ELIMINAR PREGAS"
"244","FEITIO ATE 3M BARRAD"
"245","TROCAR TULE"
"246","COLOCAR MANGA CURTA"
"247","COLOCAR MANGA COMPRI"
"248","FEITIO PEQUENO"
"249","TROC ELASTIC PRESPON"
"250","FEITIO - CAPA TV"
"251","FECHAR DECOTE C/TECI"
"252","TROCAR TULE DECOTE"
"253","FEITIO CAPA EDREDON"
"254","DESCER MANGA C ZIPER"
"255","DIMINUIR FRANZIDO"
"256","FAZER PREGAS"
"257","SUBIR OMBRO C/APLIQU"
"258","REFAZER BARRA RODADA"
"259","REFORÇO LAT BOLSO"
"260","AJ PERNAS MALHA"
"261","COLOCAR FORRO BUSTO"
"262","AUMENTAR COMPR C TEC"
"263","COLOCAR DETALHE TECI"
"264","TIRAR ELASTICO E ACA"
"265","COLOCAR PUNHO MALHA"
"266","TECIDO NAS COSTAS"
"267","FOLGAR NO GANCHO"
"268","ZIPERES NOS BOLSOS"
"269","TRANSFORMAR EM CALÇA"
"270","GARRAFA COM FITA"
"271","GARRAFA C/ VELCRO"
"272","BARRA LENÇO"
"273","FEITIO CAPA COCHONET"
"274","FEITIO SO FRENTE"
"275","FOLGAR O FRANZIDO"
"276","TROCAR CÓS DE MALHA"
"277","TROC CÓS, PUNHO MALH"
"278","AJUSTE CINTURA-COURO"
"279","BAIXAR GOLA"
"280","COLOCAR COTOVELEIRA"
"281","DIMINUIR MANGA S/FOR"
"282","COLOCAR GOLA MAO OBR"
"283","TROCAR ESPUMA"
"284","DIMINUIR MANGA C FOR"
"285","DESCER BARRA C/FORRO"
"286","DESCER BARRA S/FORRO"
"287","METRO SIMPLE R$ 70,0"
"288","METRO C/BARRADO 85,0"
"289","BARRA LENÇO COM FORR"
"290","DESCER A BARRA"
"291","FOLGAR BLAZER C/FORR"
"292","FOLGAR BLAZER S/FORR"
"293","TROCAR TULE DA MANGA"
"294","ALÇA ELASTICO COSTAS"
"295","DIM ALÇA ELAST COSTA"
"296","ABRIR GOLA ATRAS BOT"
"297","ABRIR GOLA FRENTE BO"
"298","SO PREGAR BOTAO"
"299","TIRAR OMBREIRA E ACA"
"300","COLOCAR PASSANTE"
"301","COLC PRESSAO GDE CAD"
"302","FOLGAR NA CAVA"
"303","AJUSTE CINT FORRO ZI"
"304","COLOCAR VIRA"
"305","AUMENTAR FORRO BOLSO"
"306","SUBIR MANGA P/ OMBRO"
"307","BARRA COM VIES/RENDA"
"308","FOLGAR NO BUSTO"
"309","TIRAR FRANZIDO MANGA"
"310","ELIMINAR BICO"
"311","AJUSTE DE QUADRIL"
"312","TROCAR FORRO BUSTO"
"313","VIRAR CAMISETA"
"314","DIMINUIR ELASTICO S"
"315","DIMINUIR ELASTICO PR"
"316","AUMENTAR FRANZIDO"
"317","AUMENTAR FRANZIDO BU"
"318","TROCAR VELCRO FEICHO"
"319","COLOCAR TULE DECOTE"
"320","COLOCAR NESGA C TULE"
"321","VIRAR BLUSINHA"
"322","TROCAR CÓS DE COURO"
"323","TROCAR CÓS"
"324","BARRA FLUFLU PEQUENA"
"325","BARRA FLUFLU PADRÃO"
"326","BARRA COM VIES FINO"
"327","BARRA COM VIES LARGO"
"328","FEITIO PEQ C ROLETE"
"329","FEITIO GDE C ROLETE"
"330","BARRA RODADA P/CIMA"
"331","COLOC COS C ELASTICO"
"332","COLOC COS C PASSANTE"
"333","DIMINUIR CORPO SIMPL"
"334","NESGA BOLSO SAFARI"
"335","PREGAR DETALH  BARRA"
"336","DESCER DECOTE MALHA"
"337","AJ LAT BOLSO INTERNO"
"338","FEITIO COM VIES"
"339","FEITIO COM ZIPER"
"340","COLOCAR VIES"
"341","ELIMINAR BICO C FORR"
"342","TROC ELASTICO C FOR"
"343","TROCAR ZIPER MANGAS"
"344","BARRA REDOR PEQUENO"
"345","BARRA REDOR OVER PEQ"
"346","CASEAR GOLA A MÃO BO"
"347","AJUSTE NO BUSTO"
"348","COLOCAR NESGA BARRA"
"349","ARREDONDAR GOLA"
"350","ELASTICO NAS MANGAS"
"351","COLOCAR LAPELA BOLSO"
"352","FEITIO COM ELASTICO"
"353","DIMINUIR COLARINHO"
"354","COLOC MALHA GESTANTE"
"355","VIES ZIPER/LAPELA"
"356","ZIPER CAPA CASAL"
"357","ZIPER CAPA SOLTEIRO"
"358","COLCHETE GANCHO TIRA"
"359","AUMENTAR ALÇA"
"360","COLOCAR BOLSINHO INT"
"361","POR PUNHO MALHA INFA"
"362","VIRAR SAIA C/ELASTIC"
"363","VIRAR MANGA REGATA"
"364","BARRA CANTO MITRADO"
"365","REMODELAGEM"
