"CodUsuario","NomUsuario","GruUsuario","TipUsuario","Senha","DatCad","Cancelado","DatCan","UsuarioCan","MotivoCan","HorCan","CopUsuario","email","CodSubC"
"BRENA","BRENA","OPERA","U","*****","17/11/2014 00:00:00","","","","","","","",""
"BRUNA","BRUNA","OPERA","S","*****","11/06/2015 00:00:00","","","","","","","",""
"CID","APARECIDA LEMOS RIBEIRO","OPERA","U","*****","24/02/2014 00:00:00","","","","","","","",""
"EDU","CLEBER EDUARDO LACERDA","OPERA","U","*****","11/02/2014 00:00:00","","","","","","","",""
"FAT","MARIA DE FATIMA RIBEIRO RAMOS","OPERA","U","*****","24/02/2014 00:00:00","","","","","","","",""
"GABRIELA","GABRIELA","MASTE","U","*****","20/07/2016 00:00:00","","","","","","","",""
"LUCI","LUCIDALVA ALVES DE OLIVEIRA","OPERA","S","*****","11/02/2014 00:00:00","","","","","","","",""
"MICHELE","MICHELE","OPERA","U","*****","02/07/2014 00:00:00","","","","","","","",""
"ROSIMEIRE","ROSIMEIRE","OPERA","S","*****","25/04/2014 00:00:00","","","","","","","",""
