"Tipo","CodUsuario","CodFil","CodSistema","Rotina","Op","NivelI","NivelA","NivelE","NivelT","ResUsuario"
"","ATENDJR","QL001","LAVSOFT","","AnaMovDia1","","","","",""
"","ATENDJR","QL001","LAVSOFT","","Anotacoes1","","","","",""
"","ATENDJR","QL001","LAVSOFT","","CFAbertura1","","","","",""
"","ATENDJR","QL001","LAVSOFT","","CFDestravaImpressoraFiscal1","","","","",""
"","ATENDJR","QL001","LAVSOFT","","CFFechamento1","","","","",""
"","ATENDJR","QL001","LAVSOFT","","CFFechamentoParcial1","","","","",""
"","ATENDJR","QL001","LAVSOFT","","CFFundodeCaixa1","","","","",""
"","ATENDJR","QL001","LAVSOFT","","CFHorarioVerao1","","","","",""
"","ATENDJR","QL001","LAVSOFT","","CFLeituraMemriaFiscal1","","","","",""
"","ATENDJR","QL001","LAVSOFT","","CFLeituraX1","","","","",""
"","ATENDJR","QL001","LAVSOFT","","CFSangriaCaixa1","","","","",""
"","ATENDJR","QL001","LAVSOFT","","CaixaDiaDia1","","","","",""
"","ATENDJR","QL001","LAVSOFT","","CancAdi","","","","",""
"","ATENDJR","QL001","LAVSOFT","","CancPag","","","","",""
"","ATENDJR","QL001","LAVSOFT","","Cancelamento2","","","","",""
"","ATENDJR","QL001","LAVSOFT","","CancelamentoNotaFiscal1","","","","",""
"","ATENDJR","QL001","LAVSOFT","","CancelamentodaNota1","","","","",""
"","ATENDJR","QL001","LAVSOFT","","CancelamentodeNotasIntervalo1","","","","",""
"","ATENDJR","QL001","LAVSOFT","","Caractersticas1","","","","",""
"","ATENDJR","QL001","LAVSOFT","","CartadeCobranca1","","","","",""
"","ATENDJR","QL001","LAVSOFT","","ComissaoPagamento1","","","","",""
"","ATENDJR","QL001","LAVSOFT","","ComissoRol1","","","","",""
"","ATENDJR","QL001","LAVSOFT","","CondicaodePagamento1","","","","",""
"","ATENDJR","QL001","LAVSOFT","","ControledeCaixa1","","","","",""
"","ATENDJR","QL001","LAVSOFT","","ControledeLavagem1","","","","",""
"","ATENDJR","QL001","LAVSOFT","","ControledeMetas1","","","","",""
"","ATENDJR","QL001","LAVSOFT","","Cores1","","","","",""
"","ATENDJR","QL001","LAVSOFT","","CreditosemAberto1","","","","",""
"","ATENDJR","QL001","LAVSOFT","","Criticas1","","","","",""
"","ATENDJR","QL001","LAVSOFT","","Custos1","","","","",""
"","ATENDJR","QL001","LAVSOFT","","Defeitos1","","","","",""
"","ATENDJR","QL001","LAVSOFT","","DescontoPorc1","","","","",""
"","ATENDJR","QL001","LAVSOFT","","DescontoporValor1","","","","",""
"","ATENDJR","QL001","LAVSOFT","","DescontosnoRol1","","","","",""
"","ATENDJR","QL001","LAVSOFT","","Devoluo1","","","","",""
"","ATENDJR","QL001","LAVSOFT","","DevoluoPagamento1","","","","",""
"","ATENDJR","QL001","LAVSOFT","","Ed_PorcDescontoPag","","","","",""
"","ATENDJR","QL001","LAVSOFT","","Ed_ValPag","","","","",""
"","ATENDJR","QL001","LAVSOFT","","EmissaodeCartao1","","","","",""
"","ATENDJR","QL001","LAVSOFT","","Encerramento1","","","","",""
"","ATENDJR","QL001","LAVSOFT","","EncerramentoParcial1","","","","",""
"","ATENDJR","QL001","LAVSOFT","","EntradaEstoque1","","","","",""
"","ATENDJR","QL001","LAVSOFT","","EntradaRol1","","","","",""
"","ATENDJR","QL001","LAVSOFT","","EnviaEmail1","","","","",""
"","ATENDJR","QL001","LAVSOFT","","Etiquetas1","","","","",""
"","ATENDJR","QL001","LAVSOFT","","ExcluiConfiguraoColunas1","","","","",""
"","ATENDJR","QL001","LAVSOFT","","Faturamento1","","","","",""
"","ATENDJR","QL001","LAVSOFT","","Feriados1","","","","",""
"","ATENDJR","QL001","LAVSOFT","","FiliaisMatriz1","","","","",""
"","ATENDJR","QL001","LAVSOFT","","FormadePagamento1","","","","",""
"","ATENDJR","QL001","LAVSOFT","","GravaColunas1","","","","",""
"","ATENDJR","QL001","LAVSOFT","","GrupoEntradas1","","","","",""
"","ATENDJR","QL001","LAVSOFT","","Importacao1","","","","",""
"","ATENDJR","QL001","LAVSOFT","","Listagem1","","","","",""
"","ATENDJR","QL001","LAVSOFT","","Localizacao1","","","","",""
"","ATENDJR","QL001","LAVSOFT","","LogSistema1","","","","",""
"","ATENDJR","QL001","LAVSOFT","","MalaDiretaRemetente1","","","","",""
"","ATENDJR","QL001","LAVSOFT","","Manutencao1","","","","",""
"","ATENDJR","QL001","LAVSOFT","","Marcas1","","","","",""
"","ATENDJR","QL001","LAVSOFT","","MenuEntradaRol1","","","","",""
"","ATENDJR","QL001","LAVSOFT","","MovGrupoClientes1","","","","",""
"","ATENDJR","QL001","LAVSOFT","","MovProAna1","","","","",""
"","ATENDJR","QL001","LAVSOFT","","MovProAnaSer1","","","","",""
"","ATENDJR","QL001","LAVSOFT","","MovProSin1","","","","",""
"","ATENDJR","QL001","LAVSOFT","","MovProdServ1","","","","",""
"","ATENDJR","QL001","LAVSOFT","","MovimentoAnalitico1","","","","",""
"","ATENDJR","QL001","LAVSOFT","","MovimentoAnaliticoEntrada1","","","","",""
"","ATENDJR","QL001","LAVSOFT","","MovimentoEntradaSaidaSinttico1","","","","",""
"","ATENDJR","QL001","LAVSOFT","","MovimentoPorServicoSintetico1","","","","",""
"","ATENDJR","QL001","LAVSOFT","","MovimentoPorServicosExecutados1","","","","",""
"","ATENDJR","QL001","LAVSOFT","","MovimentoPorServicosPeso1","","","","",""
"","ATENDJR","QL001","LAVSOFT","","MovimentoProduto1","","","","",""
"","ATENDJR","QL001","LAVSOFT","","MovimentoProdutoMensal1","","","","",""
"","ATENDJR","QL001","LAVSOFT","","MovimentoResumidoNotaFiscal1","","","","",""
"","ATENDJR","QL001","LAVSOFT","","MovimentoServicoMensal1","","","","",""
"","ATENDJR","QL001","LAVSOFT","","MovimentoSintetico1","","","","",""
"","ATENDJR","QL001","LAVSOFT","","MovimentoSintticoEntrada1","","","","",""
"","ATENDJR","QL001","LAVSOFT","","MovimentoporDiadeSemana1","","","","",""
"","ATENDJR","QL001","LAVSOFT","","Parametros1","","","","",""
"","ATENDJR","QL001","LAVSOFT","","Passadoria1","","","","",""
"","ATENDJR","QL001","LAVSOFT","","PgtosporTabela1","","","","",""
"","ATENDJR","QL001","LAVSOFT","","PontosEntregues1","","","","",""
"","ATENDJR","QL001","LAVSOFT","","PrevisoEntrega1","","","","",""
"","ATENDJR","QL001","LAVSOFT","","ROlsPagos1","","","","",""
"","ATENDJR","QL001","LAVSOFT","","RSL1","","","","",""
"","ATENDJR","QL001","LAVSOFT","","ReciboCaixa1","","","","",""
"","ATENDJR","QL001","LAVSOFT","","RelControlePontos1","","","","",""
"","ATENDJR","QL001","LAVSOFT","","RelEstoquenoCli1","","","","",""
"","ATENDJR","QL001","LAVSOFT","","RelFatPrecos1","","","","",""
"","ATENDJR","QL001","LAVSOFT","","RelFreCli1","","","","",""
"","ATENDJR","QL001","LAVSOFT","","RelatConfRol1","","","","",""
"","ATENDJR","QL001","LAVSOFT","","RelatorioparaEntrega1","","","","",""
"","ATENDJR","QL001","LAVSOFT","","ResFatDiaDia1","","","","",""
"","ATENDJR","QL001","LAVSOFT","","ResFatNotFis1","","","","",""
"","ATENDJR","QL001","LAVSOFT","","ResTipTabEmp1","","","","",""
"","ATENDJR","QL001","LAVSOFT","","ResTipTabGru1","","","","",""
"","ATENDJR","QL001","LAVSOFT","","Resumida1","","","","",""
"","ATENDJR","QL001","LAVSOFT","","ResumoPorEmpree1","","","","",""
"","ATENDJR","QL001","LAVSOFT","","RolsCancelados1","","","","",""
"","ATENDJR","QL001","LAVSOFT","","SB_MudaValBase","","","","",""
"","ATENDJR","QL001","LAVSOFT","","SaldoControleEntrada1","","","","",""
"","ATENDJR","QL001","LAVSOFT","","SituacaodoRols1","","","","",""
"","ATENDJR","QL001","LAVSOFT","","TabeladePreco1","","","","",""
"","ATENDJR","QL001","LAVSOFT","","TiposdeDescontos1","","","","",""
"","ATENDJR","QL001","LAVSOFT","","TiposdeEntrada1","","","","",""
"","ATENDJR","QL001","LAVSOFT","","TiposdeServico1","","","","",""
"","ATENDJR","QL001","LAVSOFT","","TiposdeTecido1","","","","",""
"","ATENDJR","QL001","LAVSOFT","","TransporteporNota1","","","","",""
"","ATENDJR","QL001","LAVSOFT","","Usuarios1","","","","",""
"","FRANQ","QL001","LAVSOFT","","Parametros1","","","","",""
"","PERFATEND","QL001","LAVSOFT","","Alterao1","","","","",""
"","PERFATEND","QL001","LAVSOFT","","AnaMovDia1","","","","",""
"","PERFATEND","QL001","LAVSOFT","","Anotacoes1","","","","",""
"","PERFATEND","QL001","LAVSOFT","","CFAbertura1","","","","",""
"","PERFATEND","QL001","LAVSOFT","","CFDestravaImpressoraFiscal1","","","","",""
"","PERFATEND","QL001","LAVSOFT","","CFFechamento1","","","","",""
"","PERFATEND","QL001","LAVSOFT","","CFFechamentoParcial1","","","","",""
"","PERFATEND","QL001","LAVSOFT","","CFFundodeCaixa1","","","","",""
"","PERFATEND","QL001","LAVSOFT","","CFHorarioVerao1","","","","",""
"","PERFATEND","QL001","LAVSOFT","","CFLeituraMemriaFiscal1","","","","",""
"","PERFATEND","QL001","LAVSOFT","","CFLeituraX1","","","","",""
"","PERFATEND","QL001","LAVSOFT","","CFSangriaCaixa1","","","","",""
"","PERFATEND","QL001","LAVSOFT","","CaixaDiaDia1","","","","",""
"","PERFATEND","QL001","LAVSOFT","","CancAdi","","","","",""
"","PERFATEND","QL001","LAVSOFT","","CancPag","","","","",""
"","PERFATEND","QL001","LAVSOFT","","Cancelamento2","","","","",""
"","PERFATEND","QL001","LAVSOFT","","CancelamentoNotaFiscal1","","","","",""
"","PERFATEND","QL001","LAVSOFT","","CancelamentodaNota1","","","","",""
"","PERFATEND","QL001","LAVSOFT","","CancelamentodeNotasIntervalo1","","","","",""
"","PERFATEND","QL001","LAVSOFT","","Caractersticas1","","","","",""
"","PERFATEND","QL001","LAVSOFT","","CartadeCobranca1","","","","",""
"","PERFATEND","QL001","LAVSOFT","","ComissaoPagamento1","","","","",""
"","PERFATEND","QL001","LAVSOFT","","ComissoRol1","","","","",""
"","PERFATEND","QL001","LAVSOFT","","CondicaodePagamento1","","","","",""
"","PERFATEND","QL001","LAVSOFT","","ControledeCaixa1","","","","",""
"","PERFATEND","QL001","LAVSOFT","","ControledeLavagem1","","","","",""
"","PERFATEND","QL001","LAVSOFT","","ControledeMetas1","","","","",""
"","PERFATEND","QL001","LAVSOFT","","Cores1","","","","",""
"","PERFATEND","QL001","LAVSOFT","","CreditosemAberto1","","","","",""
"","PERFATEND","QL001","LAVSOFT","","Criticas1","","","","",""
"","PERFATEND","QL001","LAVSOFT","","Custos1","","","","",""
"","PERFATEND","QL001","LAVSOFT","","Defeitos1","","","","",""
"","PERFATEND","QL001","LAVSOFT","","DescontoPorc1","","","","",""
"","PERFATEND","QL001","LAVSOFT","","DescontoporValor1","","","","",""
"","PERFATEND","QL001","LAVSOFT","","DescontosnoRol1","","","","",""
"","PERFATEND","QL001","LAVSOFT","","Devoluo1","","","","",""
"","PERFATEND","QL001","LAVSOFT","","DevoluoPagamento1","","","","",""
"","PERFATEND","QL001","LAVSOFT","","Ed_PorcDescontoPag","","","","",""
"","PERFATEND","QL001","LAVSOFT","","Ed_ValPag","","","","",""
"","PERFATEND","QL001","LAVSOFT","","EmissaodeCartao1","","","","",""
"","PERFATEND","QL001","LAVSOFT","","Encerramento1","","","","",""
"","PERFATEND","QL001","LAVSOFT","","EntradaEstoque1","","","","",""
"","PERFATEND","QL001","LAVSOFT","","EntradaRol1","","","","",""
"","PERFATEND","QL001","LAVSOFT","","EnviaEmail1","","","","",""
"","PERFATEND","QL001","LAVSOFT","","Etiquetas1","","","","",""
"","PERFATEND","QL001","LAVSOFT","","ExcluiConfiguraoColunas1","","","","",""
"","PERFATEND","QL001","LAVSOFT","","Faturamento1","","","","",""
"","PERFATEND","QL001","LAVSOFT","","Feriados1","","","","",""
"","PERFATEND","QL001","LAVSOFT","","FiliaisMatriz1","","","","",""
"","PERFATEND","QL001","LAVSOFT","","FormadePagamento1","","","","",""
"","PERFATEND","QL001","LAVSOFT","","GravaColunas1","","","","",""
"","PERFATEND","QL001","LAVSOFT","","GrupoEntradas1","","","","",""
"","PERFATEND","QL001","LAVSOFT","","Importacao1","","","","",""
"","PERFATEND","QL001","LAVSOFT","","Inclusao1","","","","",""
"","PERFATEND","QL001","LAVSOFT","","Listagem1","","","","",""
"","PERFATEND","QL001","LAVSOFT","","Localizacao1","","","","",""
"","PERFATEND","QL001","LAVSOFT","","LogSistema1","","","","",""
"","PERFATEND","QL001","LAVSOFT","","MalaDiretaRemetente1","","","","",""
"","PERFATEND","QL001","LAVSOFT","","Manutencao1","","","","",""
"","PERFATEND","QL001","LAVSOFT","","Marcas1","","","","",""
"","PERFATEND","QL001","LAVSOFT","","MenuEntradaRol1","","","","",""
"","PERFATEND","QL001","LAVSOFT","","MovGrupoClientes1","","","","",""
"","PERFATEND","QL001","LAVSOFT","","MovProAna1","","","","",""
"","PERFATEND","QL001","LAVSOFT","","MovProAnaSer1","","","","",""
"","PERFATEND","QL001","LAVSOFT","","MovProSin1","","","","",""
"","PERFATEND","QL001","LAVSOFT","","MovProdServ1","","","","",""
"","PERFATEND","QL001","LAVSOFT","","MovimentoAnalitico1","","","","",""
"","PERFATEND","QL001","LAVSOFT","","MovimentoAnaliticoEntrada1","","","","",""
"","PERFATEND","QL001","LAVSOFT","","MovimentoEntradaSaidaSinttico1","","","","",""
"","PERFATEND","QL001","LAVSOFT","","MovimentoPorServicoSintetico1","","","","",""
"","PERFATEND","QL001","LAVSOFT","","MovimentoPorServicosExecutados1","","","","",""
"","PERFATEND","QL001","LAVSOFT","","MovimentoPorServicosPeso1","","","","",""
"","PERFATEND","QL001","LAVSOFT","","MovimentoProduto1","","","","",""
"","PERFATEND","QL001","LAVSOFT","","MovimentoProdutoMensal1","","","","",""
"","PERFATEND","QL001","LAVSOFT","","MovimentoResumidoNotaFiscal1","","","","",""
"","PERFATEND","QL001","LAVSOFT","","MovimentoServicoMensal1","","","","",""
"","PERFATEND","QL001","LAVSOFT","","MovimentoSintetico1","","","","",""
"","PERFATEND","QL001","LAVSOFT","","MovimentoSintticoEntrada1","","","","",""
"","PERFATEND","QL001","LAVSOFT","","MovimentoporDiadeSemana1","","","","",""
"","PERFATEND","QL001","LAVSOFT","","Parametros1","","","","",""
"","PERFATEND","QL001","LAVSOFT","","Passadoria1","","","","",""
"","PERFATEND","QL001","LAVSOFT","","PgtosporTabela1","","","","",""
"","PERFATEND","QL001","LAVSOFT","","PontosEntregues1","","","","",""
"","PERFATEND","QL001","LAVSOFT","","PrevisoEntrega1","","","","",""
"","PERFATEND","QL001","LAVSOFT","","ROlsPagos1","","","","",""
"","PERFATEND","QL001","LAVSOFT","","RSL1","","","","",""
"","PERFATEND","QL001","LAVSOFT","","ReciboCaixa1","","","","",""
"","PERFATEND","QL001","LAVSOFT","","RelControlePontos1","","","","",""
"","PERFATEND","QL001","LAVSOFT","","RelEstoquenoCli1","","","","",""
"","PERFATEND","QL001","LAVSOFT","","RelFatPrecos1","","","","",""
"","PERFATEND","QL001","LAVSOFT","","RelFreCli1","","","","",""
"","PERFATEND","QL001","LAVSOFT","","RelatConfRol1","","","","",""
"","PERFATEND","QL001","LAVSOFT","","RelatorioparaEntrega1","","","","",""
"","PERFATEND","QL001","LAVSOFT","","ResFatDiaDia1","","","","",""
"","PERFATEND","QL001","LAVSOFT","","ResFatNotFis1","","","","",""
"","PERFATEND","QL001","LAVSOFT","","ResTipTabEmp1","","","","",""
"","PERFATEND","QL001","LAVSOFT","","ResTipTabGru1","","","","",""
"","PERFATEND","QL001","LAVSOFT","","Resumida1","","","","",""
"","PERFATEND","QL001","LAVSOFT","","ResumoPorEmpree1","","","","",""
"","PERFATEND","QL001","LAVSOFT","","RolsCancelados1","","","","",""
"","PERFATEND","QL001","LAVSOFT","","SB_MudaValBase","","","","",""
"","PERFATEND","QL001","LAVSOFT","","SaldoControleEntrada1","","","","",""
"","PERFATEND","QL001","LAVSOFT","","TabeladePreco1","","","","",""
"","PERFATEND","QL001","LAVSOFT","","Terceirizacao1","","","","",""
"","PERFATEND","QL001","LAVSOFT","","TiposdeDescontos1","","","","",""
"","PERFATEND","QL001","LAVSOFT","","TiposdeEntrada1","","","","",""
"","PERFATEND","QL001","LAVSOFT","","TiposdeServico1","","","","",""
"","PERFATEND","QL001","LAVSOFT","","TiposdeTecido1","","","","",""
"","PERFATEND","QL001","LAVSOFT","","TransporteporNota1","","","","",""
"","PERFATEND","QL001","LAVSOFT","","Usuarios1","","","","",""
"","PONTO","QL001","LAVSOFT","","AlteraCliente1","","","","",""
"","PONTO","QL001","LAVSOFT","","Alterao1","","","","",""
"","PONTO","QL001","LAVSOFT","","AnaMovDia1","","","","",""
"","PONTO","QL001","LAVSOFT","","Anotacoes1","","","","",""
"","PONTO","QL001","LAVSOFT","","AtuEstrutura1","","","","",""
"","PONTO","QL001","LAVSOFT","","CFAbertura1","","","","",""
"","PONTO","QL001","LAVSOFT","","CFDestravaImpressoraFiscal1","","","","",""
"","PONTO","QL001","LAVSOFT","","CFFechamento1","","","","",""
"","PONTO","QL001","LAVSOFT","","CFFechamentoParcial1","","","","",""
"","PONTO","QL001","LAVSOFT","","CFFundodeCaixa1","","","","",""
"","PONTO","QL001","LAVSOFT","","CFHorarioVerao1","","","","",""
"","PONTO","QL001","LAVSOFT","","CFLeituraMemriaFiscal1","","","","",""
"","PONTO","QL001","LAVSOFT","","CFLeituraX1","","","","",""
"","PONTO","QL001","LAVSOFT","","CFSangriaCaixa1","","","","",""
"","PONTO","QL001","LAVSOFT","","CaixaDiaDia1","","","","",""
"","PONTO","QL001","LAVSOFT","","CancAdi","","","","",""
"","PONTO","QL001","LAVSOFT","","CancPag","","","","",""
"","PONTO","QL001","LAVSOFT","","Cancelamento2","","","","",""
"","PONTO","QL001","LAVSOFT","","CancelamentoNotaFiscal1","","","","",""
"","PONTO","QL001","LAVSOFT","","CancelamentodaNota1","","","","",""
"","PONTO","QL001","LAVSOFT","","CancelamentodeNotasIntervalo1","","","","",""
"","PONTO","QL001","LAVSOFT","","Caractersticas1","","","","",""
"","PONTO","QL001","LAVSOFT","","CartadeCobranca1","","","","",""
"","PONTO","QL001","LAVSOFT","","ClientesCad1","","","","",""
"","PONTO","QL001","LAVSOFT","","CobrancaDiversas","","","","",""
"","PONTO","QL001","LAVSOFT","","ComissaoPagamento1","","","","",""
"","PONTO","QL001","LAVSOFT","","ComissoRol1","","","","",""
"","PONTO","QL001","LAVSOFT","","ConIntEntrega1","","","","",""
"","PONTO","QL001","LAVSOFT","","CondicaodePagamento1","","","","",""
"","PONTO","QL001","LAVSOFT","","ContasRapidas1","","","","",""
"","PONTO","QL001","LAVSOFT","","ControledeCaixa1","","","","",""
"","PONTO","QL001","LAVSOFT","","ControledeLavagem1","","","","",""
"","PONTO","QL001","LAVSOFT","","ControledeMetas1","","","","",""
"","PONTO","QL001","LAVSOFT","","Cores1","","","","",""
"","PONTO","QL001","LAVSOFT","","Crditos2","","","","",""
"","PONTO","QL001","LAVSOFT","","CreditosemAberto1","","","","",""
"","PONTO","QL001","LAVSOFT","","Criticas1","","","","",""
"","PONTO","QL001","LAVSOFT","","Custos1","","","","",""
"","PONTO","QL001","LAVSOFT","","Defeitos1","","","","",""
"","PONTO","QL001","LAVSOFT","","Delivery1","","","","",""
"","PONTO","QL001","LAVSOFT","","DescontoPorc1","","","","",""
"","PONTO","QL001","LAVSOFT","","DescontoporValor1","","","","",""
"","PONTO","QL001","LAVSOFT","","DescontosnoRol1","","","","",""
"","PONTO","QL001","LAVSOFT","","Devoluo1","","","","",""
"","PONTO","QL001","LAVSOFT","","DevoluoPagamento1","","","","",""
"","PONTO","QL001","LAVSOFT","","Ed_PorcDescontoPag","","","","",""
"","PONTO","QL001","LAVSOFT","","Ed_ValPag","","","","",""
"","PONTO","QL001","LAVSOFT","","EmissaodeCartao1","","","","",""
"","PONTO","QL001","LAVSOFT","","EmitirNotaFiscal1","","","","",""
"","PONTO","QL001","LAVSOFT","","Encerramento1","","","","",""
"","PONTO","QL001","LAVSOFT","","EncerramentoParcial1","","","","",""
"","PONTO","QL001","LAVSOFT","","EntradaEstoque1","","","","",""
"","PONTO","QL001","LAVSOFT","","EntradaRol1","","","","",""
"","PONTO","QL001","LAVSOFT","","EntregaRol","","","","",""
"","PONTO","QL001","LAVSOFT","","EntregaVariosRol1","","","","",""
"","PONTO","QL001","LAVSOFT","","EntregaVariosRol2","","","","",""
"","PONTO","QL001","LAVSOFT","","EntregaporPecas1","","","","",""
"","PONTO","QL001","LAVSOFT","","EnviaEmail1","","","","",""
"","PONTO","QL001","LAVSOFT","","Etiquetas1","","","","",""
"","PONTO","QL001","LAVSOFT","","ExcluiConfiguraoColunas1","","","","",""
"","PONTO","QL001","LAVSOFT","","Exportacao1","","","","",""
"","PONTO","QL001","LAVSOFT","","ExtratoCliente1","","","","",""
"","PONTO","QL001","LAVSOFT","","Faturamento1","","","","",""
"","PONTO","QL001","LAVSOFT","","FechamentodeCaixa1","","","","",""
"","PONTO","QL001","LAVSOFT","","Feriados1","","","","",""
"","PONTO","QL001","LAVSOFT","","FiliaisMatriz1","","","","",""
"","PONTO","QL001","LAVSOFT","","Filialmatriz1","","","","",""
"","PONTO","QL001","LAVSOFT","","FormadePagamento1","","","","",""
"","PONTO","QL001","LAVSOFT","","GravaColunas1","","","","",""
"","PONTO","QL001","LAVSOFT","","GrupoEntradas1","","","","",""
"","PONTO","QL001","LAVSOFT","","Importacao1","","","","",""
"","PONTO","QL001","LAVSOFT","","Inclusao1","","","","",""
"","PONTO","QL001","LAVSOFT","","InformaRolnoEstoque1","","","","",""
"","PONTO","QL001","LAVSOFT","","Lanamentos1","","","","",""
"","PONTO","QL001","LAVSOFT","","LancamentoRol1","","","","",""
"","PONTO","QL001","LAVSOFT","","Listagem1","","","","",""
"","PONTO","QL001","LAVSOFT","","Localizacao1","","","","",""
"","PONTO","QL001","LAVSOFT","","LogSistema1","","","","",""
"","PONTO","QL001","LAVSOFT","","MalaDiretaRemetente1","","","","",""
"","PONTO","QL001","LAVSOFT","","Manutencao1","","","","",""
"","PONTO","QL001","LAVSOFT","","MarcaEntrega","","","","",""
"","PONTO","QL001","LAVSOFT","","Marcas1","","","","",""
"","PONTO","QL001","LAVSOFT","","MenuEntradaRol1","","","","",""
"","PONTO","QL001","LAVSOFT","","MenuLancamentoRol1","","","","",""
"","PONTO","QL001","LAVSOFT","","MenuRetiradas1","","","","",""
"","PONTO","QL001","LAVSOFT","","MovGrupoClientes1","","","","",""
"","PONTO","QL001","LAVSOFT","","MovProAna1","","","","",""
"","PONTO","QL001","LAVSOFT","","MovProAnaSer1","","","","",""
"","PONTO","QL001","LAVSOFT","","MovProSin1","","","","",""
"","PONTO","QL001","LAVSOFT","","MovProdServ1","","","","",""
"","PONTO","QL001","LAVSOFT","","MovimentoAnalitico1","","","","",""
"","PONTO","QL001","LAVSOFT","","MovimentoAnaliticoEntrada1","","","","",""
"","PONTO","QL001","LAVSOFT","","MovimentoEntradaSaidaSinttico1","","","","",""
"","PONTO","QL001","LAVSOFT","","MovimentoPorServicoSintetico1","","","","",""
"","PONTO","QL001","LAVSOFT","","MovimentoPorServicosExecutados1","","","","",""
"","PONTO","QL001","LAVSOFT","","MovimentoPorServicosPeso1","","","","",""
"","PONTO","QL001","LAVSOFT","","MovimentoProduto1","","","","",""
"","PONTO","QL001","LAVSOFT","","MovimentoProdutoMensal1","","","","",""
"","PONTO","QL001","LAVSOFT","","MovimentoResumidoNotaFiscal1","","","","",""
"","PONTO","QL001","LAVSOFT","","MovimentoServicoMensal1","","","","",""
"","PONTO","QL001","LAVSOFT","","MovimentoSintetico1","","","","",""
"","PONTO","QL001","LAVSOFT","","MovimentoSintticoEntrada1","","","","",""
"","PONTO","QL001","LAVSOFT","","MovimentoporDiadeSemana1","","","","",""
"","PONTO","QL001","LAVSOFT","","NotaFiscal1","","","","",""
"","PONTO","QL001","LAVSOFT","","Pagamento","","","","",""
"","PONTO","QL001","LAVSOFT","","PagamentoRol1","","","","",""
"","PONTO","QL001","LAVSOFT","","PagamentodeVariosRols1","","","","",""
"","PONTO","QL001","LAVSOFT","","Parametros1","","","","",""
"","PONTO","QL001","LAVSOFT","","Passadoria1","","","","",""
"","PONTO","QL001","LAVSOFT","","PgtosporTabela1","","","","",""
"","PONTO","QL001","LAVSOFT","","PontosEntregues1","","","","",""
"","PONTO","QL001","LAVSOFT","","PrevisoEntrega1","","","","",""
"","PONTO","QL001","LAVSOFT","","ROLsemAberto1","","","","",""
"","PONTO","QL001","LAVSOFT","","ROlsPagos1","","","","",""
"","PONTO","QL001","LAVSOFT","","RSL1","","","","",""
"","PONTO","QL001","LAVSOFT","","ReciboCaixa1","","","","",""
"","PONTO","QL001","LAVSOFT","","Reemisso2","","","","",""
"","PONTO","QL001","LAVSOFT","","RelControlePontos1","","","","",""
"","PONTO","QL001","LAVSOFT","","RelEstoquenoCli1","","","","",""
"","PONTO","QL001","LAVSOFT","","RelFatPrecos1","","","","",""
"","PONTO","QL001","LAVSOFT","","RelFreCli1","","","","",""
"","PONTO","QL001","LAVSOFT","","RelatConfRol1","","","","",""
"","PONTO","QL001","LAVSOFT","","RelatorioparaEntrega1","","","","",""
"","PONTO","QL001","LAVSOFT","","ResFatDiaDia1","","","","",""
"","PONTO","QL001","LAVSOFT","","ResFatNotFis1","","","","",""
"","PONTO","QL001","LAVSOFT","","ResTipTabEmp1","","","","",""
"","PONTO","QL001","LAVSOFT","","ResTipTabGru1","","","","",""
"","PONTO","QL001","LAVSOFT","","Resumida1","","","","",""
"","PONTO","QL001","LAVSOFT","","ResumoPorEmpree1","","","","",""
"","PONTO","QL001","LAVSOFT","","RolsCancelados1","","","","",""
"","PONTO","QL001","LAVSOFT","","SB_MudaValBase","","","","",""
"","PONTO","QL001","LAVSOFT","","SaldoControleEntrada1","","","","",""
"","PONTO","QL001","LAVSOFT","","SitRol","","","","",""
"","PONTO","QL001","LAVSOFT","","SituacaodoRols1","","","","",""
"","PONTO","QL001","LAVSOFT","","TabeladePreco1","","","","",""
"","PONTO","QL001","LAVSOFT","","Terceirizacao1","","","","",""
"","PONTO","QL001","LAVSOFT","","TiposdeDescontos1","","","","",""
"","PONTO","QL001","LAVSOFT","","TiposdeEntrada1","","","","",""
"","PONTO","QL001","LAVSOFT","","TiposdeServico1","","","","",""
"","PONTO","QL001","LAVSOFT","","TiposdeTecido1","","","","",""
"","PONTO","QL001","LAVSOFT","","TransporteporNota1","","","","",""
"","PONTO","QL001","LAVSOFT","","Usuarios1","","","","",""
"","PONTO","QL001","LAVSOFT","","VerificaLocalizaoporPeas1","","","","",""
"","PONTO","QL001","LAVSOFT","","VoltarRolaProduo1","","","","",""
"","SUPERV","QL001","LAVSOFT","","Anotacoes1","","","","",""
"","SUPERV","QL001","LAVSOFT","","CFAbertura1","","","","",""
"","SUPERV","QL001","LAVSOFT","","CFDestravaImpressoraFiscal1","","","","",""
"","SUPERV","QL001","LAVSOFT","","CFFechamento1","","","","",""
"","SUPERV","QL001","LAVSOFT","","CFFechamentoParcial1","","","","",""
"","SUPERV","QL001","LAVSOFT","","CFFundodeCaixa1","","","","",""
"","SUPERV","QL001","LAVSOFT","","CFHorarioVerao1","","","","",""
"","SUPERV","QL001","LAVSOFT","","CFLeituraMemriaFiscal1","","","","",""
"","SUPERV","QL001","LAVSOFT","","CFLeituraX1","","","","",""
"","SUPERV","QL001","LAVSOFT","","CFSangriaCaixa1","","","","",""
"","SUPERV","QL001","LAVSOFT","","CancAdi","","","","",""
"","SUPERV","QL001","LAVSOFT","","CancPag","","","","",""
"","SUPERV","QL001","LAVSOFT","","Cancelamento2","","","","",""
"","SUPERV","QL001","LAVSOFT","","CancelamentoNotaFiscal1","","","","",""
"","SUPERV","QL001","LAVSOFT","","CancelamentodaNota1","","","","",""
"","SUPERV","QL001","LAVSOFT","","CancelamentodeNotasIntervalo1","","","","",""
"","SUPERV","QL001","LAVSOFT","","Caractersticas1","","","","",""
"","SUPERV","QL001","LAVSOFT","","ComissaoPagamento1","","","","",""
"","SUPERV","QL001","LAVSOFT","","ComissoRol1","","","","",""
"","SUPERV","QL001","LAVSOFT","","CondicaodePagamento1","","","","",""
"","SUPERV","QL001","LAVSOFT","","ControledeCaixa1","","","","",""
"","SUPERV","QL001","LAVSOFT","","ControledeLavagem1","","","","",""
"","SUPERV","QL001","LAVSOFT","","Cores1","","","","",""
"","SUPERV","QL001","LAVSOFT","","Criticas1","","","","",""
"","SUPERV","QL001","LAVSOFT","","Custos1","","","","",""
"","SUPERV","QL001","LAVSOFT","","Defeitos1","","","","",""
"","SUPERV","QL001","LAVSOFT","","DescontoPorc1","","","","",""
"","SUPERV","QL001","LAVSOFT","","DescontoporValor1","","","","",""
"","SUPERV","QL001","LAVSOFT","","Devoluo1","","","","",""
"","SUPERV","QL001","LAVSOFT","","DevoluoPagamento1","","","","",""
"","SUPERV","QL001","LAVSOFT","","Ed_PorcDescontoPag","","","","",""
"","SUPERV","QL001","LAVSOFT","","Ed_ValPag","","","","",""
"","SUPERV","QL001","LAVSOFT","","Encerramento1","","","","",""
"","SUPERV","QL001","LAVSOFT","","EncerramentoParcial1","","","","",""
"","SUPERV","QL001","LAVSOFT","","EntradaEstoque1","","","","",""
"","SUPERV","QL001","LAVSOFT","","EntradaRol1","","","","",""
"","SUPERV","QL001","LAVSOFT","","EnviaEmail1","","","","",""
"","SUPERV","QL001","LAVSOFT","","Etiquetas1","","","","",""
"","SUPERV","QL001","LAVSOFT","","ExcluiConfiguraoColunas1","","","","",""
"","SUPERV","QL001","LAVSOFT","","Faturamento1","","","","",""
"","SUPERV","QL001","LAVSOFT","","FiliaisMatriz1","","","","",""
"","SUPERV","QL001","LAVSOFT","","FormadePagamento1","","","","",""
"","SUPERV","QL001","LAVSOFT","","GravaColunas1","","","","",""
"","SUPERV","QL001","LAVSOFT","","GrupoEntradas1","","","","",""
"","SUPERV","QL001","LAVSOFT","","Importacao1","","","","",""
"","SUPERV","QL001","LAVSOFT","","Listagem1","","","","",""
"","SUPERV","QL001","LAVSOFT","","LogSistema1","","","","",""
"","SUPERV","QL001","LAVSOFT","","MalaDiretaRemetente1","","","","",""
"","SUPERV","QL001","LAVSOFT","","Manutencao1","","","","",""
"","SUPERV","QL001","LAVSOFT","","MenuEntradaRol1","","","","",""
"","SUPERV","QL001","LAVSOFT","","MovimentoProduto1","","","","",""
"","SUPERV","QL001","LAVSOFT","","Parametros1","","","","",""
"","SUPERV","QL001","LAVSOFT","","PgtosporTabela1","","","","",""
"","SUPERV","QL001","LAVSOFT","","RSL1","","","","",""
"","SUPERV","QL001","LAVSOFT","","ReciboCaixa1","","","","",""
"","SUPERV","QL001","LAVSOFT","","RelEstoquenoCli1","","","","",""
"","SUPERV","QL001","LAVSOFT","","RelFatPrecos1","","","","",""
"","SUPERV","QL001","LAVSOFT","","RelatConfRol1","","","","",""
"","SUPERV","QL001","LAVSOFT","","ResFatDiaDia1","","","","",""
"","SUPERV","QL001","LAVSOFT","","ResFatNotFis1","","","","",""
"","SUPERV","QL001","LAVSOFT","","ResTipTabEmp1","","","","",""
"","SUPERV","QL001","LAVSOFT","","ResTipTabGru1","","","","",""
"","SUPERV","QL001","LAVSOFT","","Resumida1","","","","",""
"","SUPERV","QL001","LAVSOFT","","ResumoPorEmpree1","","","","",""
"","SUPERV","QL001","LAVSOFT","","RolsCancelados1","","","","",""
"","SUPERV","QL001","LAVSOFT","","SB_MudaValBase","","","","",""
"","SUPERV","QL001","LAVSOFT","","SituacaodoRols1","","","","",""
"","SUPERV","QL001","LAVSOFT","","TabeladePreco1","","","","",""
"","SUPERV","QL001","LAVSOFT","","TiposdeDescontos1","","","","",""
"","SUPERV","QL001","LAVSOFT","","TiposdeEntrada1","","","","",""
"","SUPERV","QL001","LAVSOFT","","TiposdeServico1","","","","",""
"","SUPERV","QL001","LAVSOFT","","TiposdeTecido1","","","","",""
"","SUPERV","QL001","LAVSOFT","","TransporteporNota1","","","","",""
"","SUPERV","QL001","LAVSOFT","","Usuarios1","","","","",""
