"FileName","File","ImportedDll","Machine"
"_ISREG32.DLL","D:\AtelieProd\Equipexe\_ISREG32.DLL","ADVAPI32.dll","0x014C"
"_ISREG32.DLL","D:\AtelieProd\Equipexe\_ISREG32.DLL","OLEAUT32.dll","0x014C"
"Alerta.exe","D:\AtelieProd\Equipexe\Exe\Alerta.exe","advapi32.dll","0x014C"
"Alerta.exe","D:\AtelieProd\Equipexe\Exe\Alerta.exe","oleaut32.dll","0x014C"
"Anotacoes.exe","D:\AtelieProd\Equipexe\Exe\Anotacoes.exe","advapi32.dll","0x014C"
"Anotacoes.exe","D:\AtelieProd\Equipexe\Exe\Anotacoes.exe","oleaut32.dll","0x014C"
"Backup.exe","D:\AtelieProd\Equipexe\Exe\Backup.exe","advapi32.dll","0x014C"
"Backup.exe","D:\AtelieProd\Equipexe\Exe\Backup.exe","oleaut32.dll","0x014C"
"BemaMFD.dll","D:\AtelieProd\Equipexe\Exe\BemaMFD.dll","ADVAPI32.dll","0x014C"
"BemaMFD.dll","D:\AtelieProd\Equipexe\Exe\BemaMFD.dll","OLEAUT32.dll","0x014C"
"BemaSAT32.dll","D:\AtelieProd\Equipexe\Exe\BemaSAT32.dll","ADVAPI32.dll","0x014C"
"BemaSAT64.dll","D:\AtelieProd\Equipexe\Exe\BemaSAT64.dll","ADVAPI32.dll","0x8664"
"borlndmm.dll","D:\AtelieProd\Equipexe\Exe\borlndmm.dll","advapi32.dll","0x014C"
"CEP.exe","D:\AtelieProd\Equipexe\Exe\CEP.exe","advapi32.dll","0x014C"
"CEP.exe","D:\AtelieProd\Equipexe\Exe\CEP.exe","oleaut32.dll","0x014C"
"Cfx32.ocx","D:\AtelieProd\Equipexe\Figuras\Cfx32.ocx","ADVAPI32.dll","0x014C"
"Cfx32.ocx","D:\AtelieProd\Equipexe\Figuras\Cfx32.ocx","OLEAUT32.dll","0x014C"
"ChamaExcell.exe","D:\AtelieProd\Equipexe\Exe\ChamaExcell.exe","advapi32.dll","0x014C"
"ChamaExcell.exe","D:\AtelieProd\Equipexe\Exe\ChamaExcell.exe","oleaut32.dll","0x014C"
"CobreBemX.dll","D:\AtelieProd\Equipexe\Exe\CobreBemX.dll","advapi32.dll","0x014C"
"CobreBemX.dll","D:\AtelieProd\Equipexe\Exe\CobreBemX.dll","oleaut32.dll","0x014C"
"Conexao.exe","D:\AtelieProd\Equipexe\Exe\Conexao.exe","advapi32.dll","0x014C"
"Conexao.exe","D:\AtelieProd\Equipexe\Exe\Conexao.exe","oleaut32.dll","0x014C"
"Conexoes.exe","D:\AtelieProd\Equipexe\Exe\Conexoes.exe","advapi32.dll","0x014C"
"Conexoes.exe","D:\AtelieProd\Equipexe\Exe\Conexoes.exe","oleaut32.dll","0x014C"
"Conexoes.exe","D:\AtelieProd\Equipexe\Exe\Conexoes.exe","wsock32.dll","0x014C"
"ConfigXP2000.exe","D:\AtelieProd\Equipexe\Exe\ConfigXP2000.exe","advapi32.dll","0x014C"
"ConfigXP2000.exe","D:\AtelieProd\Equipexe\Exe\ConfigXP2000.exe","oleaut32.dll","0x014C"
"ConnectionODBC.exe","D:\AtelieProd\Equipexe\Exe\ConnectionODBC.exe","advapi32.dll","0x014C"
"ConnectionODBC.exe","D:\AtelieProd\Equipexe\Exe\ConnectionODBC.exe","oleaut32.dll","0x014C"
"ConvBDEquipe.exe","D:\AtelieProd\Equipexe\Exe\ConvBDEquipe.exe","advapi32.dll","0x014C"
"ConvBDEquipe.exe","D:\AtelieProd\Equipexe\Exe\ConvBDEquipe.exe","oleaut32.dll","0x014C"
"DAO350.DLL","D:\AtelieProd\Equipexe\Exe\DAO350.DLL","ADVAPI32.dll","0x014C"
"DAO350.DLL","D:\AtelieProd\Equipexe\Exe\DAO350.DLL","OLEAUT32.dll","0x014C"
"Daruma32_Ant.dll","D:\AtelieProd\Equipexe\Exe\Daruma32_Ant.dll","ADVAPI32.dll","0x014C"
"Daruma32_Ant.dll","D:\AtelieProd\Equipexe\Exe\Daruma32_Ant.dll","OLEAUT32.dll","0x014C"
"Daruma32_Ant.dll","D:\AtelieProd\Equipexe\Exe\Daruma32_Ant.dll","urlmon.dll","0x014C"
"Daruma32.dll","D:\AtelieProd\Equipexe\Exe\Daruma32.dll","ADVAPI32.dll","0x014C"
"Daruma32.dll","D:\AtelieProd\Equipexe\Exe\Daruma32.dll","OLEAUT32.dll","0x014C"
"Daruma32.dll","D:\AtelieProd\Equipexe\Exe\Daruma32.dll","urlmon.dll","0x014C"
"dbcoed32.dll","D:\AtelieProd\Equipexe\Exe\dbcoed32.dll","ADVAPI32.DLL","0x014C"
"dbd32.exe","D:\AtelieProd\Equipexe\Exe\dbd32.exe","ADVAPI32.dll","0x014C"
"dbd32.exe","D:\AtelieProd\Equipexe\Exe\dbd32.exe","OLEAUT32.dll","0x014C"
"dbdcrt32.dll","D:\AtelieProd\Equipexe\Exe\dbdcrt32.dll","ADVAPI32.dll","0x014C"
"dbdide32.dll","D:\AtelieProd\Equipexe\Exe\dbdide32.dll","ADVAPI32.dll","0x014C"
"dbdqbe32.dll","D:\AtelieProd\Equipexe\Exe\dbdqbe32.dll","ADVAPI32.dll","0x014C"
"dbdsql32.dll","D:\AtelieProd\Equipexe\Exe\dbdsql32.dll","ADVAPI32.dll","0x014C"
"dbdutl32.dll","D:\AtelieProd\Equipexe\Exe\dbdutl32.dll","ADVAPI32.dll","0x014C"
"dbdvw32.dll","D:\AtelieProd\Equipexe\Exe\dbdvw32.dll","ADVAPI32.dll","0x014C"
"dbexpmss.dll","D:\AtelieProd\Equipexe\Exe\dbexpmss.dll","OLEAUT32.DLL","0x014C"
"dbsrv32.dll","D:\AtelieProd\Equipexe\Exe\dbsrv32.dll","ADVAPI32.dll","0x014C"
"dbsrv32.dll","D:\AtelieProd\Equipexe\Exe\dbsrv32.dll","OLEAUT32.dll","0x014C"
"EnvEmailEquipe.exe","D:\AtelieProd\Equipexe\Exe\EnvEmailEquipe.exe","advapi32.dll","0x014C"
"EnvEmailEquipe.exe","D:\AtelieProd\Equipexe\Exe\EnvEmailEquipe.exe","oleaut32.dll","0x014C"
"EqEmail.exe","D:\AtelieProd\Equipexe\Exe\EqEmail.exe","advapi32.dll","0x014C"
"EqEmail.exe","D:\AtelieProd\Equipexe\Exe\EqEmail.exe","oleaut32.dll","0x014C"
"EqEmail.exe","D:\AtelieProd\Equipexe\Exe\EqEmail.exe","wsock32.dll","0x014C"
"EquConfig.exe","D:\AtelieProd\Equipexe\Exe\EquConfig.exe","advapi32.dll","0x014C"
"EquConfig.exe","D:\AtelieProd\Equipexe\Exe\EquConfig.exe","oleaut32.dll","0x014C"
"EquEstruAtu.exe","D:\AtelieProd\Equipexe\Exe\EquEstruAtu.exe","advapi32.dll","0x014C"
"EquEstruAtu.exe","D:\AtelieProd\Equipexe\Exe\EquEstruAtu.exe","oleaut32.dll","0x014C"
"EquEstruAtu.exe","D:\AtelieProd\Equipexe\Exe\EquEstruAtu.exe","wininet.dll","0x014C"
"EquKill.exe","D:\AtelieProd\Equipexe\Exe\EquKill.exe","advapi32.dll","0x014C"
"EquKill.exe","D:\AtelieProd\Equipexe\Exe\EquKill.exe","oleaut32.dll","0x014C"
"EquMail.exe","D:\AtelieProd\Equipexe\Exe\EquMail.exe","advapi32.dll","0x014C"
"EquMail.exe","D:\AtelieProd\Equipexe\Exe\EquMail.exe","oleaut32.dll","0x014C"
"EquMail.exe","D:\AtelieProd\Equipexe\Exe\EquMail.exe","wsock32.dll","0x014C"
"EquManut.exe","D:\AtelieProd\Equipexe\Exe\EquManut.exe","advapi32.dll","0x014C"
"EquManut.exe","D:\AtelieProd\Equipexe\Exe\EquManut.exe","oleaut32.dll","0x014C"
"EquUnit.exe","D:\AtelieProd\Equipexe\Exe\EquUnit.exe","advapi32.dll","0x014C"
"EquUnit.exe","D:\AtelieProd\Equipexe\Exe\EquUnit.exe","oleaut32.dll","0x014C"
"Estoque.exe","D:\AtelieProd\Equipexe\Exe\Estoque.exe","advapi32.dll","0x014C"
"Estoque.exe","D:\AtelieProd\Equipexe\Exe\Estoque.exe","oleaut32.dll","0x014C"
"Estoque.exe","D:\AtelieProd\Equipexe\Exe\Estoque.exe","wininet.dll","0x014C"
"Expedicao.exe","D:\AtelieProd\Equipexe\Exe\Expedicao.exe","advapi32.dll","0x014C"
"Expedicao.exe","D:\AtelieProd\Equipexe\Exe\Expedicao.exe","oleaut32.dll","0x014C"
"Financ.exe","D:\AtelieProd\Equipexe\Exe\Financ.exe","advapi32.dll","0x014C"
"Financ.exe","D:\AtelieProd\Equipexe\Exe\Financ.exe","oleaut32.dll","0x014C"
"Financeiro.exe","D:\AtelieProd\Equipexe\Exe\Financeiro.exe","advapi32.dll","0x014C"
"Financeiro.exe","D:\AtelieProd\Equipexe\Exe\Financeiro.exe","oleaut32.dll","0x014C"
"FranLav.exe","D:\AtelieProd\Equipexe\Exe\FranLav.exe","advapi32.dll","0x014C"
"FranLav.exe","D:\AtelieProd\Equipexe\Exe\FranLav.exe","oleaut32.dll","0x014C"
"GDS32.DLL","D:\AtelieProd\Equipexe\Exe\GDS32.DLL","ADVAPI32.dll","0x014C"
"GDS32.DLL","D:\AtelieProd\Equipexe\Exe\GDS32.DLL","WSOCK32.dll","0x014C"
"Gerenciador-old.exe","D:\AtelieProd\Equipexe\Exe\Gerenciador-old.exe","mscoree.dll","0x014C"
"Gerenciador.exe","D:\AtelieProd\Equipexe\Exe\Gerenciador.exe","mscoree.dll","0x014C"
"Idct.exe","D:\AtelieProd\Equipexe\Exe\Idct.exe","advapi32.dll","0x014C"
"Idct.exe","D:\AtelieProd\Equipexe\Exe\Idct.exe","oleaut32.dll","0x014C"
"ImpAutomLavSoft.exe","D:\AtelieProd\Equipexe\Exe\ImpAutomLavSoft.exe","advapi32.dll","0x014C"
"ImpAutomLavSoft.exe","D:\AtelieProd\Equipexe\Exe\ImpAutomLavSoft.exe","oleaut32.dll","0x014C"
"LavFacilLan.exe","D:\AtelieProd\Equipexe\Exe\LavFacilLan.exe","advapi32.dll","0x014C"
"LavFacilLan.exe","D:\AtelieProd\Equipexe\Estruturas\LavFacilLan.exe","oleaut32.dll","0x014C"
"LavFacilLan.exe","D:\AtelieProd\Equipexe\Estruturas\LavFacilLan.exe","wininet.dll","0x014C"
"LavSoft.exe","D:\AtelieProd\Equipexe\Exe\LavSoft.exe","advapi32.dll","0x014C"
"LavSoft.exe","D:\AtelieProd\Equipexe\Exe\LavSoft.exe","oleaut32.dll","0x014C"
"LeCamera.exe","D:\AtelieProd\Equipexe\Exe\LeCamera.exe","advapi32.dll","0x014C"
"LeCamera.exe","D:\AtelieProd\Equipexe\Exe\LeCamera.exe","oleaut32.dll","0x014C"
"libeay32.dll","D:\AtelieProd\Equipexe\Exe\libeay32.dll","ADVAPI32.dll","0x014C"
"libeay32.dll","D:\AtelieProd\Equipexe\Exe\libeay32.dll","WS2_32.dll","0x014C"
"LiveUpdate.exe","D:\AtelieProd\Equipexe\Exe\LiveUpdate.exe","advapi32.dll","0x014C"
"LiveUpdate.exe","D:\AtelieProd\Equipexe\Exe\LiveUpdate.exe","oleaut32.dll","0x014C"
"lotenfse.dll","D:\AtelieProd\Equipexe\Exe\lotenfse.dll","advapi32.dll","0x014C"
"lotenfse.dll","D:\AtelieProd\Equipexe\Exe\lotenfse.dll","borlndmm.dll","0x014C"
"lotenfse.dll","D:\AtelieProd\Equipexe\Exe\lotenfse.dll","oleaut32.dll","0x014C"
"lotenfse.dll","D:\AtelieProd\Equipexe\Exe\lotenfse.dll","wininet.dll","0x014C"
"LSLavSoft.exe","D:\AtelieProd\Equipexe\Exe\LSLavSoft.exe","advapi32.dll","0x014C"
"LSLavSoft.exe","D:\AtelieProd\Equipexe\Exe\LSLavSoft.exe","oleaut32.dll","0x014C"
"Lspt.exe","D:\AtelieProd\Equipexe\Exe\Lspt.exe","advapi32.dll","0x014C"
"Lspt.exe","D:\AtelieProd\Equipexe\Exe\Lspt.exe","oleaut32.dll","0x014C"
"MachLavLoc.exe","D:\AtelieProd\Equipexe\Exe\MachLavLoc.exe","advapi32.dll","0x014C"
"MachLavLoc.exe","D:\AtelieProd\Equipexe\Exe\MachLavLoc.exe","oleaut32.dll","0x014C"
"midas.dll","D:\AtelieProd\Equipexe\Exe\midas.dll","ADVAPI32.DLL","0x014C"
"midas.dll","D:\AtelieProd\Equipexe\Exe\midas.dll","OLEAUT32.DLL","0x014C"
"MP2032.DLL","D:\AtelieProd\Equipexe\Exe\MP2032.DLL","ADVAPI32.dll","0x014C"
"MSJET35.dll","D:\AtelieProd\Equipexe\Exe\MSJET35.dll","ADVAPI32.dll","0x014C"
"MSJET35.dll","D:\AtelieProd\Equipexe\Exe\MSJET35.dll","OLEAUT32.dll","0x014C"
"NBioBSP.dll","D:\AtelieProd\Equipexe\Exe\NBioBSP.dll","ADVAPI32.dll","0x014C"
"NFE.exe","D:\AtelieProd\Equipexe\Exe\NFE.exe","advapi32.dll","0x014C"
"NFE.exe","D:\AtelieProd\Equipexe\Exe\NFE.exe","oleaut32.dll","0x014C"
"NFE.exe","D:\AtelieProd\Equipexe\Exe\NFE.exe","wininet.dll","0x014C"
"NFSe_Util_nat.dll","D:\AtelieProd\Equipexe\Exe\NFSe_Util_nat.dll","advapi32.dll","0x014C"
"NFSe_Util_nat.dll","D:\AtelieProd\Equipexe\Exe\NFSe_Util_nat.dll","oleaut32.dll","0x014C"
"NFSe_Util.dll","D:\AtelieProd\Equipexe\Exe\NFSe_Util.dll","mscoree.dll","0x014C"
"NMOCOD.DLL","D:\AtelieProd\Equipexe\Exe\NMOCOD.DLL","ADVAPI32.dll","0x014C"
"NMOCOD.DLL","D:\AtelieProd\Equipexe\Exe\NMOCOD.DLL","OLEAUT32.dll","0x014C"
"ntwdblib.dll","D:\AtelieProd\Equipexe\Exe\ntwdblib.dll","ADVAPI32.dll","0x014C"
"OLEPRO32.DLL","D:\AtelieProd\Equipexe\Importa\Figuras\OLEPRO32.DLL","ADVAPI32.dll","0x014C"
"OLEPRO32.DLL","D:\AtelieProd\Equipexe\Figuras\OLEPRO32.DLL","OLEAUT32.dll","0x014C"
"Parametros.exe","D:\AtelieProd\Equipexe\Exe\Parametros.exe","advapi32.dll","0x014C"
"Parametros.exe","D:\AtelieProd\Equipexe\Exe\Parametros.exe","oleaut32.dll","0x014C"
"Pcp.exe","D:\AtelieProd\Equipexe\Exe\Pcp.exe","advapi32.dll","0x014C"
"Pcp.exe","D:\AtelieProd\Equipexe\Exe\Pcp.exe","oleaut32.dll","0x014C"
"PEquPrev2.exe","D:\AtelieProd\Equipexe\Exe\PEquPrev2.exe","advapi32.dll","0x014C"
"PEquPrev2.exe","D:\AtelieProd\Equipexe\Exe\PEquPrev2.exe","oleaut32.dll","0x014C"
"PEquPrev6.exe","D:\AtelieProd\Equipexe\Exe\PEquPrev6.exe","advapi32.dll","0x014C"
"PEquPrev6.exe","D:\AtelieProd\Equipexe\Exe\PEquPrev6.exe","oleaut32.dll","0x014C"
"PTravaRelogio.exe","D:\AtelieProd\Equipexe\Exe\PTravaRelogio.exe","advapi32.dll","0x014C"
"PTravaRelogio.exe","D:\AtelieProd\Equipexe\Exe\PTravaRelogio.exe","oleaut32.dll","0x014C"
"qtintf.dll","D:\AtelieProd\Equipexe\Exe\qtintf.dll","ADVAPI32.DLL","0x014C"
"qtintf.dll","D:\AtelieProd\Equipexe\Exe\qtintf.dll","WSOCK32.DLL","0x014C"
"qtintf70.dll","D:\AtelieProd\Equipexe\Exe\qtintf70.dll","ADVAPI32.DLL","0x014C"
"qtintf70.dll","D:\AtelieProd\Equipexe\Exe\qtintf70.dll","WSOCK32.DLL","0x014C"
"SAT.exe","D:\AtelieProd\Equipexe\Exe\SAT.exe","advapi32.dll","0x014C"
"SAT.exe","D:\AtelieProd\Equipexe\Exe\SAT.exe","oleaut32.dll","0x014C"
"Senhas.exe","D:\AtelieProd\Equipexe\Exe\Senhas.exe","advapi32.dll","0x014C"
"Senhas.exe","D:\AtelieProd\Equipexe\Exe\Senhas.exe","oleaut32.dll","0x014C"
"TrocaWordExcel.exe","D:\AtelieProd\Equipexe\Exe\TrocaWordExcel.exe","advapi32.dll","0x014C"
"TrocaWordExcel.exe","D:\AtelieProd\Equipexe\Exe\TrocaWordExcel.exe","oleaut32.dll","0x014C"
"Tutil32.dll","D:\AtelieProd\Equipexe\Exe\Tutil32.dll","ADVAPI32.dll","0x014C"
"Tutil32.exe","D:\AtelieProd\Equipexe\Exe\Tutil32.exe","ADVAPI32.dll","0x014C"
"ZipForge.dll","D:\AtelieProd\Equipexe\Exe\ZipForge.dll","mscoree.dll","0x014C"
