Categoria,TableName,ColumnName,RelativePath,DataType,ColumnSize,Observacao
atualizacao,CadProces,Versao,Ger\Dados\CadProces.DB,System.String,20,requer validacao funcional
atualizacao,MovControle,Versao,Ger\Filial\MovControle.DB,System.String,20,requer validacao funcional
atualizacao,MovProc,Versao,Ger\Filial\MovProc.DB,System.String,20,requer validacao funcional
atualizacao,MovProces,Versao,SAT\FILIAL\MovProces.DB,System.String,20,requer validacao funcional
atualizacao,Sistemas,Versao,Estruturas\Sistemas.DB,System.String,20,requer validacao funcional
autenticacao-permissao,Alteracoes,CodUsuario,SAT\FILIAL\Alteracoes.DB,System.String,20,requer validacao funcional
autenticacao-permissao,AndAltSist,CodUsuario,SAT\FILIAL\AndAltSist.DB,System.String,20,requer validacao funcional
autenticacao-permissao,Anotacoes,CodUsuario,SAT\FILIAL\Anotacoes.DB,System.String,20,requer validacao funcional
autenticacao-permissao,Anotacoes,ParUsuario,SAT\FILIAL\Anotacoes.DB,System.String,20,requer validacao funcional
autenticacao-permissao,ArqDocum,UsuarioArq,SAT\DADOS\ArqDocum.DB,System.String,20,requer validacao funcional
autenticacao-permissao,AvisoRoupa,CodUsuario,PEC\FILIAL\AvisoRoupa.DB,System.String,20,requer validacao funcional
autenticacao-permissao,AvisoRoupa,ResUsuario,PEC\FILIAL\AvisoRoupa.DB,System.String,20,requer validacao funcional
autenticacao-permissao,AvisoRoupa,UsuarioProces,PEC\FILIAL\AvisoRoupa.DB,System.String,20,requer validacao funcional
autenticacao-permissao,Backup,CodUsuario,Ger\Dados\Backup.DB,System.String,20,requer validacao funcional
autenticacao-permissao,Boletos,CodUsuario,REC\FILIAL\Boletos.DB,System.String,20,requer validacao funcional
autenticacao-permissao,BoletosCan,CodUsuario,REC\FILIAL\BoletosCan.DB,System.String,20,requer validacao funcional
autenticacao-permissao,BoletosLot,CodUsuario,REC\FILIAL\BoletosLot.DB,System.String,20,requer validacao funcional
autenticacao-permissao,Bonus,CodUsuario,Lav\FILIAL\Bonus.DB,System.String,20,requer validacao funcional
autenticacao-permissao,CadCai,CodUsuario,Ger\Filial\CadCai.DB,System.String,20,requer validacao funcional
autenticacao-permissao,CadInt,Grupo,ESC\FILIAL\CadInt.DB,System.String,10,requer validacao funcional
autenticacao-permissao,CadInt,Grupo,Importa\ESC\FILIAL\CadInt.DB,System.String,10,requer validacao funcional
autenticacao-permissao,CadPas,Senha,Lav\Dados\CadPas.DB,System.String,10,requer validacao funcional
autenticacao-permissao,CadProcesAlt,CodUsuario,Ger\Dados\CadProcesAlt.DB,System.String,20,requer validacao funcional
autenticacao-permissao,CadVen,Senha,Ger\Dados\CadVen.DB,System.String,10,requer validacao funcional
autenticacao-permissao,CamRecFil,CodUsuario,REC\FILIAL\CamRecFil.DB,System.String,20,requer validacao funcional
autenticacao-permissao,CaminhosFlex,Usuario,Ger\Dados\CaminhosFlex.DB,System.String,40,requer validacao funcional
autenticacao-permissao,Cheque1,UsuarioChe,Ger\Dados\Cheque1.DB,System.String,20,requer validacao funcional
autenticacao-permissao,Cheque1,UsuarioChe,Ger\Filial\Cheque1.DB,System.String,20,requer validacao funcional
autenticacao-permissao,Cheque2,UsuarioChe,Ger\Filial\Cheque2.DB,System.String,20,requer validacao funcional
autenticacao-permissao,Cheque3,UsuarioChe,Ger\Filial\Cheque3.DB,System.String,20,requer validacao funcional
autenticacao-permissao,Cheque4,UsuarioChe,Ger\Filial\Cheque4.DB,System.String,20,requer validacao funcional
autenticacao-permissao,Cheque5,UsuarioChe,Ger\Filial\Cheque5.DB,System.String,20,requer validacao funcional
autenticacao-permissao,Cheque6,UsuarioChe,Ger\Filial\Cheque6.DB,System.String,20,requer validacao funcional
autenticacao-permissao,Cheque7,UsuarioChe,Ger\Filial\Cheque7.DB,System.String,20,requer validacao funcional
autenticacao-permissao,Cheque8,UsuarioChe,Ger\Filial\Cheque8.DB,System.String,20,requer validacao funcional
autenticacao-permissao,Cheque9,UsuarioChe,Ger\Filial\Cheque9.DB,System.String,20,requer validacao funcional
autenticacao-permissao,CliPecLav,CodUsuario,Ger\Dados\CliPecLav.DB,System.String,20,requer validacao funcional
autenticacao-permissao,CliPecLav,NomUsuario,Ger\Dados\CliPecLav.DB,System.String,60,requer validacao funcional
autenticacao-permissao,Clientes,ResUsuario,Ger\Dados\Backup\Clientes.DB,System.String,20,requer validacao funcional
autenticacao-permissao,Clientes,ResUsuario,Ger\Dados\Clientes.DB,System.String,20,requer validacao funcional
autenticacao-permissao,Clientes,Senha,Ger\Dados\Backup\Clientes.DB,System.String,20,requer validacao funcional
autenticacao-permissao,Clientes,Senha,Ger\Dados\Clientes.DB,System.String,20,requer validacao funcional
autenticacao-permissao,Clientes-,ResUsuario,Ger\Dados\Clientes-.DB,System.String,20,requer validacao funcional
autenticacao-permissao,Clientes-,Senha,Ger\Dados\Clientes-.DB,System.String,20,requer validacao funcional
autenticacao-permissao,ContChequeLot,BaiUsuario,Ger\Filial\ContChequeLot.DB,System.String,20,requer validacao funcional
autenticacao-permissao,ContChequeLot,CodUsuario,Ger\Filial\ContChequeLot.DB,System.String,20,requer validacao funcional
autenticacao-permissao,ContChequeRec,CodUsuario,Ger\Filial\ContChequeRec.DB,System.String,20,requer validacao funcional
autenticacao-permissao,ContIdent,Grupo,Lav\FILIAL\ContIdent.DB,System.String,20,requer validacao funcional
autenticacao-permissao,ContaCor1,CodUsuario,Ger\Filial\ContaCor1.DB,System.String,20,requer validacao funcional
autenticacao-permissao,ContaCor2,CodUsuario,Ger\Filial\ContaCor2.DB,System.String,20,requer validacao funcional
autenticacao-permissao,ContaCor3,CodUsuario,Ger\Filial\ContaCor3.DB,System.String,20,requer validacao funcional
autenticacao-permissao,ContaCor4,CodUsuario,Ger\Filial\ContaCor4.DB,System.String,20,requer validacao funcional
autenticacao-permissao,ContaCor5,CodUsuario,Ger\Filial\ContaCor5.DB,System.String,20,requer validacao funcional
autenticacao-permissao,ContaCor6,CodUsuario,Ger\Filial\ContaCor6.DB,System.String,20,requer validacao funcional
autenticacao-permissao,ContaCor7,CodUsuario,Ger\Filial\ContaCor7.DB,System.String,20,requer validacao funcional
autenticacao-permissao,ContaCor8,CodUsuario,Ger\Filial\ContaCor8.DB,System.String,20,requer validacao funcional
autenticacao-permissao,ContaCor9,CodUsuario,Ger\Filial\ContaCor9.DB,System.String,20,requer validacao funcional
autenticacao-permissao,DupBoleto,CodUsuario,REC\FILIAL\DupBoleto.DB,System.String,20,requer validacao funcional
autenticacao-permissao,DupCorrCab,CodUsuario,REC\FILIAL\DupCorrCab.DB,System.String,20,requer validacao funcional
autenticacao-permissao,DupMotAlt,Usuario,REC\FILIAL\DupMotAlt.DB,System.String,20,requer validacao funcional
autenticacao-permissao,Duplicat,Usuario,REC\FILIAL\Duplicat.DB,System.String,20,requer validacao funcional
autenticacao-permissao,EncCaiLav,CodUsuario,Lav\FILIAL\EncCaiLav.DB,System.String,20,requer validacao funcional
autenticacao-permissao,EntLote,Usuario,Lav\FILIAL\EntLote.DB,System.String,20,requer validacao funcional
autenticacao-permissao,EntLote,UsuarioF,Lav\FILIAL\EntLote.DB,System.String,20,requer validacao funcional
autenticacao-permissao,FecCaixa,CodUsuario,Lav\FILIAL\FecCaixa.DB,System.String,20,requer validacao funcional
autenticacao-permissao,Filiais,Grupo1,Ger\Dados\Filiais.DB,System.String,2,requer validacao funcional
autenticacao-permissao,Filiais,Grupo2,Ger\Dados\Filiais.DB,System.String,2,requer validacao funcional
autenticacao-permissao,Filiais,Grupo3,Ger\Dados\Filiais.DB,System.String,2,requer validacao funcional
autenticacao-permissao,Filiais,Grupo4,Ger\Dados\Filiais.DB,System.String,2,requer validacao funcional
autenticacao-permissao,Filiais,Grupo5,Ger\Dados\Filiais.DB,System.String,2,requer validacao funcional
autenticacao-permissao,Filiais,Grupo6,Ger\Dados\Filiais.DB,System.String,2,requer validacao funcional
autenticacao-permissao,Filiais,Grupo7,Ger\Dados\Filiais.DB,System.String,2,requer validacao funcional
autenticacao-permissao,Filiais,Grupo8,Ger\Dados\Filiais.DB,System.String,2,requer validacao funcional
autenticacao-permissao,FunCliCan,CodUsuario,Ger\Dados\FunCliCan.DB,System.String,20,requer validacao funcional
autenticacao-permissao,FunCliCan,CodUsuario,PEC\DADOS\FunCliCan.DB,System.String,20,requer validacao funcional
autenticacao-permissao,FunCliRouM,CodUsuario,Ger\Dados\FunCliRouM.DB,System.String,20,requer validacao funcional
autenticacao-permissao,FunCliRouM,CodUsuario,PEC\DADOS\FunCliRouM.DB,System.String,20,requer validacao funcional
autenticacao-permissao,FunCliRouM,RetUsuario,Ger\Dados\FunCliRouM.DB,System.String,20,requer validacao funcional
autenticacao-permissao,FunCliRouM,RetUsuario,PEC\DADOS\FunCliRouM.DB,System.String,20,requer validacao funcional
autenticacao-permissao,FunCliRouP,CodUsuario,Ger\Dados\FunCliRouP.DB,System.String,20,requer validacao funcional
autenticacao-permissao,FunCliRouP,CodUsuario,PEC\DADOS\FunCliRouP.DB,System.String,20,requer validacao funcional
autenticacao-permissao,GruClientes,CorGrupo,Ger\Dados\GruClientes.DB,System.Int32,4,requer validacao funcional
autenticacao-permissao,GruClientes,CorGrupoF,Ger\Dados\GruClientes.DB,System.Int32,4,requer validacao funcional
autenticacao-permissao,GruClientes,DesGrupo,Ger\Dados\GruClientes.DB,System.String,60,requer validacao funcional
autenticacao-permissao,GruClientes,ObsGrupo,Ger\Dados\GruClientes.DB,System.String,100,requer validacao funcional
autenticacao-permissao,GruClientes2,CorGrupo,Ger\Dados\GruClientes2.DB,System.Int32,4,requer validacao funcional
autenticacao-permissao,GruClientes2,CorGrupoF,Ger\Dados\GruClientes2.DB,System.Int32,4,requer validacao funcional
autenticacao-permissao,GruClientes2,DesGrupo,Ger\Dados\GruClientes2.DB,System.String,60,requer validacao funcional
autenticacao-permissao,GruClientes2,ObsGrupo,Ger\Dados\GruClientes2.DB,System.String,100,requer validacao funcional
autenticacao-permissao,GruClientes3,CorGrupo,Ger\Dados\GruClientes3.DB,System.Int32,4,requer validacao funcional
autenticacao-permissao,GruClientes3,CorGrupoF,Ger\Dados\GruClientes3.DB,System.Int32,4,requer validacao funcional
autenticacao-permissao,GruClientes3,DesGrupo,Ger\Dados\GruClientes3.DB,System.String,60,requer validacao funcional
autenticacao-permissao,GruClientes3,ObsGrupo,Ger\Dados\GruClientes3.DB,System.String,100,requer validacao funcional
autenticacao-permissao,GruClientes4,CorGrupo,Ger\Dados\GruClientes4.DB,System.Int32,4,requer validacao funcional
autenticacao-permissao,GruClientes4,CorGrupoF,Ger\Dados\GruClientes4.DB,System.Int32,4,requer validacao funcional
autenticacao-permissao,GruClientes4,DesGrupo,Ger\Dados\GruClientes4.DB,System.String,60,requer validacao funcional
autenticacao-permissao,GruClientes4,ObsGrupo,Ger\Dados\GruClientes4.DB,System.String,100,requer validacao funcional
autenticacao-permissao,GruFor,Grupo,Ger\Dados\GruFor.DB,System.String,10,requer validacao funcional
autenticacao-permissao,GruFor2,Grupo,Ger\Dados\GruFor2.DB,System.String,10,requer validacao funcional
autenticacao-permissao,GruUsuarios,Cancelado,Ger\Dados\GruUsuarios.DB,System.String,2,requer validacao funcional
autenticacao-permissao,GruUsuarios,DatCan,Ger\Dados\GruUsuarios.DB,System.DateTime,8,requer validacao funcional
autenticacao-permissao,GruUsuarios,DesGruUsu,Ger\Dados\GruUsuarios.DB,System.String,40,requer validacao funcional
autenticacao-permissao,GruUsuarios,GruUsuario,Ger\Dados\GruUsuarios.DB,System.String,10,requer validacao funcional
autenticacao-permissao,GruUsuarios,MotivoCan,Ger\Dados\GruUsuarios.DB,System.String,200,requer validacao funcional
autenticacao-permissao,GruUsuarios,ObsGruUsu,Ger\Dados\GruUsuarios.DB,System.String,100,requer validacao funcional
autenticacao-permissao,Inis,GRUPO1,Estruturas\Inis.DB,System.String,34,requer validacao funcional
autenticacao-permissao,Inis,GRUPO2,Estruturas\Inis.DB,System.String,60,requer validacao funcional
autenticacao-permissao,InteresCan,CodUsuario,Ger\Dados\InteresCan.DB,System.String,20,requer validacao funcional
autenticacao-permissao,Interessad,CodUsuario,Ger\Dados\Interessad.DB,System.String,20,requer validacao funcional
autenticacao-permissao,Interessad,ResUsuario,Ger\Dados\Interessad.DB,System.String,20,requer validacao funcional
autenticacao-permissao,LogExpSat,CodUsuario,SAT\FILIAL\LogExpSat.DB,System.String,20,requer validacao funcional
autenticacao-permissao,LogExporta,CodUsuario,Lav\FILIAL\LogExporta.DB,System.String,20,requer validacao funcional
autenticacao-permissao,LogImpSat,CodUsuario,SAT\FILIAL\LogImpSat.DB,System.String,20,requer validacao funcional
autenticacao-permissao,LogSisPec,CodUsuario,PEC\FILIAL\LogSisPec.DB,System.String,20,requer validacao funcional
autenticacao-permissao,MovCab,CodUsuario,Lav\FILIAL\MovCab.DB,System.String,20,requer validacao funcional
autenticacao-permissao,MovControle,CodUsuario,Ger\Filial\MovControle.DB,System.String,20,requer validacao funcional
autenticacao-permissao,MovControle,CodUsuarioAnal,Ger\Filial\MovControle.DB,System.String,20,requer validacao funcional
autenticacao-permissao,MovControle,CodUsuarioConc,Ger\Filial\MovControle.DB,System.String,20,requer validacao funcional
autenticacao-permissao,MovControle,CodUsuarioConclu,Ger\Filial\MovControle.DB,System.String,20,requer validacao funcional
autenticacao-permissao,MovControle,CodUsuarioMel,Ger\Filial\MovControle.DB,System.String,20,requer validacao funcional
autenticacao-permissao,MovControle,CodUsuarioResp,Ger\Filial\MovControle.DB,System.String,20,requer validacao funcional
autenticacao-permissao,MovControle,UsuarioCan,Ger\Filial\MovControle.DB,System.String,20,requer validacao funcional
autenticacao-permissao,MovEst,CodUsuario,EST\FILIAL\MovEst.DB,System.String,20,requer validacao funcional
autenticacao-permissao,MovEst,CodUsuario,Importa\EST\FILIAL\MovEst.DB,System.String,20,requer validacao funcional
autenticacao-permissao,MovEstCan,CodUsuario,EST\FILIAL\MovEstCan.DB,System.String,20,requer validacao funcional
autenticacao-permissao,MovEstEnc,CodUsuario,EST\FILIAL\MovEstEnc.DB,System.String,20,requer validacao funcional
autenticacao-permissao,MovLocRol,CodUsuario,Lav\FILIAL\MovLocRol.DB,System.String,20,requer validacao funcional
autenticacao-permissao,MovPdv,CodUsuario,ESC\FILIAL\MovPdv.DB,System.String,20,requer validacao funcional
autenticacao-permissao,MovPdv,CodUsuario,Importa\ESC\FILIAL\MovPdv.DB,System.String,20,requer validacao funcional
autenticacao-permissao,MovRetirada,CodUsuario,Lav\FILIAL\MovRetirada.DB,System.String,10,requer validacao funcional
autenticacao-permissao,MovRoupa,CodUsuario,PEC\FILIAL\MovRoupa.DB,System.String,20,requer validacao funcional
autenticacao-permissao,MovRoupaConf,CodUsuario,PEC\FILIAL\MovRoupaConf.DB,System.String,20,requer validacao funcional
autenticacao-permissao,MovRoupaLot,CodUsuario,PEC\FILIAL\MovRoupaLot.DB,System.String,20,requer validacao funcional
autenticacao-permissao,MovRoupaLot,CodUsuarioFec,PEC\FILIAL\MovRoupaLot.DB,System.String,20,requer validacao funcional
autenticacao-permissao,MovSatAle,CodUsuario,SAT\FILIAL\MovSatAle.DB,System.String,20,requer validacao funcional
autenticacao-permissao,MovSatAle,UsuarioReu,SAT\FILIAL\MovSatAle.DB,System.String,20,requer validacao funcional
autenticacao-permissao,MovSatCli,CodUsuario,SAT\FILIAL\MovSatCli.DB,System.String,20,requer validacao funcional
autenticacao-permissao,MovSatCliOcor,CodUsuario,SAT\FILIAL\MovSatCliOcor.DB,System.String,20,requer validacao funcional
autenticacao-permissao,MovSatEmail,CodUsuario,SAT\FILIAL\MovSatEmail.DB,System.String,20,requer validacao funcional
autenticacao-permissao,MovSatFor,CodUsuario,SAT\FILIAL\MovSatFor.DB,System.String,20,requer validacao funcional
autenticacao-permissao,MovSatForOcor,CodUsuario,SAT\FILIAL\MovSatForOcor.DB,System.String,20,requer validacao funcional
autenticacao-permissao,MovSatInt,CodUsuario,SAT\FILIAL\MovSatInt.DB,System.String,20,requer validacao funcional
autenticacao-permissao,MovSatIntOcor,CodUsuario,SAT\FILIAL\MovSatIntOcor.DB,System.String,20,requer validacao funcional
autenticacao-permissao,MovTerc,CodUsuario,Lav\FILIAL\MovTerc.DB,System.String,10,requer validacao funcional
autenticacao-permissao,MovTriCab,CodUsuarioFec,TRI\FILIAL\MovTriCab.DB,System.String,20,requer validacao funcional
autenticacao-permissao,MovTriRolCab,CodUsuarioFec,TRI\FILIAL\MovTriRolCab.DB,System.String,20,requer validacao funcional
autenticacao-permissao,MovTriRolLot,CodUsuarioFec,TRI\FILIAL\MovTriRolLot.DB,System.String,20,requer validacao funcional
autenticacao-permissao,MovTriRolLot,Disponivel1,TRI\FILIAL\MovTriRolLot.DB,System.String,16,requer validacao funcional
autenticacao-permissao,MovTriRolLot,Disponivel2,TRI\FILIAL\MovTriRolLot.DB,System.String,20,requer validacao funcional
autenticacao-permissao,MovTriRolLot,Disponivel3,TRI\FILIAL\MovTriRolLot.DB,System.String,6,requer validacao funcional
autenticacao-permissao,NFeConf,Grupo,Estruturas\NFeConf.DB,System.String,20,requer validacao funcional
autenticacao-permissao,Nivel,CodFil,Ger\Dados\Nivel.DB,System.String,10,requer validacao funcional
autenticacao-permissao,Nivel,CodSistema,Ger\Dados\Nivel.DB,System.String,20,requer validacao funcional
autenticacao-permissao,Nivel,CodUsuario,Ger\Dados\Nivel.DB,System.String,20,requer validacao funcional
autenticacao-permissao,Nivel,DatCad,Ger\Dados\Nivel.DB,System.DateTime,8,requer validacao funcional
autenticacao-permissao,Nivel,HorCad,Ger\Dados\Nivel.DB,System.DateTime,8,requer validacao funcional
autenticacao-permissao,Nivel,NivelA,Ger\Dados\Nivel.DB,System.String,2,requer validacao funcional
autenticacao-permissao,Nivel,NivelE,Ger\Dados\Nivel.DB,System.String,2,requer validacao funcional
autenticacao-permissao,Nivel,NivelI,Ger\Dados\Nivel.DB,System.String,2,requer validacao funcional
autenticacao-permissao,Nivel,NivelT,Ger\Dados\Nivel.DB,System.String,2,requer validacao funcional
autenticacao-permissao,Nivel,Op,Ger\Dados\Nivel.DB,System.String,100,requer validacao funcional
autenticacao-permissao,Nivel,ResUsuario,Ger\Dados\Nivel.DB,System.String,20,requer validacao funcional
autenticacao-permissao,Nivel,Rotina,Ger\Dados\Nivel.DB,System.String,20,requer validacao funcional
autenticacao-permissao,Nivel,Tipo,Ger\Dados\Nivel.DB,System.String,6,requer validacao funcional
autenticacao-permissao,NotFisFin,CodUsuario,REC\FILIAL\NotFisFin.DB,System.String,20,requer validacao funcional
autenticacao-permissao,NotFisFinCan,CodUsuario,REC\FILIAL\NotFisFinCan.DB,System.String,20,requer validacao funcional
autenticacao-permissao,NotaSat,CodUsuario,SAT\FILIAL\NotaSat.DB,System.String,20,requer validacao funcional
autenticacao-permissao,NotaSatCanc,CodUsuario,SAT\FILIAL\NotaSatCanc.DB,System.String,20,requer validacao funcional
autenticacao-permissao,Notas,CodUsuario,Lav\FILIAL\Notas.DB,System.String,20,requer validacao funcional
autenticacao-permissao,NotasEsc,CodUsuario,ESC\FILIAL\NotasEsc.DB,System.String,20,requer validacao funcional
autenticacao-permissao,OrcCab,CodUsuario,Lav\FILIAL\OrcCab.DB,System.String,20,requer validacao funcional
autenticacao-permissao,PadLctoFin,CodUsuario,Ger\Dados\PadLctoFin.DB,System.String,20,requer validacao funcional
autenticacao-permissao,PadMenSat,CodUsuario,SAT\DADOS\PadMenSat.DB,System.String,20,requer validacao funcional
autenticacao-permissao,ParamGrupo,GrupoExibido,Estruturas\ParamGrupo.db,System.String,100,requer validacao funcional
autenticacao-permissao,ParamGrupo,Sistema,Estruturas\ParamGrupo.db,System.String,40,requer validacao funcional
autenticacao-permissao,ParamOpcao,Grupo,Estruturas\ParamOpcao.DB,System.String,40,requer validacao funcional
autenticacao-permissao,Parametros,Grupo,Estruturas\Parametros.DB,System.String,40,requer validacao funcional
autenticacao-permissao,Parametros,GrupoExibido,Estruturas\Parametros.DB,System.String,100,requer validacao funcional
autenticacao-permissao,PedCompraCanc,CodUsuario,EST\FILIAL\PedCompraCanc.DB,System.String,20,requer validacao funcional
autenticacao-permissao,PedVendaCanc,CodUsuario,EST\FILIAL\PedVendaCanc.DB,System.String,20,requer validacao funcional
autenticacao-permissao,Ponto,CodUsuario,Ger\Filial\Ponto.DB,System.String,20,requer validacao funcional
autenticacao-permissao,PontoEnc,CodUsuario,Ger\Filial\PontoEnc.DB,System.String,20,requer validacao funcional
autenticacao-permissao,Remessa,Usuario,REC\FILIAL\Remessa.DB,System.String,20,requer validacao funcional
autenticacao-permissao,Senhas,CodUsuario,Ger\Dados\Senhas.DB,System.String,20,requer validacao funcional
autenticacao-permissao,Senhas,OpcMenu,Ger\Dados\Senhas.DB,System.String,80,requer validacao funcional
autenticacao-permissao,Senhas,Sistema,Ger\Dados\Senhas.DB,System.String,8,requer validacao funcional
autenticacao-permissao,Sistemas,ControlaSenha,Estruturas\Sistemas.DB,System.String,2,requer validacao funcional
autenticacao-permissao,SolAltCli,UsuarioCli,SAT\FILIAL\SolAltCli.DB,System.String,20,requer validacao funcional
autenticacao-permissao,SolAltCliCan,CodUsuario,SAT\FILIAL\SolAltCliCan.DB,System.String,20,requer validacao funcional
autenticacao-permissao,SolAltSist,CodUsuario,SAT\FILIAL\SolAltSist.DB,System.String,20,requer validacao funcional
autenticacao-permissao,SolAltSist,Nivel,SAT\FILIAL\SolAltSist.DB,System.Int32,4,requer validacao funcional
autenticacao-permissao,SolAltSist,ResUsuario,SAT\FILIAL\SolAltSist.DB,System.String,20,requer validacao funcional
autenticacao-permissao,SolAltSistCan,CodUsuario,SAT\FILIAL\SolAltSistCan.DB,System.String,20,requer validacao funcional
autenticacao-permissao,SolAltSistTest,ResUsuario,SAT\FILIAL\SolAltSistTest.DB,System.String,20,requer validacao funcional
autenticacao-permissao,TabPreco,Senha,Lav\Dados\TabPreco.DB,System.String,10,requer validacao funcional
autenticacao-permissao,TimeSheet,CodUsuario,Ger\Filial\TimeSheet.DB,System.String,20,requer validacao funcional
autenticacao-permissao,Transp,Grupo,Ger\Dados\Transp.DB,System.String,10,requer validacao funcional
autenticacao-permissao,UsuaFil,CodUsuario,Ger\Dados\UsuaFil.DB,System.String,20,requer validacao funcional
autenticacao-permissao,UsuaGruInt,CodUsuario,Ger\Dados\UsuaGruInt.DB,System.String,20,requer validacao funcional
autenticacao-permissao,UsuaSis,CodUsuario,Ger\Dados\UsuaSis.DB,System.String,20,requer validacao funcional
autenticacao-permissao,Usuarios,Cancelado,Ger\Dados\Usuarios.DB,System.String,2,requer validacao funcional
autenticacao-permissao,Usuarios,CodSubC,Ger\Dados\Usuarios.DB,System.String,6,requer validacao funcional
autenticacao-permissao,Usuarios,CodUsuario,Ger\Dados\Usuarios.DB,System.String,20,requer validacao funcional
autenticacao-permissao,Usuarios,CopUsuario,Ger\Dados\Usuarios.DB,System.String,20,requer validacao funcional
autenticacao-permissao,Usuarios,DatCad,Ger\Dados\Usuarios.DB,System.DateTime,8,requer validacao funcional
autenticacao-permissao,Usuarios,DatCan,Ger\Dados\Usuarios.DB,System.DateTime,8,requer validacao funcional
autenticacao-permissao,Usuarios,GruUsuario,Ger\Dados\Usuarios.DB,System.String,10,requer validacao funcional
autenticacao-permissao,Usuarios,HorCan,Ger\Dados\Usuarios.DB,System.DateTime,8,requer validacao funcional
autenticacao-permissao,Usuarios,MotivoCan,Ger\Dados\Usuarios.DB,System.String,100,requer validacao funcional
autenticacao-permissao,Usuarios,NomUsuario,Ger\Dados\Usuarios.DB,System.String,60,requer validacao funcional
autenticacao-permissao,Usuarios,Senha,Ger\Dados\Usuarios.DB,System.String,10,requer validacao funcional
autenticacao-permissao,Usuarios,TipUsuario,Ger\Dados\Usuarios.DB,System.String,2,requer validacao funcional
autenticacao-permissao,Usuarios,UsuarioCan,Ger\Dados\Usuarios.DB,System.String,20,requer validacao funcional
autenticacao-permissao,Usuarios,email,Ger\Dados\Usuarios.DB,System.String,400,requer validacao funcional
hardware-binding,CadMaq,CodMaq,Ger\Filial\CadMaq.DB,System.String,10,requer validacao funcional
hardware-binding,ProcesMaq,CodMaq,Ger\Filial\ProcesMaq.DB,System.String,10,requer validacao funcional
hardware-binding,ProcesMaqComp,CodMaq,Ger\Filial\ProcesMaqComp.DB,System.String,10,requer validacao funcional
licenciamento,CadCart,Licenca,Ger\Dados\CadCart.DB,System.String,400,coluna candidata a regra de licenca/ativacao
licenciamento,CadLoc,Bloqueia,Lav\FILIAL\CadLoc.DB,System.String,2,coluna candidata a regra de licenca/ativacao
licenciamento,Inis,ATIVACAO,Estruturas\Inis.DB,System.String,78,coluna candidata a regra de licenca/ativacao
licenciamento,MovSatCliOcor,BloqVisual,SAT\FILIAL\MovSatCliOcor.DB,System.String,2,coluna candidata a regra de licenca/ativacao
licenciamento,MovSatForOcor,BloqVisual,SAT\FILIAL\MovSatForOcor.DB,System.String,2,coluna candidata a regra de licenca/ativacao
licenciamento,MovSatIntOcor,BloqVisual,SAT\FILIAL\MovSatIntOcor.DB,System.String,2,coluna candidata a regra de licenca/ativacao
licenciamento,NovoReg,NovoReg,Ger\Dados\NovoReg.DB,System.String,2,forte candidato a registro/licenciamento
licenciamento,NovoReg,NovoReg,Ger\Filial\NovoReg.DB,System.String,2,forte candidato a registro/licenciamento
licenciamento,NovoReg.BD,NovoReg,Ger\Dados\NovoReg.BD.DB,System.String,2,forte candidato a registro/licenciamento
licenciamento,NovoReg.db,NovoReg,Ger\Dados\NovoReg.db.DB,System.String,2,forte candidato a registro/licenciamento
licenciamento,NovoRegBD,NovoReg,Ger\Dados\NovoRegBD.DB,System.String,2,forte candidato a registro/licenciamento
licenciamento,Produt,BloqAltPre,Ger\Filial\Produt.DB,System.String,2,coluna candidata a regra de licenca/ativacao
sinal-relacionado,Backup,Chave,Ger\Dados\Backup.DB,System.String,30,requer validacao funcional
sinal-relacionado,Backup,NomeChave,Ger\Dados\Backup.DB,System.String,20,requer validacao funcional
sinal-relacionado,Bonus,Chave,Lav\FILIAL\Bonus.DB,System.String,40,requer validacao funcional
sinal-relacionado,CEP_LOG,CHAVE_LOG,CEP\DADOS\CEP_LOG.DB,System.String,16,requer validacao funcional
sinal-relacionado,CadFunEst,Chave,EST\DADOS\CadFunEst.DB,System.String,60,requer validacao funcional
sinal-relacionado,CamLavSoft,Chave,Estruturas\CamLavSoft.DB,System.String,2,requer validacao funcional
sinal-relacionado,Clientes,ControlaTab,Ger\Dados\Backup\Clientes.DB,System.Int32,4,requer validacao funcional
sinal-relacionado,Clientes,ControlaTab,Ger\Dados\Clientes.DB,System.Int32,4,requer validacao funcional
sinal-relacionado,Clientes-,ControlaTab,Ger\Dados\Clientes-.DB,System.Int32,4,requer validacao funcional
sinal-relacionado,DupBoleto,URLBoleto,REC\FILIAL\DupBoleto.DB,System.String,510,requer validacao funcional
sinal-relacionado,FunCli,Chave,Ger\Dados\FunCli.DB,System.String,20,requer validacao funcional
sinal-relacionado,FunCli,Chave,PEC\DADOS\FunCli.DB,System.String,20,requer validacao funcional
sinal-relacionado,GerDadCam,Chave1,Ger\Dados\GerDadCam.DB,System.String,40,requer validacao funcional
sinal-relacionado,Inis,CHAVE,Estruturas\Inis.DB,System.String,66,requer validacao funcional
sinal-relacionado,LogSisPec,Chave,PEC\FILIAL\LogSisPec.DB,System.String,30,requer validacao funcional
sinal-relacionado,LogSisPec,NomeChave,PEC\FILIAL\LogSisPec.DB,System.String,20,requer validacao funcional
sinal-relacionado,MigraNuvem,ChaveMigra,Estruturas\MigraNuvem.DB,System.String,40,requer validacao funcional
sinal-relacionado,Op_teste,CodChave,Estruturas\Op_teste.db,System.Int32,4,requer validacao funcional
sinal-relacionado,SatFilCam,Chave1,SAT\FILIAL\SatFilCam.DB,System.String,40,requer validacao funcional
